,namespace,grade,Porcentagem de visualização de relatórios de AA
0,acesso,em 3a serie,0.0
1,acesso,outro,0.0
2,acessoalmirantetamandare,ef 2o ano,0.28
3,acessoalmirantetamandare,ef 3o ano,0.36134453781512604
4,acessoalmirantetamandare,ef 4o ano,0.2
5,acessoalmirantetamandare,ef 5o ano,0.7485207100591716
6,acessoalmirantetamandare,ef 6o ano,0.5800711743772242
7,acessoalmirantetamandare,ef 7o ano,0.7088235294117647
8,acessoalmirantetamandare,ef 8o ano,0.7142857142857143
9,acessoalmirantetamandare,ef 9o ano,0.5064935064935064
10,acessoalmirantetamandare,em 1a serie,0.3784916201117318
11,acessoalmirantetamandare,em 2a serie,0.4741847826086957
12,acessoalmirantetamandare,em 3a serie,0.7083333333333334
13,acessoalmirantetamandare,outro,0.8
14,acessoboqueirao,ef 8o ano,0.5277190012695726
15,acessoboqueirao,ef 9o ano,0.39467148340483177
16,acessoboqueirao,em 1a serie,0.3482981833368135
17,acessoboqueirao,em 2a serie,0.31552323743281696
18,acessoboqueirao,em 3a serie,0.722397476340694
19,acessoboqueirao,outro,0.3416666666666667
20,acessocampolargo,ef 6o ano,0.7761904761904762
21,acessocampolargo,ef 7o ano,0.6196078431372549
22,acessocampolargo,ef 8o ano,0.6529605263157895
23,acessocampolargo,ef 9o ano,0.535673839184598
24,acessocampolargo,em 1a serie,0.41517857142857145
25,acessocampolargo,em 2a serie,0.48817567567567566
26,acessocampolargo,em 3a serie,0.625
27,acessocampolargo,outro,0.6571428571428571
28,acessocampolargokids,ef 2o ano,0.2375
29,acessocampolargokids,ef 3o ano,0.18181818181818182
30,acessocampolargokids,ef 4o ano,0.16666666666666666
31,acessocampolargokids,ef 5o ano,0.95
32,acessocampolargokids,outro,0.2
33,acessoemilianoperneta,em 2a serie,0.0
34,acessoemilianoperneta,em 3a serie,0.0
35,acessoemilianoperneta,outro,0.0
36,acessofazendariogrande,ef 2o ano,0.10714285714285714
37,acessofazendariogrande,ef 3o ano,0.34210526315789475
38,acessofazendariogrande,ef 4o ano,0.3482142857142857
39,acessofazendariogrande,ef 5o ano,0.6153846153846154
40,acessofazendariogrande,ef 6o ano,0.5529801324503312
41,acessofazendariogrande,ef 7o ano,0.531986531986532
42,acessofazendariogrande,ef 8o ano,0.5870445344129555
43,acessofazendariogrande,ef 9o ano,0.4677777777777778
44,acessofazendariogrande,em 1a serie,0.36846153846153845
45,acessofazendariogrande,em 2a serie,0.4031991174848318
46,acessofazendariogrande,em 3a serie,0.6090225563909775
47,acessofazendariogrande,outro,0.8095238095238095
48,acessohauer,ef 2o ano,0.26666666666666666
49,acessohauer,ef 3o ano,0.312
50,acessohauer,ef 4o ano,0.37142857142857144
51,acessohauer,ef 5o ano,0.6246819338422391
52,acessohauer,ef 6o ano,0.6996309963099631
53,acessohauer,ef 7o ano,0.6201067615658363
54,acessopinhais,em 1a serie,0.405420054200542
55,acessopinhais,em 2a serie,0.36464646464646466
56,acessopinhais,em 3a serie,0.7781954887218046
57,acessopinhais,outro,0.32653061224489793
58,acessosantafelicidade,ef 2o ano,0.275
59,acessosantafelicidade,ef 3o ano,0.21951219512195122
60,acessosantafelicidade,ef 4o ano,0.26666666666666666
61,acessosantafelicidade,ef 5o ano,0.6428571428571429
62,acessosantafelicidade,ef 6o ano,0.625
63,acessosantafelicidade,ef 7o ano,0.5368171021377672
64,acessosantafelicidade,ef 8o ano,0.6480293308890925
65,acessosantafelicidade,ef 9o ano,0.408983451536643
66,acessosantafelicidade,em 1a serie,0.3315018315018315
67,acessosantafelicidade,em 2a serie,0.33771486349848334
68,acessosantafelicidade,em 3a serie,0.7987012987012987
69,acessosantafelicidade,outro,0.39285714285714285
70,acessosjpinhais,ef 2o ano,0.09937888198757763
71,acessosjpinhais,ef 3o ano,0.3023255813953488
72,acessosjpinhais,ef 4o ano,0.2347266881028939
73,acessosjpinhais,ef 5o ano,0.44417862838915473
74,acessosjpinhais,ef 6o ano,0.5179738562091504
75,acessosjpinhais,ef 7o ano,0.46712586098935505
76,acessosjpinhais,ef 8o ano,0.479129923574368
77,acessosjpinhais,ef 9o ano,0.39719837324898327
78,acessosjpinhais,em 1a serie,0.3806881243063263
79,acessosjpinhais,em 2a serie,0.39969604863221886
80,acessosjpinhais,em 3a serie,0.6803571428571429
81,acessosjpinhais,outro,0.34523809523809523
82,adrianochan,outro,0.24882912826710984
83,aescobjetivo,ef 1o ano,0.5
84,aescobjetivo,ef 2o ano,0.5573770491803278
85,aescobjetivo,ef 3o ano,0.35
86,aescobjetivo,ef 4o ano,0.640625
87,aescobjetivo,ef 5o ano,0.4551282051282051
88,aescobjetivo,ef 6o ano,0.45622119815668205
89,aescobjetivo,ef 7o ano,0.573170731707317
90,aescobjetivo,ef 8o ano,0.5638440860215054
91,aescobjetivo,ef 9o ano,0.46944444444444444
92,aescobjetivo,em 1a serie,0.3415372964786066
93,aescobjetivo,em 2a serie,0.26952504691785767
94,aescobjetivo,em 3a serie,0.2729326705829191
95,albertsabin,em 1a serie,0.0
96,alfacembilingue,em 1a serie,0.0
97,alfeurosa,ef 3o ano,0.0
98,alfeurosa,ef 7o ano,0.0
99,alfeurosa,ef 9o ano,0.0
100,alfeurosa,em 1a serie,0.0
101,alfeurosa,em 2a serie,0.0
102,alfeurosa,em 3a serie,0.0
103,alpha,ef 3o ano,0.0
104,alpha,ef 7o ano,0.0
105,alpha,ef 9o ano,0.0
106,alpha,em 1a serie,0.0
107,alpha,em 2a serie,0.0
108,alpha,em 3a serie,0.0
109,amadeus,ef 2o ano,0.1324110671936759
110,amadeus,ef 3o ano,0.20436507936507936
111,amadeus,ef 4o ano,0.24458874458874458
112,amadeus,ef 5o ano,0.28254437869822485
113,amadeus,ef 6o ano,0.4315952503871967
114,amadeus,ef 7o ano,0.4666666666666667
115,amadeus,ef 8o ano,0.3118477593615715
116,amadeus,ef 9o ano,0.282863041982106
117,amadeus,em 1a serie,0.2179946284691137
118,amadeus,em 2a serie,0.31804176651831567
119,amadeus,em 3a serie,0.03076923076923077
120,amadeus,outro,0.0
121,amais,ef 2o ano,0.0
122,amais,ef 3o ano,0.0
123,amais,ef 9o ano,0.0
124,amais,em 1a serie,0.0
125,amais,em 2a serie,0.0
126,amais,outro,0.0
127,amaismaker,ef 2o ano,0.0
128,amaismaker,ef 5o ano,0.0
129,amaismaker,em 1a serie,0.0
130,amaismaker,em 2a serie,0.0
131,amaismaker,outro,0.0
132,amaisteste,ef 3o ano,0.0
133,amaisteste,ef 6o ano,0.16666666666666666
134,amaisteste,ef 9o ano,0.08
135,amaisteste,em 1a serie,0.0
136,amaisteste,em 3a serie,0.0
137,anchietaba,em 1a serie,0.0
138,anossaatmosfera,ef 3o ano,0.0
139,anossaatmosfera,ef 7o ano,0.0
140,anossaatmosfera,ef 9o ano,0.0
141,anossaatmosfera,em 1a serie,0.0
142,anossaatmosfera,em 2a serie,0.0
143,anossaatmosfera,em 3a serie,0.0
144,apogeubenfica,outro,0.0
145,apogeupousoalegre,outro,0.0
146,apogeustoantonio1,outro,0.0
147,apogeustoantonio2,ef 9o ano,0.5909090909090909
148,apogeustoantonio2,outro,0.40345268542199486
149,aprovest,outro,0.8588235294117647
150,arena,em 1a serie,0.0
151,atmo,em 1a serie,0.0
152,augustolaranja,em 1a serie,0.0
153,avaliacaoapogeu,ef 9o ano,0.0
154,avaliacaoapogeu,outro,0.0
155,bahema,em 1a serie,0.0
156,beityaacov,em 1a serie,0.0
157,beityaacov,em 3a serie,0.2777777777777778
158,benjaminconstant,ef 1o ano,0.0
159,benjaminconstant,em 1a serie,0.0
160,bertelsmann,ef 5o ano,0.0
161,bertelsmann,em 1a serie,0.0
162,blueschooleducacional,em 1a serie,0.0
163,boaviagem,ef 3o ano,0.0
164,boaviagem,ef 7o ano,0.0
165,boaviagem,ef 9o ano,0.0
166,boaviagem,em 1a serie,0.0
167,boaviagem,em 2a serie,0.0
168,boaviagem,em 3a serie,0.0
169,borapassar,ef 3o ano,0.0
170,borapassar,ef 7o ano,0.0
171,borapassar,ef 9o ano,0.0
172,borapassar,em 1a serie,0.0
173,borapassar,em 2a serie,0.0
174,borapassar,em 3a serie,0.0
175,bosquemananciais,em 1a serie,0.0
176,brasilcursinhos,outro,0.4059633027522936
177,camerinocursos,outro,0.08
178,capacitacaoinspira,outro,0.0
179,casdinhosjc,ef 8o ano,0.4603174603174603
180,casdinhosjc,ef 9o ano,0.4851116625310174
181,casdvest,ef 8o ano,0.0
182,casdvest,outro,0.07197268190175991
183,catamaravita,ef 3o ano,0.0
184,catamaravita,ef 7o ano,0.0
185,catamaravita,ef 9o ano,0.0
186,catamaravita,em 1a serie,0.0
187,catamaravita,em 2a serie,0.0
188,catamaravita,em 3a serie,0.0
189,catarinense,ef 1o ano,0.0
190,catarinense,em 1a serie,0.0
191,cats,outro,0.4393939393939394
192,caur,ef 9o ano,0.0
193,caur,em 2a serie,0.0
194,caur,outro,0.0
195,cav,em 1a serie,0.0
196,cbpdigital,ef 2o ano,0.6175
197,cbpdigital,ef 3o ano,0.7864583333333334
198,cbpdigital,ef 4o ano,0.7763713080168776
199,cbpdigital,ef 5o ano,0.7821969696969697
200,cbpdigital,ef 6o ano,0.741042345276873
201,cbpdigital,ef 7o ano,0.7359550561797753
202,cbpdigital,ef 8o ano,0.4891304347826087
203,cbpdigital,ef 9o ano,0.5169971671388102
204,ceabb,ef 3o ano,0.020833333333333332
205,ceabb,ef 4o ano,0.4
206,ceabb,ef 5o ano,0.18181818181818182
207,ceabb,ef 6o ano,0.13216957605985039
208,ceabb,ef 7o ano,0.18382352941176472
209,ceabb,ef 8o ano,0.031746031746031744
210,ceabb,ef 9o ano,0.0875
211,cecbdf,em 1a serie,0.0
212,cecbdf,em 3a serie,0.0
213,ceespacolivre,ef 3o ano,0.0
214,ceespacolivre,ef 5o ano,1.0
215,ceespacolivre,ef 6o ano,0.7228464419475655
216,ceespacolivre,ef 7o ano,0.7323943661971831
217,ceespacolivre,ef 8o ano,0.748587570621469
218,ceespacolivre,ef 9o ano,0.4986072423398329
219,ceespacolivre,em 1a serie,0.3815789473684211
220,ceespacolivre,em 2a serie,0.5620689655172414
221,ceespacolivre,em 3a serie,0.0
222,cem,ef 2o ano,0.6324786324786325
223,cem,ef 3o ano,0.65625
224,cem,ef 4o ano,0.7916666666666666
225,cem,ef 5o ano,0.7719298245614035
226,cem,ef 6o ano,0.7417840375586855
227,cem,ef 7o ano,0.8881578947368421
228,cem,ef 8o ano,0.9333333333333333
229,cem,ef 9o ano,0.8448753462603878
230,cem,em 1a serie,0.7658862876254181
231,cem,em 2a serie,0.8452380952380952
232,cem,em 3a serie,0.6411483253588517
233,ceprimeiromundo,ef 1o ano,0.0
234,ceprimeiromundo,ef 2o ano,0.0
235,ceprimeiromundo,ef 3o ano,0.24390243902439024
236,ceprimeiromundo,ef 4o ano,0.4796747967479675
237,ceprimeiromundo,ef 5o ano,0.3333333333333333
238,ceprimeiromundo,ef 6o ano,0.13902439024390245
239,ceprimeiromundo,ef 7o ano,0.1730612244897959
240,ceprimeiromundo,ef 8o ano,0.1846986089644513
241,ceprimeiromundo,ef 9o ano,0.20433639947437582
242,ceprimeiromundo,em 1a serie,0.1519134132199459
243,ceprimeiromundo,em 2a serie,0.11006637168141593
244,ceprimeiromundo,em 3a serie,0.45714285714285713
245,ceprimeiromundo,outro,0.0
246,cepseguro,em 1a serie,0.0
247,cfc,ef 1o ano,0.0
248,cfc,em 1a serie,0.0
249,cfimaculadaconceicao,em 2a serie,0.0
250,charlesdarwin,em 1a serie,0.0
251,ciadosaber,ef 2o ano,0.1927710843373494
252,ciadosaber,ef 3o ano,0.02459016393442623
253,ciadosaber,ef 4o ano,0.3924731182795699
254,ciadosaber,ef 5o ano,0.42063492063492064
255,ciadosaber,ef 6o ano,0.5423728813559322
256,ciadosaber,ef 7o ano,0.5394736842105263
257,ciadosaber,ef 8o ano,0.7758620689655172
258,ciadosaber,ef 9o ano,0.4678362573099415
259,classea,em 1a serie,0.0
260,cmdpii,em 1a serie,0.0
261,cmdpii,em 2a serie,0.0
262,cnslpb,ef 6o ano,0.444794952681388
263,cnslpb,ef 7o ano,0.4925373134328358
264,cnslpb,ef 8o ano,0.5669642857142857
265,cnslpb,ef 9o ano,0.3285939968404423
266,cnslpb,em 1a serie,0.3219858156028369
267,cnslpb,em 2a serie,0.16778523489932887
268,cnslpb,em 3a serie,0.14862138533960995
269,cognita,em 1a serie,0.0
270,cognitivo,em 1a serie,0.0
271,colegioalbertsabin,em 1a serie,0.0
272,colegioalphaunis,ef 6o ano,0.793859649122807
273,colegioalphaunis,ef 7o ano,0.7040816326530612
274,colegioalphaunis,ef 8o ano,0.8846153846153846
275,colegioalphaunis,ef 9o ano,0.8760233918128655
276,colegioalphaunis,em 1a serie,0.15333333333333332
277,colegioalphaunis,em 2a serie,0.09885057471264368
278,colegioalphaunis,em 3a serie,0.11486486486486487
279,colegioanchietai,em 1a serie,0.0
280,colegioanchietai,em 2a serie,0.0
281,colegioanchietai,em 3a serie,0.0
282,colegioanchietaii,em 1a serie,0.0
283,colegioanchietaii,em 2a serie,0.0
284,colegioanchietaii,em 3a serie,0.0
285,colegioarena,ef 6o ano,0.0
286,colegioarena,em 1a serie,0.5152173913043478
287,colegioarena,em 2a serie,0.43413078149920253
288,colegioarena,em 3a serie,0.20816798941798942
289,colegioarena,outro,0.14893617021276595
290,colegiobatistaindependente,ef 5o ano,0.4805194805194805
291,colegiobatistaindependente,ef 6o ano,0.718816067653277
292,colegiobatistaindependente,ef 7o ano,0.7407407407407407
293,colegiobatistaindependente,ef 8o ano,0.6742209631728046
294,colegiobatistaindependente,ef 9o ano,0.708904109589041
295,colegiobatistaindependente,em 1a serie,0.7061068702290076
296,colegiobatistaindependente,em 2a serie,0.5913461538461539
297,colegiobatistaindependente,em 3a serie,0.5908045977011495
298,colegiobatistaindependente,outro,0.75
299,colegiobetelbrasileirosp,ef 1o ano,0.8888888888888888
300,colegiobetelbrasileirosp,ef 6o ano,0.7962529274004684
301,colegiobetelbrasileirosp,ef 7o ano,0.7335640138408305
302,colegiobetelbrasileirosp,ef 8o ano,0.7667638483965015
303,colegiobetelbrasileirosp,ef 9o ano,0.7703081232492998
304,colegiobetelbrasileirosp,em 1a serie,0.7758620689655172
305,colegiobetelbrasileirosp,em 2a serie,0.75
306,colegiobetelbrasileirosp,em 3a serie,0.6767676767676768
307,colegiobianguloiv,em 1a serie,0.0
308,colegiobianguloiv,em 2a serie,0.0
309,colegiobianguloiv,em 3a serie,0.0
310,colegiobilac,ef 1o ano,0.05555555555555555
311,colegiobilac,ef 2o ano,0.05092592592592592
312,colegiobilac,ef 3o ano,0.10504201680672269
313,colegiobilac,ef 4o ano,0.08791208791208792
314,colegiobilac,ef 5o ano,0.0803921568627451
315,colegiobilac,ef 6o ano,0.48329621380846327
316,colegiobilac,ef 7o ano,0.23404255319148937
317,colegiobilac,ef 8o ano,0.42993197278911566
318,colegiobilac,ef 9o ano,0.365702479338843
319,colegiobrasilia,ef 2o ano,0.30484848484848487
320,colegiobrasilia,ef 3o ano,0.24832663989290496
321,colegiobrasilia,ef 4o ano,0.42225998300764656
322,colegiobrasilia,ef 5o ano,0.5122435473196558
323,colegiobrasilia,ef 6o ano,0.40907638223074466
324,colegiobrasilia,ef 7o ano,0.43571861734384476
325,colegiobrasilia,ef 8o ano,0.48416845988318474
326,colegiobrasilia,ef 9o ano,0.3623488773747841
327,colegiobrasilia,em 1a serie,0.3658435360033202
328,colegiobrasilia,em 2a serie,0.36925858951175405
329,colegiobrasilia,em 3a serie,0.3726190476190476
330,colegiobrasilia,outro,0.0
331,colegiocb,ef 3o ano,0.6130434782608696
332,colegiocb,ef 4o ano,0.19491525423728814
333,colegiocb,ef 5o ano,0.17261904761904762
334,colegiocb,ef 6o ano,0.7755331088664422
335,colegiocb,ef 7o ano,0.6633663366336634
336,colegiocb,ef 8o ano,0.741304347826087
337,colegiocb,ef 9o ano,0.7429577464788732
338,colegiocb,em 1a serie,0.5533498759305211
339,colegiocb,em 2a serie,0.6292906178489702
340,colegiocb,em 3a serie,0.5433526011560693
341,colegiocognos,em 1a serie,0.0
342,colegiodasamericas,ef 3o ano,0.6666666666666666
343,colegiodasamericas,ef 4o ano,0.8181818181818182
344,colegiodasamericas,ef 6o ano,0.9342560553633218
345,colegiodasamericas,ef 7o ano,0.946236559139785
346,colegiodasamericas,ef 8o ano,0.848297213622291
347,colegiodasamericas,ef 9o ano,0.8574938574938575
348,colegiodasamericas,em 1a serie,0.8076109936575053
349,colegiodasamericas,em 2a serie,0.7865612648221344
350,colegiodasamericas,em 3a serie,0.7995735607675906
351,colegiodasamericas,outro,0.8678571428571429
352,colegiodelta,ef 6o ano,0.0
353,colegiodosjesuitas,em 1a serie,0.0
354,colegioeag,ef 1o ano,0.7046979865771812
355,colegioeag,ef 3o ano,0.35714285714285715
356,colegioeag,ef 4o ano,0.5714285714285714
357,colegioeag,ef 5o ano,0.4431818181818182
358,colegioeag,outro,0.0
359,colegioeccos,em 1a serie,0.0
360,colegioecursodesafio,ef 1o ano,0.09126984126984126
361,colegioecursodesafio,ef 2o ano,0.15503875968992248
362,colegioecursodesafio,ef 3o ano,0.44936708860759494
363,colegioecursodesafio,ef 4o ano,0.35064935064935066
364,colegioecursodesafio,ef 5o ano,0.34331337325349304
365,colegioecursodesafio,ef 6o ano,0.3814207650273224
366,colegioecursodesafio,ef 7o ano,0.413516609392898
367,colegioecursodesafio,ef 8o ano,0.4020979020979021
368,colegioecursodesafio,ef 9o ano,0.3686440677966102
369,colegioecursodesafio,em 1a serie,0.15262515262515264
370,colegioecursodesafio,em 2a serie,0.13544303797468354
371,colegioecursodesafio,em 3a serie,0.0888671875
372,colegioecursoprogressao,ef 1o ano,0.0
373,colegioecursoprogressao,ef 6o ano,0.814404432132964
374,colegioecursoprogressao,ef 7o ano,0.8451776649746193
375,colegioecursoprogressao,ef 8o ano,0.8278443113772455
376,colegioecursoprogressao,ef 9o ano,0.7951219512195122
377,colegioecursoprogressao,em 1a serie,0.6979267116682739
378,colegioecursoprogressao,em 2a serie,0.5266085387853278
379,colegioecursoprogressao,em 3a serie,0.5007796257796258
380,colegioeducallis,ef 2o ano,0.3888888888888889
381,colegioeducallis,ef 3o ano,0.25925925925925924
382,colegioeducallis,ef 4o ano,0.39147286821705424
383,colegioeducallis,ef 5o ano,0.4351851851851852
384,colegioeducallis,ef 6o ano,0.33579335793357934
385,colegioeducallis,ef 7o ano,0.38543689320388347
386,colegioeducallis,ef 8o ano,0.4078014184397163
387,colegioeducallis,ef 9o ano,0.4565677966101695
388,colegioeducallis,em 1a serie,0.6471354166666666
389,colegioeducallis,em 2a serie,0.5614814814814815
390,colegioeducallis,em 3a serie,0.6521739130434783
391,colegioensitec,ef 2o ano,0.5444444444444444
392,colegioensitec,ef 3o ano,0.3525641025641026
393,colegioensitec,ef 4o ano,0.5384615384615384
394,colegioensitec,ef 5o ano,0.7678571428571429
395,colegioensitec,ef 6o ano,0.6233333333333333
396,colegioensitec,ef 7o ano,0.6252158894645942
397,colegioensitec,ef 8o ano,0.6387755102040816
398,colegioensitec,ef 9o ano,0.6604166666666667
399,colegioensitec,em 1a serie,0.6613545816733067
400,colegioensitec,em 2a serie,0.5128676470588235
401,colegioensitec,em 3a serie,0.6382978723404256
402,colegioexatus,em 1a serie,0.0
403,colegioflamingo,ef 3o ano,0.0
404,colegioflamingo,ef 7o ano,0.0
405,colegioflamingo,ef 9o ano,0.0
406,colegioflamingo,em 1a serie,0.4701086956521739
407,colegioflamingo,em 2a serie,0.575197889182058
408,colegioflamingo,em 3a serie,0.3886075949367089
409,colegiofuturageracao,ef 2o ano,0.5
410,colegiofuturageracao,ef 3o ano,0.1388888888888889
411,colegiofuturageracao,ef 4o ano,0.9583333333333334
412,colegiofuturageracao,ef 5o ano,1.0
413,colegiofuturageracao,ef 6o ano,0.8162393162393162
414,colegiofuturageracao,ef 7o ano,0.7647058823529411
415,colegiofuturageracao,ef 8o ano,0.5634920634920635
416,colegiofuturageracao,ef 9o ano,0.8
417,colegioglobal,ef 2o ano,0.5343915343915344
418,colegioglobal,ef 3o ano,0.49049429657794674
419,colegioglobal,ef 4o ano,0.6826923076923077
420,colegioglobal,ef 5o ano,0.8358778625954199
421,colegioglobal,ef 6o ano,0.8515151515151516
422,colegioglobal,ef 7o ano,0.9824561403508771
423,colegioglobal,ef 8o ano,0.9618055555555556
424,colegioglobal,ef 9o ano,0.9113149847094801
425,colegioglobal,em 1a serie,0.7993827160493827
426,colegioglobal,em 2a serie,0.7211538461538461
427,colegioglobal,em 3a serie,0.5303571428571429
428,colegioguilhermedealmeida,ef 6o ano,0.605
429,colegioguilhermedealmeida,ef 7o ano,0.5915119363395226
430,colegioguilhermedealmeida,ef 8o ano,0.4026548672566372
431,colegioguilhermedealmeida,ef 9o ano,0.3333333333333333
432,colegioguilhermedealmeida,em 1a serie,0.5283018867924528
433,colegioguilhermedealmeida,em 2a serie,0.4224137931034483
434,colegioguilhermedealmeida,em 3a serie,0.09433962264150944
435,colegioiguatemy,ef 3o ano,0.284
436,colegioiguatemy,ef 4o ano,0.6060606060606061
437,colegioiguatemy,ef 5o ano,0.5674603174603174
438,colegioiguatemy,ef 6o ano,0.6553191489361702
439,colegioiguatemy,ef 7o ano,0.553156146179402
440,colegioiguatemy,ef 8o ano,0.7126436781609196
441,colegioiguatemy,ef 9o ano,0.6181318681318682
442,colegioiguatemy,em 1a serie,0.1891156462585034
443,colegioiguatemy,em 2a serie,0.30601092896174864
444,colegioiguatemy,em 3a serie,0.23295454545454544
445,colegiointegral,ef 2o ano,0.7604938271604939
446,colegiointegral,ef 3o ano,0.812962962962963
447,colegiointegral,ef 4o ano,0.8387096774193549
448,colegiointegral,ef 5o ano,0.8695652173913043
449,colegiointegral,ef 6o ano,0.8781594296824368
450,colegiointegral,ef 7o ano,0.8833116036505867
451,colegiointegral,ef 8o ano,0.9134396355353075
452,colegiointegral,ef 9o ano,0.8207008964955175
453,colegiointegral,em 1a serie,0.6146209386281588
454,colegiointegral,em 2a serie,0.5540540540540541
455,colegiointegral,em 3a serie,0.5344215755855216
456,colegiointegral,outro,0.8327205882352942
457,colegioitamarati,em 2a serie,0.0
458,colegioitamarati,outro,0.0
459,colegiojoaopaulo,ef 4o ano,0.26822157434402333
460,colegiojoaopaulo,ef 5o ano,0.3466666666666667
461,colegiojoaopaulo,ef 6o ano,0.3074074074074074
462,colegiojoaopaulo,ef 7o ano,0.428958051420839
463,colegiojoaopaulo,ef 8o ano,0.42592592592592593
464,colegiojoaopaulo,ef 9o ano,0.3822975517890772
465,colegiojoaopaulo,em 1a serie,0.6170575692963752
466,colegiojoaopaulo,em 2a serie,0.529275092936803
467,colegiojoaopaulo,em 3a serie,0.47875647668393784
468,colegioliceu,em 1a serie,0.12195121951219512
469,colegioliceu,em 2a serie,0.0
470,colegioliceu,em 3a serie,0.056910569105691054
471,colegiomagnum,em 1a serie,0.07094594594594594
472,colegiomagnum,em 2a serie,0.11202185792349727
473,colegiomagnum,em 3a serie,0.638733705772812
474,colegiomarilia,em 2a serie,0.0
475,colegiomarilia,outro,0.0
476,colegiomartinus,em 1a serie,0.0
477,colegiomodelo,em 1a serie,0.0
478,colegiomundial,ef 6o ano,0.48148148148148145
479,colegiomundial,ef 9o ano,0.4
480,colegiomundial,em 1a serie,0.2903225806451613
481,colegiomundial,em 2a serie,0.391304347826087
482,colegiomundial,em 3a serie,0.2608695652173913
483,colegionobre,ef 6o ano,0.0
484,colegionobre,em 1a serie,0.0
485,colegionovageracao,ef 2o ano,0.038461538461538464
486,colegionovageracao,ef 3o ano,0.05
487,colegionovageracao,ef 4o ano,0.3
488,colegionovageracao,ef 5o ano,0.4583333333333333
489,colegiopadreeustaquio,em 1a serie,0.0
490,colegiopassionista,ef 3o ano,0.0
491,colegiopassionista,ef 7o ano,0.0
492,colegiopassionista,ef 9o ano,0.0
493,colegiopassionista,em 1a serie,0.0
494,colegiopassionista,em 2a serie,0.0
495,colegiopassionista,em 3a serie,0.0
496,colegiopioxii,ef 6o ano,0.0
497,colegioplanck,ef 6o ano,0.6361161524500908
498,colegioplanck,ef 7o ano,0.6165113182423435
499,colegioplanck,ef 8o ano,0.5654676258992806
500,colegioplanck,ef 9o ano,0.725925925925926
501,colegioplanck,em 1a serie,0.4932330827067669
502,colegioplanck,em 2a serie,0.6092362344582594
503,colegioplanck,em 3a serie,0.3047858942065491
504,colegioplanck,outro,0.1
505,colegiopremium,ef 1o ano,0.1978021978021978
506,colegiopremium,ef 2o ano,0.0
507,colegiopremium,ef 3o ano,0.08928571428571429
508,colegiopremium,ef 4o ano,0.2638888888888889
509,colegiopremium,ef 5o ano,0.43125
510,colegiopremium,ef 6o ano,0.5952380952380952
511,colegiopremium,ef 7o ano,0.5
512,colegiopremium,ef 8o ano,0.5280898876404494
513,colegiopremium,ef 9o ano,0.6987951807228916
514,colegiopremium,em 1a serie,0.6875
515,colegiopremium,em 2a serie,0.640625
516,colegiopremium,em 3a serie,0.5555555555555556
517,colegioprogresso,em 1a serie,0.0
518,colegioradar,em 1a serie,0.0
519,colegioriobranco,em 1a serie,0.0
520,colegiosaberviver,em 1a serie,0.0
521,colegiosalesianorn,em 1a serie,0.0
522,colegiosantadoroteia,em 1a serie,0.0
523,colegiosantamaria,em 1a serie,0.0
524,colegiosaojudas,em 1a serie,0.0
525,colegiosaoluis,ef 1o ano,0.0
526,colegiosaoluis,em 1a serie,0.0
527,colegioser,ef 6o ano,0.0
528,colegioser,outro,0.0
529,colegiosete,ef 1o ano,0.463768115942029
530,colegiosete,ef 2o ano,0.6299435028248588
531,colegiosete,ef 3o ano,0.4288537549407115
532,colegiosete,ef 4o ano,0.6077844311377245
533,colegiosete,ef 5o ano,0.5397286821705426
534,colegiosete,ef 6o ano,0.3883346124328473
535,colegiosete,ef 7o ano,0.38095238095238093
536,colegiosete,ef 8o ano,0.3745173745173745
537,colegiosete,ef 9o ano,0.35044642857142855
538,colegiosete,em 1a serie,0.411945542380325
539,colegiosete,em 2a serie,0.38449429358520265
540,colegiosete,em 3a serie,0.3059360730593607
541,colegiouirapuru,ef 3o ano,0.15371621621621623
542,colegiouirapuru,ef 4o ano,0.21688311688311687
543,colegiouirapuru,ef 5o ano,0.3885135135135135
544,colegiouirapuru,ef 6o ano,0.40061791967044286
545,colegiouirapuru,ef 7o ano,0.3538647342995169
546,colegiouirapuru,ef 8o ano,0.3071324599708879
547,colegiouirapuru,ef 9o ano,0.29896907216494845
548,colegiouirapuru,em 1a serie,0.28688524590163933
549,colegiouirapuru,em 2a serie,0.1888111888111888
550,colegiouirapuru,em 3a serie,0.23822714681440443
551,colegiounidadejardim,ef 5o ano,0.0
552,colegiounidadejardim,ef 6o ano,0.0
553,colegiounidadejardim,ef 7o ano,0.0
554,colegiounidadejardim,ef 8o ano,0.0
555,colegiounidadejardim,em 1a serie,0.0
556,colegiounidadejardim,em 2a serie,0.0
557,colegiounidadejardim,em 3a serie,0.0
558,colegiouniverso,ef 6o ano,0.8628571428571429
559,colegiouniverso,ef 7o ano,0.8902439024390244
560,colegiouniverso,ef 8o ano,0.8275862068965517
561,colegiouniverso,ef 9o ano,0.9142857142857143
562,colegiouniverso,em 1a serie,0.4552083333333333
563,colegiouniverso,em 2a serie,0.4662480376766091
564,colegiouniverso,em 3a serie,0.41973684210526313
565,colegiouniverso,outro,0.11864406779661017
566,colegioup,ef 6o ano,0.5462555066079295
567,colegioup,ef 7o ano,0.47
568,colegioup,ef 8o ano,0.5573770491803278
569,colegioup,ef 9o ano,0.46734130634774607
570,colegioup,em 1a serie,0.4008207934336525
571,colegioup,em 2a serie,0.42702918832467013
572,colegioup,em 3a serie,0.30812854442344045
573,coleguium,em 1a serie,0.0
574,colsantamaria,em 1a serie,0.0
575,conexaosaber,ef 1o ano,0.043327556325823226
576,conexaosaber,ef 2o ano,0.01956521739130435
577,conexaosaber,ef 3o ano,0.035493827160493825
578,conexaosaber,ef 4o ano,0.15
579,conexaosaber,ef 5o ano,0.0
580,conexaosaber,ef 6o ano,0.33114754098360655
581,conexaosaber,ef 7o ano,0.226890756302521
582,conexaosaber,ef 8o ano,0.30196078431372547
583,conexaosaber,ef 9o ano,0.17063492063492064
584,conib,em 1a serie,0.0
585,contemporaneo,em 3a serie,0.0
586,contemporaneocidadeverde,ef 3o ano,0.0
587,contemporaneocidadeverde,ef 5o ano,0.0
588,contemporaneocidadeverde,ef 6o ano,0.5416666666666666
589,contemporaneocidadeverde,ef 7o ano,0.4711864406779661
590,contemporaneocidadeverde,ef 8o ano,0.5547866205305652
591,contemporaneocidadeverde,ef 9o ano,0.5241796200345423
592,contemporaneocidadeverde,em 1a serie,0.5817610062893082
593,contemporaneocidadeverde,em 2a serie,0.49292452830188677
594,contemporaneocidadeverde,em 3a serie,0.5394021739130435
595,contemporaneolagoanova,ef 6o ano,0.7646103896103896
596,contemporaneolagoanova,ef 7o ano,0.805
597,contemporaneolagoanova,ef 8o ano,0.8596491228070176
598,contemporaneolagoanova,ef 9o ano,0.6840490797546013
599,contemporaneolagoanova,em 1a serie,0.6055727554179566
600,contemporaneolagoanova,em 2a serie,0.44632400780741704
601,contemporaneolagoanova,em 3a serie,0.6013745704467354
602,cparaiso,em 1a serie,0.0
603,crb,ef 6o ano,0.330188679245283
604,crb,ef 7o ano,0.3441722972972973
605,crb,ef 8o ano,0.3375766148043376
606,crb,ef 9o ano,0.3073887305415479
607,crb,em 1a serie,0.2821692686935086
608,crb,em 2a serie,0.29522365428354813
609,crb,em 3a serie,0.12567164179104479
610,crb,outro,0.673992673992674
611,crescercampinas,ef 6o ano,0.5111512959614225
612,crescercampinas,ef 7o ano,0.5724465558194775
613,crescercampinas,ef 8o ano,0.7654986522911051
614,crescercampinas,ef 9o ano,0.5939771547248183
615,crescercampinas,em 1a serie,0.4731782945736434
616,crescercampinas,em 2a serie,0.1958288190682557
617,crescercampinas,em 3a serie,0.26292517006802724
618,cruzeiro,em 1a serie,0.0
619,culturainglesa,ef 6o ano,0.0
620,cursoenfase,em 3a serie,0.0
621,cursoenfase,outro,0.2402135231316726
622,cursoisfera,outro,0.36764705882352944
623,cursoleopoldo,em 3a serie,0.24838709677419354
624,cursoleopoldo,outro,0.25728155339805825
625,cursoprogressao,ef 6o ano,0.0
626,cursosazambuja,outro,0.5983086680761099
627,dante,em 1a serie,0.0
628,dante,em 3a serie,0.0
629,dantealighieri,em 1a serie,0.0
630,darwin,em 1a serie,0.0
631,darwin,em 2a serie,0.0
632,darwin,outro,0.0
633,delta,ef 6o ano,0.0
634,deltaeducacional,em 1a serie,0.4218533886583679
635,deltaeducacional,em 2a serie,0.359375
636,deltaeducacional,em 3a serie,0.06
637,demo,em 1a serie,0.0
638,dionysia,ef 3o ano,0.0
639,dionysia,ef 7o ano,0.0
640,dionysia,ef 9o ano,0.0
641,dionysia,em 1a serie,0.0
642,dionysia,em 2a serie,0.0
643,dionysia,em 3a serie,0.0
644,dokimos,ef 3o ano,0.0
645,dokimos,ef 7o ano,0.0
646,dokimos,ef 9o ano,0.0
647,dokimos,em 1a serie,0.0
648,dokimos,em 2a serie,0.0
649,dokimos,em 3a serie,0.0
650,dombosco,ef 3o ano,0.0
651,dombosco,ef 7o ano,0.0
652,dombosco,ef 9o ano,0.0
653,dombosco,em 1a serie,0.0
654,dombosco,em 2a serie,0.0
655,dombosco,em 3a serie,0.0
656,dominius,ef 2o ano,0.0
657,dominius,ef 3o ano,0.0
658,dominius,ef 4o ano,0.0
659,dominius,ef 5o ano,0.0
660,dominius,ef 6o ano,0.0
661,dominius,ef 7o ano,0.0
662,dominius,ef 8o ano,0.0
663,dominius,ef 9o ano,0.0
664,dominius,em 1a serie,0.0
665,dominius,em 2a serie,0.0
666,dominius,em 3a serie,0.0
667,dommga,em 3a serie,0.5460526315789473
668,domus,em 1a serie,0.09523809523809523
669,domus,em 2a serie,0.5777777777777777
670,domus,em 3a serie,0.6
671,eacorcovado,ef 5o ano,0.3763440860215054
672,eacorcovado,ef 6o ano,0.0
673,eacorcovado,ef 8o ano,0.3333333333333333
674,eacorcovado,ef 9o ano,0.4657534246575342
675,eacorcovado,em 1a serie,0.4755244755244755
676,eacorcovado,em 2a serie,0.47280334728033474
677,eacorcovado,em 3a serie,0.4897959183673469
678,eccos,ef 3o ano,0.6111111111111112
679,eccos,ef 4o ano,0.8333333333333334
680,eccos,ef 5o ano,0.8608695652173913
681,eccos,ef 6o ano,0.8888888888888888
682,eccos,ef 7o ano,0.7804878048780488
683,eccos,ef 8o ano,0.6779661016949152
684,eccos,ef 9o ano,0.7738853503184714
685,eccos,em 1a serie,0.0
686,eccos,em 2a serie,0.0
687,eccos,em 3a serie,0.0
688,educamais,ef 6o ano,0.0
689,educamais,ef 8o ano,0.0
690,educandarioterciocorreia,ef 3o ano,0.24242424242424243
691,educandarioterciocorreia,ef 4o ano,0.2692307692307692
692,educandarioterciocorreia,ef 5o ano,0.0
693,educandarioterciocorreia,ef 6o ano,0.46296296296296297
694,educandarioterciocorreia,ef 7o ano,0.4722222222222222
695,educandarioterciocorreia,ef 8o ano,0.4708333333333333
696,educandarioterciocorreia,ef 9o ano,0.51
697,educarse,outro,0.06666666666666667
698,eduqo,ef 3o ano,0.0
699,eduqo,ef 5o ano,0.0
700,eduqo,ef 7o ano,0.0
701,eduqo,ef 9o ano,0.0
702,eduqo,em 1a serie,0.0
703,eduqo,em 2a serie,0.0
704,eduqo,em 3a serie,0.0
705,einsteinassis,ef 6o ano,0.28451882845188287
706,einsteinassis,ef 7o ano,0.42780748663101603
707,einsteinassis,ef 8o ano,0.4666666666666667
708,einsteinassis,ef 9o ano,0.4
709,einsteinassis,em 1a serie,0.5636363636363636
710,einsteinassis,em 2a serie,0.5333333333333333
711,einsteinassis,em 3a serie,0.39090909090909093
712,elitecuritiba,ef 7o ano,0.0
713,elitecuritiba,em 2a serie,0.0
714,elitecuritiba,em 3a serie,0.0
715,elitecuritiba,outro,0.1569767441860465
716,elitecuritibaemilianoperneta,em 1a serie,0.4362519201228879
717,elitecuritibaemilianoperneta,em 2a serie,0.6140552995391705
718,elitecuritibaemilianoperneta,em 3a serie,0.43614718614718617
719,elitecuritibaemilianoperneta,outro,0.3283582089552239
720,eluneonline,em 1a serie,0.0
721,elvirabrandao,em 1a serie,0.0
722,ensinando,ef 3o ano,0.0
723,ensinando,ef 7o ano,0.0
724,ensinando,ef 9o ano,0.0
725,ensinando,em 1a serie,0.0
726,ensinando,em 2a serie,0.0
727,ensinando,em 3a serie,0.0
728,equipe,em 1a serie,0.0
729,equipea,ef 3o ano,0.0
730,equipea,ef 7o ano,0.0
731,equipea,ef 9o ano,0.0
732,equipea,em 1a serie,0.0
733,equipea,em 2a serie,0.0
734,equipea,em 3a serie,0.0
735,escola,ef 4o ano,0.0
736,escolaalpha,ef 3o ano,0.0
737,escolaalpha,ef 7o ano,0.0
738,escolaalpha,ef 9o ano,0.0
739,escolaalpha,em 1a serie,0.0
740,escolaalpha,em 2a serie,0.0
741,escolaalpha,em 3a serie,0.0
742,escolacastanheiras,ef 5o ano,0.0
743,escolacastanheiras,ef 6o ano,0.0
744,escolacastanheiras,ef 7o ano,0.0
745,escolacastanheiras,ef 8o ano,0.0
746,escolacastanheiras,em 1a serie,0.0
747,escolacastanheiras,em 2a serie,0.0
748,escolacastanheiras,em 3a serie,0.0
749,escolaceciliameireles,ef 2o ano,0.09
750,escolaceciliameireles,ef 3o ano,0.4444444444444444
751,escolaceciliameireles,ef 4o ano,0.1987179487179487
752,escolaceciliameireles,ef 5o ano,0.1568627450980392
753,escolaceciliameireles,ef 6o ano,0.18552036199095023
754,escoladofuturo,em 1a serie,0.0
755,escoladomingossavio,ef 3o ano,0.0
756,escoladomingossavio,ef 7o ano,0.0
757,escoladomingossavio,ef 9o ano,0.0
758,escoladomingossavio,em 1a serie,0.0
759,escoladomingossavio,em 2a serie,0.0
760,escoladomingossavio,em 3a serie,0.0
761,escolaidaam,em 1a serie,0.0
762,escolainternacional,em 1a serie,0.0
763,escolajardimdasnacoes,em 1a serie,0.0
764,escolamaster,ef 8o ano,0.14705882352941177
765,escolamaster,ef 9o ano,0.03571428571428571
766,escolamaster,em 1a serie,0.38461538461538464
767,escolamaster,em 2a serie,0.34552845528455284
768,escolamaster,em 3a serie,0.09333333333333334
769,escolapresbiterianadecanal,ef 3o ano,0.0
770,escolapresbiterianadecanal,ef 7o ano,0.0
771,escolapresbiterianadecanal,ef 9o ano,0.0
772,escolapresbiterianadecanal,em 1a serie,0.0
773,escolapresbiterianadecanal,em 2a serie,0.0
774,escolapresbiterianadecanal,em 3a serie,0.0
775,escreva,ef 3o ano,0.0
776,escreva,ef 7o ano,0.0
777,escreva,ef 9o ano,0.0
778,escreva,em 1a serie,0.0
779,escreva,em 2a serie,0.0
780,escreva,em 3a serie,0.0
781,esmg,em 1a serie,0.0
782,estantemagica,ef 6o ano,0.0
783,estantemagica,outro,0.0
784,estreladamanha,ef 6o ano,0.0
785,faculdadeflamingo,outro,0.07575757575757576
786,forumcultural,em 1a serie,0.0
787,franciscanopioxii,ef 1o ano,0.0
788,franciscanopioxii,em 1a serie,0.0
789,francobrasileiro,ef 1o ano,0.0
790,francobrasileiro,em 3a serie,0.04142011834319527
791,fundacaobradesco,em 1a serie,0.0
792,galois,em 1a serie,0.0
793,gaylussac,em 1a serie,0.0
794,gerabixo,outro,0.05240174672489083
795,grandepasso,ef 1o ano,0.0
796,grandepasso,em 1a serie,0.0
797,idaam,em 3a serie,0.4755747126436782
798,idb,em 1a serie,0.0
799,igmk,ef 3o ano,0.0
800,igmk,ef 7o ano,0.0
801,igmk,ef 9o ano,0.0
802,igmk,em 1a serie,0.0
803,igmk,em 2a serie,0.0
804,igmk,em 3a serie,0.0
805,imaculada,em 1a serie,0.0
806,implantacao,ef 1o ano,0.0
807,implantacao,ef 2o ano,0.0
808,implantacao,ef 3o ano,0.0
809,implantacao,ef 4o ano,0.0
810,implantacao,ef 5o ano,0.0
811,implantacao,ef 6o ano,0.0
812,implantacao,em 1a serie,0.0
813,implantacao,em 2a serie,0.0
814,implantacao,em 3a serie,0.0
815,implantacao,outro,0.0
816,insa,em 1a serie,0.1625
817,insa,em 2a serie,0.3787878787878788
818,insa,em 3a serie,0.09090909090909091
819,institutoauxiliadoradf,em 1a serie,0.18518518518518517
820,institutoauxiliadoradf,em 2a serie,0.2719298245614035
821,institutoauxiliadoradf,em 3a serie,0.1568627450980392
822,institutocristao,ef 6o ano,0.12421052631578948
823,institutocristao,ef 7o ano,0.11764705882352941
824,institutocristao,ef 9o ano,0.16483516483516483
825,institutocristao,em 2a serie,0.17142857142857143
826,institutocristao,em 3a serie,0.045454545454545456
827,institutoeurofarma,outro,0.67
828,institutoideia,ef 3o ano,0.0
829,institutoideia,ef 7o ano,0.0
830,institutoideia,ef 9o ano,0.0
831,institutoideia,em 1a serie,0.0
832,institutoideia,em 2a serie,0.0
833,institutoideia,em 3a serie,0.0
834,institutomariaauxiliadora,ef 3o ano,0.0
835,institutomariaauxiliadora,ef 7o ano,0.0
836,institutomariaauxiliadora,ef 9o ano,0.0
837,institutomariaauxiliadora,em 1a serie,0.0
838,institutomariaauxiliadora,em 2a serie,0.0
839,institutomariaauxiliadora,em 3a serie,0.0
840,institutosaojose,em 1a serie,0.12698412698412698
841,institutosaojose,em 2a serie,0.012345679012345678
842,institutosaojose,em 3a serie,0.21212121212121213
843,integra,ef 1o ano,0.53125
844,integra,ef 2o ano,0.5952380952380952
845,integra,ef 3o ano,0.8088235294117647
846,integra,ef 4o ano,0.8055555555555556
847,integra,ef 5o ano,0.6964285714285714
848,integra,ef 6o ano,0.912621359223301
849,integra,ef 7o ano,0.8809523809523809
850,integra,ef 8o ano,0.8571428571428571
851,integradaeducativa,ef 6o ano,0.7483311081441922
852,integradaeducativa,ef 7o ano,0.7514005602240896
853,integradaeducativa,ef 8o ano,0.7702857142857142
854,integradaeducativa,ef 9o ano,0.7285886610373945
855,integradaeducativa,em 1a serie,0.47
856,integradaeducativa,em 2a serie,0.5376470588235294
857,integradaeducativa,em 3a serie,0.4354669464847849
858,invictus,ef 6o ano,0.7547169811320755
859,invictus,ef 7o ano,0.6634920634920635
860,invictus,ef 8o ano,0.5598290598290598
861,invictus,ef 9o ano,0.7176470588235294
862,invictus,em 1a serie,0.7828282828282829
863,invictus,em 2a serie,0.6468253968253969
864,invictus,em 3a serie,0.47719298245614034
865,invictus,outro,0.6666666666666666
866,iracemarufino,infantil iii,0.2
867,isem,ef 3o ano,0.49333333333333335
868,isem,ef 4o ano,0.5753968253968254
869,isem,ef 5o ano,0.5303030303030303
870,isem,ef 6o ano,0.7146562905317769
871,isem,ef 7o ano,0.6611950098489823
872,isem,ef 8o ano,0.7732843137254902
873,isem,ef 9o ano,0.7266666666666667
874,isemear,ef 3o ano,0.0
875,isemear,ef 7o ano,0.0
876,isemear,ef 9o ano,0.0
877,isemear,em 1a serie,0.0
878,isemear,em 2a serie,0.0
879,isemear,em 3a serie,0.0
880,isemear,outro,0.0
881,ismart,em 1a serie,0.0
882,itamarati,ef 8o ano,0.65
883,jardimsaopaulo,em 1a serie,0.0
884,jazzvestibular,outro,0.0
885,jeanpiaget,em 1a serie,0.0
886,joaobelem,ef 6o ano,0.4444444444444444
887,joaobelem,ef 9o ano,0.15
888,lasalleaguasclaras,em 1a serie,0.019753086419753086
889,lasalleaguasclaras,em 2a serie,0.011299435028248588
890,lasalleaguasclaras,em 3a serie,0.036231884057971016
891,lasallesp,ef 3o ano,0.0
892,lasallesp,ef 7o ano,0.0
893,lasallesp,ef 9o ano,0.0
894,lasallesp,em 1a serie,0.0
895,lasallesp,em 2a serie,0.0
896,lasallesp,em 3a serie,0.0
897,lerote,em 1a serie,0.0
898,liceujardim,ef 3o ano,0.0
899,liceujardim,ef 7o ano,0.0
900,liceujardim,ef 9o ano,0.0
901,liceujardim,em 1a serie,0.0
902,liceujardim,em 2a serie,0.0
903,liceujardim,em 3a serie,0.0
904,liderasas,em 1a serie,0.0
905,liessin,ef 1o ano,0.0
906,liessinbarra,ef 8o ano,0.2857142857142857
907,litteratus,ef 6o ano,0.0
908,litteratus,em 3a serie,0.024390243902439025
909,macvest,outro,0.5126050420168067
910,magister,ef 3o ano,0.5113636363636364
911,magister,ef 4o ano,0.65
912,magister,ef 5o ano,0.6770833333333334
913,magister,ef 6o ano,0.0
914,magister,outro,0.3333333333333333
915,magno,ef 1o ano,0.0
916,magno,em 1a serie,0.0
917,magnum,em 1a serie,0.0
918,magnumagostiniano,ef 1o ano,0.0
919,magnumagostiniano,em 1a serie,0.0
920,maplebearslz,ef 2o ano,0.0
921,maplebearslz,ef 3o ano,0.3047619047619048
922,maplebearslz,ef 4o ano,0.10857142857142857
923,maplebearslz,ef 5o ano,0.3182751540041068
924,maplebearslz,ef 6o ano,0.5793939393939394
925,maplebearslz,ef 7o ano,0.5584905660377358
926,maplebearslz,ef 8o ano,0.6414835164835165
927,maplebearslz,ef 9o ano,0.4430379746835443
928,maplebearslz,em 1a serie,0.3595744680851064
929,maplebearslz,em 2a serie,0.2795031055900621
930,maplebearslz,outro,0.06060606060606061
931,mariliamattoso,ef 5o ano,0.5186602870813397
932,mariliamattoso,ef 6o ano,0.7565290648694187
933,mariliamattoso,ef 7o ano,0.6936542669584245
934,mariliamattoso,ef 8o ano,0.752895752895753
935,mariliamattoso,ef 9o ano,0.6312217194570136
936,mariliamattoso,em 1a serie,0.6147450110864745
937,mariliamattoso,em 2a serie,0.663337250293772
938,mariliamattoso,em 3a serie,0.6706730769230769
939,maristadomsilverio,ef 3o ano,0.0
940,maristadomsilverio,ef 7o ano,0.0
941,maristadomsilverio,ef 9o ano,0.0
942,maristadomsilverio,em 1a serie,0.0
943,maristadomsilverio,em 2a serie,0.0
944,maristadomsilverio,em 3a serie,0.0
945,master,ef 1o ano,0.03171247357293869
946,master,ef 2o ano,0.05573534699748292
947,master,ef 3o ano,0.15239256324291375
948,master,ef 4o ano,0.24824824824824826
949,master,ef 5o ano,0.239067755886593
950,master,ef 6o ano,0.44925857275254866
951,master,ef 7o ano,0.4817455790074159
952,master,ef 8o ano,0.4333417022344966
953,master,ef 9o ano,0.36848509430135873
954,master,em 1a serie,0.4290848769698645
955,master,em 2a serie,0.39135021097046413
956,master,em 3a serie,0.023771001866832606
957,master,outro,0.18705818379554107
958,meta,ef 6o ano,0.0
959,meta,em 1a serie,0.0
960,meta,em 3a serie,0.0
961,metodocerto,ef 3o ano,0.0
962,metodocerto,ef 7o ano,0.0
963,metodocerto,ef 9o ano,0.0
964,metodocerto,em 1a serie,0.0
965,metodocerto,em 2a serie,0.0
966,metodocerto,em 3a serie,0.0
967,minhalista,outro,0.23333333333333334
968,moaciralves,ef 8o ano,0.028985507246376812
969,moaciralves,ef 9o ano,0.02631578947368421
970,mobile,em 1a serie,0.0
971,montessori,em 1a serie,0.12962962962962962
972,montessori,em 2a serie,0.05555555555555555
973,montessori,em 3a serie,0.14666666666666667
974,motiva,em 1a serie,0.0
975,navegasas,ef 5o ano,0.16666666666666666
976,nossasenhoradesion,em 1a serie,0.0
977,notredame,em 1a serie,0.0
978,novotempo,ef 9o ano,0.13168724279835392
979,novotempo,em 1a serie,0.6842105263157895
980,novotempo,em 2a serie,0.3958333333333333
981,novotempo,em 3a serie,0.8412698412698413
982,nsdasgracas,ef 6o ano,0.0
983,nsdasgracas,ef 7o ano,0.0
984,nsdasgracas,ef 8o ano,0.0
985,nsdasgracas,em 1a serie,0.0
986,nsdasgracas,em 2a serie,0.0
987,nsdasgracas,em 3a serie,0.0
988,nucleo,ef 1o ano,0.0
989,nucleo,em 1a serie,0.0
990,nucleocriativo,ef 1o ano,0.037142857142857144
991,nucleocriativo,ef 2o ano,0.16470588235294117
992,nucleocriativo,ef 3o ano,0.25333333333333335
993,nucleocriativo,ef 4o ano,0.1590909090909091
994,nucleocriativo,ef 5o ano,0.18388429752066116
995,nucleocriativo,ef 6o ano,0.2693452380952381
996,nucleocriativo,ef 7o ano,0.2727272727272727
997,nucleocriativo,ef 8o ano,0.19090909090909092
998,nucleocriativo,ef 9o ano,0.2633333333333333
999,nucleocriativo,em 1a serie,0.15123456790123457
1000,nucleocriativo,outro,0.3333333333333333
1001,objetivoamericana,ef 3o ano,0.0
1002,objetivoamericana,ef 7o ano,0.0
1003,objetivoamericana,ef 9o ano,0.0
1004,objetivoamericana,em 1a serie,0.0
1005,objetivoamericana,em 2a serie,0.0
1006,objetivoamericana,em 3a serie,0.0
1007,objetivohortolandia,ef 3o ano,0.0
1008,objetivohortolandia,ef 7o ano,0.0
1009,objetivohortolandia,ef 9o ano,0.0
1010,objetivohortolandia,em 1a serie,0.0
1011,objetivohortolandia,em 2a serie,0.0
1012,objetivohortolandia,em 3a serie,0.0
1013,objetivolorena,ef 4o ano,0.22444444444444445
1014,objetivolorena,ef 5o ano,0.21683673469387754
1015,objetivolorena,ef 6o ano,0.32825484764542934
1016,objetivolorena,ef 7o ano,0.4157014157014157
1017,objetivolorena,ef 8o ano,0.31345565749235477
1018,objetivolorena,ef 9o ano,0.30985915492957744
1019,objetivolorena,em 1a serie,0.4148319814600232
1020,objetivolorena,em 2a serie,0.2893081761006289
1021,objetivolorena,em 3a serie,0.16216216216216217
1022,objetivolorena,outro,0.22549019607843138
1023,objetivoteresina,em 1a serie,0.0
1024,oficinadoestudante,ef 1o ano,0.0
1025,oficinadoestudante,ef 2o ano,0.025
1026,oficinadoestudante,ef 3o ano,0.23655913978494625
1027,oficinadoestudante,ef 4o ano,0.12916666666666668
1028,oficinadoestudante,ef 5o ano,0.22826086956521738
1029,oficinadoestudante,ef 7o ano,0.0
1030,oficinadoestudante,ef 9o ano,0.0
1031,oficinadoestudante,em 1a serie,0.0
1032,oficinadoestudante,em 2a serie,0.0
1033,oficinadoestudante,em 3a serie,0.0
1034,oficinadoestudante,outro,0.0
1035,osequim,ef 6o ano,0.0
1036,oswald,ef 2o ano,0.0
1037,oswald,em 1a serie,0.0
1038,oswald,em 3a serie,0.0
1039,oswald,outro,0.0
1040,oswalddeandrade,ef 1o ano,0.0
1041,oswalddeandrade,em 1a serie,0.0
1042,overabelcabral,ef 1o ano,0.6095238095238096
1043,overabelcabral,ef 2o ano,0.6842105263157895
1044,overabelcabral,ef 3o ano,0.6239669421487604
1045,overabelcabral,ef 4o ano,0.734375
1046,overabelcabral,ef 5o ano,0.8255813953488372
1047,overabelcabral,ef 6o ano,0.49047408063801506
1048,overabelcabral,ef 7o ano,0.5077071290944123
1049,overabelcabral,ef 8o ano,0.4781163434903047
1050,overabelcabral,ef 9o ano,0.33465959328028294
1051,overabelcabral,em 1a serie,0.27045235803657364
1052,overabelcabral,em 2a serie,0.164503133393017
1053,overabelcabral,em 3a serie,0.5247252747252747
1054,overjoaopessoa,ef 9o ano,0.26785714285714285
1055,overjoaopessoa,em 1a serie,0.2250233426704015
1056,overjoaopessoa,em 2a serie,0.23404255319148937
1057,overjoaopessoa,em 3a serie,0.45263157894736844
1058,overjoaopessoa,outro,0.22077922077922077
1059,overlimaesilva,ef 1o ano,0.6868686868686869
1060,overlimaesilva,ef 2o ano,0.8125
1061,overlimaesilva,ef 3o ano,0.7101449275362319
1062,overlimaesilva,ef 4o ano,0.8406169665809768
1063,overlimaesilva,ef 5o ano,0.8143712574850299
1064,overmarciliofurtado,ef 6o ano,0.5145413870246085
1065,overmarciliofurtado,ef 7o ano,0.44931506849315067
1066,overmarciliofurtado,ef 8o ano,0.3973421926910299
1067,overmarciliofurtado,ef 9o ano,0.3280780780780781
1068,overmarciliofurtado,em 1a serie,0.22759080306564478
1069,overmarciliofurtado,em 2a serie,0.27748167888074615
1070,overmarciliofurtado,em 3a serie,0.5444743935309974
1071,overmossoro,ef 1o ano,0.20833333333333334
1072,overmossoro,ef 2o ano,0.17857142857142858
1073,overmossoro,ef 4o ano,0.1111111111111111
1074,overmossoro,ef 5o ano,0.975
1075,overmossoro,ef 6o ano,0.5433333333333333
1076,overmossoro,ef 7o ano,0.44285714285714284
1077,overmossoro,ef 8o ano,0.4166666666666667
1078,overmossoro,ef 9o ano,0.4160839160839161
1079,overmossoro,em 1a serie,0.3005952380952381
1080,overmossoro,em 3a serie,0.4666666666666667
1081,overmossoro,outro,0.22164948453608246
1082,overnascimentodecastro,ef 3o ano,0.0
1083,overnascimentodecastro,outro,0.1980952380952381
1084,overpontanegra,ef 1o ano,0.7301587301587301
1085,overpontanegra,ef 2o ano,0.2265625
1086,overpontanegra,ef 3o ano,0.7070063694267515
1087,overpontanegra,ef 4o ano,0.1419753086419753
1088,overpontanegra,ef 5o ano,0.8672566371681416
1089,overpontanegra,ef 6o ano,0.4219204655674103
1090,overpontanegra,ef 7o ano,0.3894230769230769
1091,overpontanegra,ef 8o ano,0.3541666666666667
1092,overpontanegra,ef 9o ano,0.2728744939271255
1093,overpontanegra,em 1a serie,0.22291021671826625
1094,overpontanegra,em 2a serie,0.33313432835820894
1095,overpontanegra,em 3a serie,0.5364238410596026
1096,overzonanorte,ef 1o ano,0.3
1097,overzonanorte,ef 2o ano,0.20952380952380953
1098,overzonanorte,ef 3o ano,0.27380952380952384
1099,overzonanorte,ef 4o ano,0.31983805668016196
1100,overzonanorte,ef 5o ano,0.36507936507936506
1101,overzonanorte,ef 6o ano,0.326171875
1102,overzonanorte,ef 7o ano,0.21542738012508686
1103,overzonanorte,ef 8o ano,0.23467600700525393
1104,overzonanorte,ef 9o ano,0.4717391304347826
1105,overzonanorte,em 1a serie,0.23087159015302727
1106,overzonanorte,em 2a serie,0.20416333066453163
1107,overzonanorte,em 3a serie,0.3076923076923077
1108,overzonanorte,outro,0.1111111111111111
1109,ovquim,ef 6o ano,0.0
1110,padreeustaquio,ef 3o ano,0.0
1111,padreeustaquio,ef 6o ano,0.0
1112,padreeustaquio,ef 7o ano,0.0
1113,padreeustaquio,ef 9o ano,0.0
1114,padreeustaquio,em 1a serie,0.0
1115,padreeustaquio,em 2a serie,0.0
1116,padreeustaquio,em 3a serie,0.0
1117,palmares,em 1a serie,0.0
1118,pauloviana,ef 9o ano,0.0
1119,pcf,ef 3o ano,0.0
1120,pcf,ef 7o ano,0.0
1121,pcf,ef 9o ano,0.0
1122,pcf,em 1a serie,0.0
1123,pcf,em 2a serie,0.0
1124,pcf,em 3a serie,0.0
1125,pearson,em 3a serie,0.0
1126,pensecursos,ef 3o ano,0.0
1127,pensecursos,ef 7o ano,0.0
1128,pensecursos,ef 9o ano,0.0
1129,pensecursos,em 1a serie,0.0
1130,pensecursos,em 2a serie,0.0
1131,pensecursos,em 3a serie,0.0
1132,physicsalcindocacela,ef 9o ano,0.46190476190476193
1133,physicsalcindocacela,em 1a serie,0.35135135135135137
1134,physicsalcindocacela,em 2a serie,0.49074074074074076
1135,physicsalcindocacela,em 3a serie,0.37962962962962965
1136,physicsalcindocacela,outro,0.3506849315068493
1137,physicsalmirantebarroso,ef 2o ano,0.375
1138,physicsalmirantebarroso,ef 3o ano,0.2077922077922078
1139,physicsalmirantebarroso,ef 4o ano,0.2222222222222222
1140,physicsalmirantebarroso,ef 5o ano,0.2826086956521739
1141,physicsalmirantebarroso,ef 6o ano,0.2939297124600639
1142,physicsalmirantebarroso,ef 7o ano,0.2391304347826087
1143,physicsalmirantebarroso,ef 8o ano,0.2345679012345679
1144,physicsalmirantebarroso,ef 9o ano,0.175
1145,physicsalmirantebarroso,em 1a serie,0.16933546837469976
1146,physicsalmirantebarroso,em 2a serie,0.13576388888888888
1147,physicsalmirantebarroso,em 3a serie,0.13566243194192376
1148,physicsaugustomontenegro,ef 2o ano,0.30158730158730157
1149,physicsaugustomontenegro,ef 3o ano,0.2111801242236025
1150,physicsaugustomontenegro,ef 4o ano,0.2571428571428571
1151,physicsaugustomontenegro,ef 5o ano,0.35467980295566504
1152,physicsaugustomontenegro,ef 6o ano,0.27419354838709675
1153,physicsaugustomontenegro,ef 7o ano,0.3064516129032258
1154,physicsaugustomontenegro,ef 8o ano,0.31203007518796994
1155,physicsaugustomontenegro,ef 9o ano,0.30952380952380953
1156,physicsaugustomontenegro,em 1a serie,0.16300940438871472
1157,physicsaugustomontenegro,em 2a serie,0.11333333333333333
1158,physicsaugustomontenegro,em 3a serie,0.09620048504446241
1159,physicsaugustomontenegro,outro,0.3056768558951965
1160,physicsbatistacampos,ef 2o ano,0.3482142857142857
1161,physicsbatistacampos,ef 3o ano,0.4057142857142857
1162,physicsbatistacampos,ef 4o ano,0.2561576354679803
1163,physicsbatistacampos,ef 5o ano,0.2610294117647059
1164,physicsbatistacampos,ef 6o ano,0.5587301587301587
1165,physicsbatistacampos,ef 7o ano,0.5657894736842105
1166,physicsbatistacampos,ef 8o ano,0.5682656826568265
1167,physicsbatistacampos,ef 9o ano,0.4748427672955975
1168,physicsbatistacampos,em 1a serie,0.0
1169,physicsbatistacampos,em 2a serie,0.0
1170,physicscidadenova,ef 2o ano,0.295
1171,physicscidadenova,ef 3o ano,0.23376623376623376
1172,physicscidadenova,ef 4o ano,0.12781954887218044
1173,physicscidadenova,ef 5o ano,0.215
1174,physicscidadenova,ef 6o ano,0.424390243902439
1175,physicscidadenova,ef 7o ano,0.475
1176,physicscidadenova,ef 8o ano,0.4393939393939394
1177,physicscidadenova,ef 9o ano,0.4107142857142857
1178,physicscidadenova,em 1a serie,0.17305236270753513
1179,physicscidadenova,em 2a serie,0.185199841709537
1180,physicscidadenova,em 3a serie,0.1436008676789588
1181,physicscidadenova,outro,0.23045267489711935
1182,physicsconselheirofurtado,em 1a serie,0.1486111111111111
1183,physicsconselheirofurtado,em 2a serie,0.14184636118598382
1184,physicsconselheirofurtado,em 3a serie,0.17328519855595667
1185,physicsconselheirofurtado,outro,0.0
1186,physicsmacapa,ef 6o ano,0.0
1187,physicsmacapa,ef 7o ano,0.3939393939393939
1188,physicsmacapa,ef 8o ano,0.3253968253968254
1189,physicsmacapa,ef 9o ano,0.38333333333333336
1190,physicsmacapa,em 1a serie,0.36507936507936506
1191,physicsmacapa,em 2a serie,0.16326530612244897
1192,physicsmacapa,em 3a serie,0.1365079365079365
1193,physicsmacapa,outro,0.25675675675675674
1194,physicsumarizal,ef 2o ano,0.3188405797101449
1195,physicsumarizal,ef 3o ano,0.23893805309734514
1196,physicsumarizal,ef 4o ano,0.25925925925925924
1197,physicsumarizal,ef 5o ano,0.3416149068322981
1198,physicsumarizal,ef 6o ano,0.2336065573770492
1199,physicsumarizal,ef 7o ano,0.28835978835978837
1200,physicsumarizal,ef 8o ano,0.18387096774193548
1201,physicsumarizal,ef 9o ano,0.24609375
1202,physicsumarizal,em 1a serie,0.11953125
1203,physicsumarizal,em 2a serie,0.10555555555555556
1204,physicsumarizal,em 3a serie,0.1245366938472943
1205,pioxi,ef 1o ano,0.3902439024390244
1206,pioxi,ef 2o ano,0.43041237113402064
1207,pioxi,ef 3o ano,0.23872679045092837
1208,pioxi,ef 4o ano,0.5089408528198074
1209,pioxi,ef 5o ano,0.5464052287581699
1210,pioxi,ef 6o ano,0.91701244813278
1211,pioxi,ef 7o ano,0.9507829977628636
1212,pioxi,ef 8o ano,0.8918650793650794
1213,pioxi,ef 9o ano,0.5852842809364549
1214,pioxi,em 1a serie,0.523989898989899
1215,pioxi,em 2a serie,0.7519640852974186
1216,pioxi,em 3a serie,0.5697211155378487
1217,pioxi,outro,0.0
1218,pioxii,ef 3o ano,0.0
1219,pioxii,ef 7o ano,0.0
1220,pioxii,ef 9o ano,0.0
1221,pioxii,em 1a serie,0.0
1222,pioxii,em 2a serie,0.0
1223,pioxii,em 3a serie,0.0
1224,pioxiicolegio,ef 6o ano,0.0
1225,pioxiicolegio,ef 9o ano,0.6309523809523809
1226,pioxiicolegio,em 1a serie,0.59140625
1227,pioxiicolegio,em 2a serie,0.6780219780219781
1228,pioxiicolegio,em 3a serie,0.7104430379746836
1229,plannetaosasco,ef 2o ano,0.0
1230,plannetaosasco,ef 3o ano,0.0
1231,plannetataboao,ef 1o ano,0.025796178343949046
1232,plannetataboao,ef 2o ano,0.028822815533980584
1233,plannetataboao,ef 3o ano,0.02883435582822086
1234,plannetataboao,ef 4o ano,0.041282995702885204
1235,plannetataboao,ef 5o ano,0.05441664154356346
1236,playpen,em 1a serie,0.0
1237,poliedro,outro,0.0
1238,poliedropv,outro,0.0
1239,portalsas,ef 1o ano,0.0
1240,portinari,ef 2o ano,0.0
1241,portinari,ef 3o ano,0.9259259259259259
1242,portinari,ef 4o ano,0.9227272727272727
1243,portinari,ef 5o ano,0.9523809523809523
1244,portinari,ef 6o ano,0.9132867132867133
1245,portinari,ef 7o ano,0.776036866359447
1246,portinari,ef 8o ano,0.8244531688166012
1247,portinari,ef 9o ano,0.8437654016757024
1248,portinari,em 1a serie,0.63670197537933
1249,portinari,em 2a serie,0.5513196480938416
1250,portinari,em 3a serie,0.6673936750272628
1251,porto,ef 1o ano,0.0
1252,porto,ef 6o ano,0.06642066420664207
1253,porto,ef 7o ano,0.13056379821958458
1254,porto,ef 8o ano,0.26586741889985893
1255,porto,ef 9o ano,0.4177323103154305
1256,porto,em 1a serie,0.5553932818693929
1257,porto,em 2a serie,0.46289445048966266
1258,porto,em 3a serie,0.507854821235103
1259,portoseguro,ef 1o ano,0.0
1260,portoseguro,ef 4o ano,0.0921242774566474
1261,portoseguro,em 1a serie,0.0
1262,positivo,ef 1o ano,0.0
1263,positivo,ef 3o ano,0.0
1264,positivo,ef 5o ano,0.0
1265,positivoon,em 3a serie,0.0
1266,preparatec,ef 3o ano,0.0
1267,preparatec,ef 7o ano,0.0
1268,preparatec,ef 9o ano,0.0
1269,preparatec,em 1a serie,0.0
1270,preparatec,em 2a serie,0.0
1271,preparatec,em 3a serie,0.0
1272,preparavest,ef 3o ano,0.0
1273,preparavest,ef 7o ano,0.0
1274,preparavest,ef 9o ano,0.0
1275,preparavest,em 1a serie,0.0
1276,preparavest,em 2a serie,0.0
1277,preparavest,em 3a serie,0.0
1278,prevest,outro,0.3225806451612903
1279,prisma,ef 3o ano,0.0
1280,prisma,ef 7o ano,0.0
1281,prisma,ef 9o ano,0.0
1282,prisma,em 1a serie,0.0
1283,prisma,em 2a serie,0.0
1284,prisma,em 3a serie,0.0
1285,prismapatrocinio,ef 2o ano,0.43243243243243246
1286,prismapatrocinio,ef 4o ano,0.6285714285714286
1287,prismapatrocinio,ef 5o ano,0.5683760683760684
1288,prismapatrocinio,ef 6o ano,0.6068376068376068
1289,prismapatrocinio,ef 7o ano,0.7621035058430717
1290,prismapatrocinio,ef 8o ano,0.6047979797979798
1291,prismapatrocinio,ef 9o ano,0.517829457364341
1292,prismapatrocinio,em 1a serie,0.4690641918020108
1293,prismapatrocinio,em 2a serie,0.4893292682926829
1294,prismapatrocinio,em 3a serie,0.21306092666909887
1295,prismapatrocinio,outro,0.3744725738396624
1296,profederal,ef 6o ano,0.0
1297,profederal,outro,0.16570327552986513
1298,progressaodc,ef 6o ano,0.0
1299,progressaodc,em 1a serie,0.5925457991156032
1300,progressaodc,em 2a serie,0.5739081746920492
1301,progressaodc,em 3a serie,0.5285810356422327
1302,progressaoeducacao,ef 6o ano,0.0
1303,progressaoig,ef 6o ano,0.9160714285714285
1304,progressaoig,ef 7o ano,0.9140211640211641
1305,progressaoig,ef 9o ano,1.0
1306,progressaoig,em 1a serie,0.8051628764597418
1307,progressaoig,em 2a serie,0.46153846153846156
1308,progressaoig,em 3a serie,0.6444444444444445
1309,progressaoig,outro,1.0
1310,projetodeventoempopa,ef 3o ano,0.0
1311,projetodeventoempopa,ef 7o ano,0.0
1312,projetodeventoempopa,ef 9o ano,0.0
1313,projetodeventoempopa,em 1a serie,0.0
1314,projetodeventoempopa,em 2a serie,0.0
1315,projetodeventoempopa,em 3a serie,0.0
1316,projetogauss,ef 3o ano,0.0
1317,projetogauss,ef 7o ano,0.0
1318,projetogauss,ef 9o ano,0.0
1319,projetogauss,em 1a serie,0.0
1320,projetogauss,em 2a serie,0.0
1321,projetogauss,em 3a serie,0.0
1322,projetogauss,outro,0.0
1323,provaspoliedro,ef 1o ano,0.0
1324,provaspoliedro,ef 6o ano,0.5049226441631505
1325,provaspoliedro,ef 7o ano,0.6515323496027242
1326,provaspoliedro,ef 8o ano,0.5474452554744526
1327,provaspoliedro,ef 9o ano,0.282312925170068
1328,provaspoliedro,em 1a serie,0.07911315725708747
1329,provaspoliedro,em 2a serie,0.07396877649758092
1330,provaspoliedro,em 3a serie,0.020514169241896245
1331,provaspoliedro,outro,0.0595405319679188
1332,psantagema,ef 6o ano,0.6923076923076923
1333,psantagema,ef 7o ano,0.6826923076923077
1334,psantagema,ef 8o ano,0.4519230769230769
1335,psantagema,ef 9o ano,0.9919354838709677
1336,psantagema,em 1a serie,0.6329113924050633
1337,psantagema,em 2a serie,0.6538461538461539
1338,psantagema,em 3a serie,0.7104072398190046
1339,psantagema,outro,0.8333333333333334
1340,qescola,ef 1o ano,0.5
1341,qescola,ef 2o ano,0.0
1342,qescola,ef 3o ano,0.0
1343,qescola,ef 5o ano,0.03333333333333333
1344,qescola,ef 6o ano,0.02564102564102564
1345,qescola,ef 7o ano,0.0
1346,qescola,ef 9o ano,0.0
1347,qescola,em 1a serie,0.001985440105890139
1348,qescola,em 2a serie,0.02564102564102564
1349,qescola,em 3a serie,0.04433497536945813
1350,qescola,outro,0.13333333333333333
1351,qi,em 3a serie,0.0
1352,rede,ef 9o ano,0.0
1353,redeapogeu,em 1a serie,0.0
1354,redefilhasdejesus,em 1a serie,0.0
1355,redeinspira,ef 1o ano,0.0
1356,redeisaacnewton,ef 3o ano,0.0
1357,redeisaacnewton,ef 7o ano,0.0
1358,redeisaacnewton,ef 9o ano,0.0
1359,redeisaacnewton,em 1a serie,0.0
1360,redeisaacnewton,em 2a serie,0.0
1361,redeisaacnewton,em 3a serie,0.0
1362,reges,em 1a serie,0.0
1363,relacionamento,ef 6o ano,0.0
1364,relacionamento,em 1a serie,0.0
1365,riobrancocampinas,em 1a serie,0.0
1366,saberviver,ef 4o ano,0.0
1367,saberviver,ef 5o ano,0.19791666666666666
1368,saea,em 1a serie,0.0
1369,saedigital,ef 6o ano,0.0
1370,sagradafamilia,em 1a serie,0.2413793103448276
1371,sagradafamilia,em 2a serie,0.3472222222222222
1372,sagradafamilia,em 3a serie,0.29411764705882354
1373,santacruz,em 1a serie,0.0
1374,santadoroteia,ef 9o ano,0.05555555555555555
1375,santadoroteia,em 1a serie,0.05555555555555555
1376,santadoroteia,em 2a serie,0.11904761904761904
1377,santadoroteia,em 3a serie,0.0
1378,santamarcelina,em 1a serie,0.0
1379,santamaria,em 1a serie,0.0
1380,santamariacn,em 2a serie,0.6326923076923077
1381,santamariacn,em 3a serie,0.5161744022503516
1382,santoagostinho,em 1a serie,0.0
1383,santoagostinholeblon,em 1a serie,0.0
1384,santoagostinhomg,ef 1o ano,0.0
1385,santoagostinhomg,em 1a serie,0.0
1386,santoamerico,ef 1o ano,0.0
1387,santoamerico,ef 6o ano,0.5914893617021276
1388,santoamerico,ef 7o ano,0.7248062015503876
1389,santoamerico,ef 8o ano,0.6900584795321637
1390,santoamerico,ef 9o ano,0.5617673579801623
1391,santoamerico,em 1a serie,0.2559857361181864
1392,santoamerico,em 2a serie,0.12056480811006517
1393,santoamerico,em 3a serie,0.25071225071225073
1394,santoamerico,outro,0.20169304379830696
1395,santoamericoteste,em 1a serie,0.0
1396,santoantonio,ef 1o ano,0.0
1397,santoantonio,em 1a serie,0.0
1398,santoantonio,em 3a serie,0.0
1399,saobento,em 1a serie,0.0
1400,saojosecaxiasdosul,em 1a serie,0.0
1401,saoluiz,ef 1o ano,0.0
1402,saoluiz,em 1a serie,0.0
1403,sas,em 1a serie,0.0
1404,sasadapt,ef 1o ano,0.5
1405,sasadapt,em 1a serie,0.0
1406,sasadaptem,ef 1o ano,0.0
1407,sasadaptem,em 1a serie,0.0
1408,sasadaptfund,em 1a serie,0.0
1409,sasadaptrelatorios,em 1a serie,0.0
1410,saseducacao,em 1a serie,0.0
1411,seletivoeducallis,ef 5o ano,0.0
1412,seletivoeducallis,ef 7o ano,0.0
1413,seletivoeducallis,ef 8o ano,0.0
1414,seletivoeducallis,em 1a serie,0.0
1415,seletivoeducallis,em 2a serie,0.14285714285714285
1416,serios,em 1a serie,0.0
1417,simbios,outro,0.07509881422924901
1418,simuladoita,outro,0.0163265306122449
1419,sistemaprima,ef 3o ano,0.0
1420,sistemaprima,ef 7o ano,0.0
1421,sistemaprima,ef 9o ano,0.0
1422,sistemaprima,em 1a serie,0.0
1423,sistemaprima,em 2a serie,0.0
1424,sistemaprima,em 3a serie,0.0
1425,sme,ef 6o ano,0.0
1426,sobral,outro,0.0
1427,solarcursinho,ef 4o ano,0.0
1428,souhabilis,ef 6o ano,0.0
1429,souhabilis,em 3a serie,0.08072916666666667
1430,souhabilis,outro,0.143658810325477
1431,spdacruz,ef 3o ano,0.0
1432,spdacruz,ef 6o ano,0.9572368421052632
1433,spdacruz,ef 7o ano,0.9388560157790927
1434,spdacruz,ef 8o ano,0.930783242258652
1435,spdacruz,ef 9o ano,0.805408271474019
1436,spdacruz,em 1a serie,0.798454603992273
1437,spdacruz,em 2a serie,0.6088034717916925
1438,spdacruz,em 3a serie,0.6129831516352825
1439,stellamarisaguaverde,ef 2o ano,0.28651685393258425
1440,stellamarisaguaverde,ef 3o ano,0.5
1441,stellamarisaguaverde,ef 4o ano,0.42142857142857143
1442,stellamarisaguaverde,ef 5o ano,0.4142857142857143
1443,stellamarisaguaverde,ef 6o ano,0.56973293768546
1444,stellamarisaguaverde,ef 7o ano,0.6356275303643725
1445,stellamarisjuveve,ef 2o ano,0.18098159509202455
1446,stellamarisjuveve,ef 3o ano,0.23681592039800994
1447,stellamarisjuveve,ef 4o ano,0.4813233724653148
1448,stellamarisjuveve,ef 5o ano,0.5321931589537223
1449,stellamarisjuveve,ef 6o ano,0.5450121654501217
1450,stellamarisjuveve,ef 7o ano,0.5763239875389408
1451,stellamarisjuveve,ef 8o ano,0.5095486111111112
1452,stellamarisjuveve,ef 9o ano,0.4463878326996198
1453,stellamarisjuveve,em 1a serie,0.25184375853591917
1454,stellamarisjuveve,em 2a serie,0.32046783625730996
1455,stellamarisjuveve,em 3a serie,0.638095238095238
1456,stellamarisjuveve,outro,0.10989010989010989
1457,stellamarisxaxim,ef 2o ano,0.13297872340425532
1458,stellamarisxaxim,ef 3o ano,0.08634538152610442
1459,stellamarisxaxim,ef 4o ano,0.2909356725146199
1460,stellamarisxaxim,ef 5o ano,0.32292787944025836
1461,stellamarisxaxim,ef 6o ano,0.4488778054862843
1462,stellamarisxaxim,ef 7o ano,0.4625
1463,stellamarisxaxim,ef 8o ano,0.3978328173374613
1464,stellamarisxaxim,ef 9o ano,0.3894736842105263
1465,stellamarisxaxim,em 1a serie,0.3771377137713771
1466,stellamarisxaxim,em 2a serie,0.26214574898785425
1467,stellamarisxaxim,em 3a serie,0.6043956043956044
1468,studos,em 1a serie,0.3333333333333333
1469,testevictorhugo,ef 7o ano,0.0
1470,testevictorhugo,em 1a serie,0.0
1471,tomasdeaquino,em 1a serie,0.0
1472,topguncolombo,em 3a serie,0.0
1473,uirapuru,ef 6o ano,0.0
1474,universitariolondrina,ef 3o ano,0.019230769230769232
1475,universitariolondrina,ef 4o ano,0.73828125
1476,universitariolondrina,ef 5o ano,0.8095238095238095
1477,universitariolondrina,ef 6o ano,0.6538339166401527
1478,universitariolondrina,ef 7o ano,0.6142573273720815
1479,universitariolondrina,ef 8o ano,0.6328552803129074
1480,universitariolondrina,ef 9o ano,0.4530758226037196
1481,universitariolondrina,em 1a serie,0.2823065195946552
1482,universitariolondrina,em 2a serie,0.22248992647364266
1483,universitariolondrina,em 3a serie,0.11769100831600832
1484,universitariolondrina,outro,0.2124223602484472
1485,universobarcarena,ef 1o ano,0.07160493827160494
1486,universobarcarena,ef 2o ano,0.20728291316526612
1487,universobarcarena,ef 3o ano,0.08529741863075196
1488,universobarcarena,ef 4o ano,0.1565217391304348
1489,universobarcarena,ef 5o ano,0.143879173290938
1490,universobarcarena,ef 6o ano,0.5038674033149171
1491,universobarcarena,ef 7o ano,0.4768211920529801
1492,universobarcarena,ef 8o ano,0.3532608695652174
1493,universobarcarena,ef 9o ano,0.5254491017964071
1494,universobarcarena,em 1a serie,0.2926646706586826
1495,universobarcarena,em 2a serie,0.2926315789473684
1496,universobarcarena,em 3a serie,0.2559774964838256
1497,veracruz,em 1a serie,0.0
1498,vertice,em 1a serie,0.0
1499,villalobos,ef 3o ano,0.0
1500,villalobos,ef 4o ano,0.7619047619047619
1501,villalobos,ef 5o ano,0.783068783068783
1502,villalobos,ef 6o ano,0.5397653194263363
1503,villalobos,ef 7o ano,0.6920529801324503
1504,villalobos,ef 8o ano,0.5954861111111112
1505,villalobos,ef 9o ano,0.5943396226415094
1506,villalobos,em 1a serie,0.6113681427627231
1507,villalobos,em 2a serie,0.5661375661375662
1508,villalobos,em 3a serie,0.5436974789915966
1509,visaorecife,em 1a serie,0.0
1510,vitae,ef 2o ano,0.0
1511,vitalbrazil,em 1a serie,0.0
1512,wilsondeandradebarreto,em 1a serie,0.0
