,namespace,grade,Porcentagem de engajamento em AAs
636,integra,ef 8o ano,1.0
28,acessocampolargokids,ef 3o ano,1.0
327,colegioensitec,ef 4o ano,1.0
614,insa,em 1a serie,1.0
615,insa,em 2a serie,1.0
222,colegiobatistaindependente,ef 5o ano,1.0
230,colegiobatistaindependente,outro,1.0
231,colegiobetelbrasileirosp,ef 1o ano,1.0
1003,psantagema,outro,1.0
631,integra,ef 3o ano,1.0
414,colegionovageracao,ef 2o ano,1.0
30,acessocampolargokids,ef 5o ano,1.0
244,colegiobilac,ef 3o ano,1.0
245,colegiobilac,ef 4o ano,1.0
246,colegiobilac,ef 5o ano,1.0
315,colegioeducallis,ef 3o ano,1.0
635,integra,ef 7o ano,1.0
417,colegionovageracao,ef 5o ano,1.0
736,nucleocriativo,outro,1.0
1092,testevictorhugo,ef 7o ano,1.0
1039,sasadapt,ef 1o ano,1.0
339,colegiofuturageracao,ef 2o ano,1.0
938,portinari,ef 4o ano,1.0
1021,santadoroteia,em 1a serie,1.0
937,portinari,ef 3o ano,1.0
153,ceespacolivre,ef 7o ano,1.0
156,ceespacolivre,em 1a serie,1.0
157,ceespacolivre,em 2a serie,1.0
1043,seletivoeducallis,ef 5o ano,1.0
175,ceprimeiromundo,ef 5o ano,1.0
353,colegioglobal,ef 7o ano,1.0
832,pearson,em 3a serie,1.0
778,overlimaesilva,ef 2o ano,1.0
342,colegiofuturageracao,ef 5o ano,1.0
341,colegiofuturageracao,ef 4o ano,1.0
340,colegiofuturageracao,ef 3o ano,1.0
277,colegiodasamericas,ef 3o ano,1.0
572,educandarioterciocorreia,ef 9o ano,0.9995098039215686
1053,spdacruz,ef 6o ano,0.9993006014827248
1055,spdacruz,ef 8o ano,0.9992804029743344
247,colegiobilac,ef 6o ano,0.9989317190421081
249,colegiobilac,ef 8o ano,0.9984185556141276
243,colegiobilac,ef 2o ano,0.9976851851851852
250,colegiobilac,ef 9o ano,0.9975907484741408
266,colegiocb,ef 4o ano,0.9957627118644068
639,integradaeducativa,ef 7o ano,0.9953345152561351
939,portinari,ef 5o ano,0.9948051948051948
384,colegiointegral,ef 9o ano,0.9947329376854599
382,colegiointegral,ef 7o ano,0.9940636331734706
267,colegiocb,ef 5o ano,0.9940476190476191
155,ceespacolivre,ef 9o ano,0.9930555555555556
644,integradaeducativa,em 3a serie,0.9926436061981531
383,colegiointegral,ef 8o ano,0.9925787844682048
805,overpontanegra,ef 1o ano,0.9920634920634921
248,colegiobilac,ef 7o ano,0.9918623378825125
460,colegiouirapuru,ef 4o ano,0.9902597402597403
381,colegiointegral,ef 6o ano,0.9899172397715351
777,overlimaesilva,ef 1o ano,0.98989898989899
1054,spdacruz,ef 7o ano,0.9894027840143691
316,colegioeducallis,ef 4o ano,0.9887587822014051
346,colegiofuturageracao,ef 9o ano,0.9885057471264368
328,colegioensitec,ef 5o ano,0.9876847290640394
640,integradaeducativa,ef 8o ano,0.9876637222053001
379,colegiointegral,ef 4o ano,0.9864724245577523
314,colegioeducallis,ef 2o ano,0.9854700854700855
914,pioxi,ef 7o ano,0.9853407290015848
998,psantagema,ef 8o ano,0.9847775175644028
1057,spdacruz,em 1a serie,0.9834827049848159
794,overmossoro,ef 5o ano,0.9818181818181818
326,colegioensitec,ef 3o ano,0.9814323607427056
162,cem,ef 5o ano,0.9813457694870087
1056,spdacruz,ef 9o ano,0.9813386414530978
262,colegiobrasilia,em 3a serie,0.9805416666666666
978,progressaoig,ef 6o ano,0.9801801801801802
1058,spdacruz,em 2a serie,0.9797078562968812
354,colegioglobal,ef 8o ano,0.9788359788359788
377,colegiointegral,ef 2o ano,0.9786324786324786
378,colegiointegral,ef 3o ano,0.9783950617283951
135,cbpdigital,ef 3o ano,0.9783333333333334
641,integradaeducativa,ef 9o ano,0.9778539194384088
324,colegioeducallis,em 3a serie,0.9775280898876404
161,cem,ef 4o ano,0.9772727272727273
638,integradaeducativa,ef 6o ano,0.9772311631309437
630,integra,ef 2o ano,0.9761904761904762
318,colegioeducallis,ef 6o ano,0.9759174311926605
206,colegioalphaunis,ef 9o ano,0.9758169934640523
473,colegiouniverso,ef 9o ano,0.9752200406228843
321,colegioeducallis,ef 9o ano,0.9750322005350243
629,integra,ef 1o ano,0.975
779,overlimaesilva,ef 3o ano,0.9746376811594203
242,colegiobilac,ef 1o ano,0.9740740740740741
923,pioxiicolegio,em 2a serie,0.97349709114415
642,integradaeducativa,em 1a serie,0.9726027397260274
308,colegioecursoprogressao,ef 8o ano,0.9717465753424658
268,colegiocb,ef 6o ano,0.971635485817743
323,colegioeducallis,em 2a serie,0.9705882352941176
258,colegiobrasilia,ef 8o ano,0.970181371042115
916,pioxi,ef 9o ano,0.9694170515541131
237,colegiobetelbrasileirosp,em 2a serie,0.9692653673163418
261,colegiobrasilia,em 2a serie,0.9678643288301236
134,cbpdigital,ef 2o ano,0.9677333333333333
307,colegioecursoprogressao,ef 7o ano,0.9674225028702641
386,colegiointegral,em 2a serie,0.9670398634401044
566,educandarioterciocorreia,ef 3o ano,0.9669811320754716
634,integra,ef 6o ano,0.9659863945578231
569,educandarioterciocorreia,ef 6o ano,0.9659785932721713
270,colegiocb,ef 8o ano,0.9656885944155229
1097,universitariolondrina,ef 5o ano,0.9655172413793104
1059,spdacruz,em 3a serie,0.9653643336529243
286,colegiodasamericas,outro,0.9653248306098047
165,cem,ef 8o ano,0.9646511627906976
570,educandarioterciocorreia,ef 7o ano,0.9646464646464646
205,colegioalphaunis,ef 8o ano,0.9640605296343001
257,colegiobrasilia,ef 7o ano,0.9636143117040631
983,progressaoig,em 3a serie,0.9634457661180816
633,integra,ef 5o ano,0.9629120879120879
1002,psantagema,em 3a serie,0.9621975806451613
380,colegiointegral,ef 5o ano,0.9613462669018225
1096,universitariolondrina,ef 4o ano,0.9609375
472,colegiouniverso,ef 8o ano,0.9595355383532723
358,colegioglobal,em 3a serie,0.9583333333333334
1001,psantagema,em 2a serie,0.9579478553406223
322,colegioeducallis,em 1a serie,0.9575389948006933
320,colegioeducallis,ef 8o ano,0.9559842667166136
325,colegioensitec,ef 2o ano,0.9555555555555556
470,colegiouniverso,ef 6o ano,0.9552964042759962
47,acessohauer,ef 4o ano,0.9551020408163265
356,colegioglobal,em 1a serie,0.954954954954955
168,cem,em 2a serie,0.9546666666666667
185,ciadosaber,ef 2o ano,0.9535809018567639
465,colegiouirapuru,ef 9o ano,0.9534175010883762
471,colegiouniverso,ef 7o ano,0.9527127924340468
917,pioxi,em 1a serie,0.9522569444444444
979,progressaoig,ef 7o ano,0.9517362217266645
524,crescercampinas,ef 7o ano,0.9509460406447092
523,crescercampinas,ef 6o ano,0.950945815966656
319,colegioeducallis,ef 7o ano,0.9497155159157312
385,colegiointegral,em 1a serie,0.9492414874687095
512,contemporaneolagoanova,em 3a serie,0.9475802066340402
152,ceespacolivre,ef 6o ano,0.9472230745627493
997,psantagema,ef 7o ano,0.945219638242894
274,colegiocb,em 3a serie,0.944788580662537
461,colegiouirapuru,ef 5o ano,0.9444968059482668
632,integra,ef 4o ano,0.9444444444444444
910,pioxi,ef 3o ano,0.9442970822281167
643,integradaeducativa,em 2a serie,0.9432788051209103
976,progressaodc,em 3a serie,0.9430634634078601
255,colegiobrasilia,ef 5o ano,0.9430463576158941
236,colegiobetelbrasileirosp,em 1a serie,0.9430379746835443
164,cem,ef 7o ano,0.9427917620137299
919,pioxi,em 3a serie,0.9427844882390337
254,colegiobrasilia,ef 4o ano,0.9426508071367884
913,pioxi,ef 6o ano,0.9420532574108189
203,colegioalphaunis,ef 6o ano,0.9415204678362573
317,colegioeducallis,ef 5o ano,0.9407894736842105
940,portinari,ef 6o ano,0.9402964008468596
256,colegiobrasilia,ef 6o ano,0.9402745327102804
234,colegiobetelbrasileirosp,ef 8o ano,0.9402035623409669
204,colegioalphaunis,ef 7o ano,0.9374588545095458
252,colegiobrasilia,ef 2o ano,0.936969696969697
981,progressaoig,em 1a serie,0.9364879735890583
253,colegiobrasilia,ef 3o ano,0.9357429718875502
924,pioxiicolegio,em 3a serie,0.9357225053427585
166,cem,ef 9o ano,0.9345661450924608
683,maplebearslz,ef 6o ano,0.934167215273206
462,colegiouirapuru,ef 6o ano,0.9338927027714213
918,pioxi,em 2a serie,0.9333822271116
269,colegiocb,ef 7o ano,0.9332403965303594
335,colegioensitec,em 3a serie,0.9323076923076923
568,educandarioterciocorreia,ef 5o ano,0.9319444444444445
159,cem,ef 2o ano,0.9316239316239316
761,overabelcabral,ef 4o ano,0.93125
459,colegiouirapuru,ef 3o ano,0.930576070901034
1024,santamariacn,em 2a serie,0.9298229768786127
235,colegiobetelbrasileirosp,ef 9o ano,0.9297105729474306
922,pioxiicolegio,em 1a serie,0.9288135593220339
265,colegiocb,ef 3o ano,0.9282608695652174
279,colegiodasamericas,ef 6o ano,0.9261300992282249
167,cem,em 1a serie,0.9230769230769231
46,acessohauer,ef 3o ano,0.9230769230769231
280,colegiodasamericas,ef 7o ano,0.922300706357215
25,acessocampolargo,em 3a serie,0.9219961240310077
55,acessosantafelicidade,ef 2o ano,0.921875
355,colegioglobal,ef 9o ano,0.920332936979786
357,colegioglobal,em 2a serie,0.9193245778611632
657,isem,ef 5o ano,0.9188311688311688
980,progressaoig,ef 9o ano,0.9186827956989247
238,colegiobetelbrasileirosp,em 3a serie,0.9180651530108588
552,eacorcovado,ef 9o ano,0.9178082191780822
942,portinari,ef 8o ano,0.9176645174495958
119,aprovest,outro,0.9176470588235294
273,colegiocb,em 2a serie,0.917530133220554
10,acessoalmirantetamandare,em 3a serie,0.9171511627906976
404,colegiomagnum,em 3a serie,0.9143794024775321
943,portinari,ef 9o ano,0.9143758049473731
759,overabelcabral,ef 2o ano,0.9142857142857143
526,crescercampinas,ef 9o ano,0.9138984852511294
410,colegiomundial,em 2a serie,0.9130434782608695
780,overlimaesilva,ef 4o ano,0.9125964010282777
463,colegiouirapuru,ef 7o ano,0.9110671936758893
154,ceespacolivre,ef 8o ano,0.9106910039113429
309,colegioecursoprogressao,ef 9o ano,0.9103128621089224
915,pioxi,ef 8o ano,0.9102685999524602
271,colegiocb,ef 9o ano,0.9093374660984115
506,contemporaneolagoanova,ef 6o ano,0.9090909090909091
1025,santamariacn,em 3a serie,0.908198218771409
996,psantagema,ef 6o ano,0.9067226890756303
282,colegiodasamericas,ef 9o ano,0.9063794531897266
160,cem,ef 3o ano,0.90625
684,maplebearslz,ef 7o ano,0.9060509554140127
233,colegiobetelbrasileirosp,ef 7o ano,0.9060451565914057
507,contemporaneolagoanova,ef 7o ano,0.9054054054054054
352,colegioglobal,ef 6o ano,0.9049230769230769
909,pioxi,ef 2o ano,0.904639175257732
579,einsteinassis,em 1a serie,0.9032258064516129
911,pioxi,ef 4o ano,0.9023383768913342
311,colegioecursoprogressao,em 2a serie,0.9023077932547197
351,colegioglobal,ef 5o ano,0.9012168933428776
136,cbpdigital,ef 4o ano,0.9001536098310292
416,colegionovageracao,ef 4o ano,0.9
415,colegionovageracao,ef 3o ano,0.9
571,educandarioterciocorreia,ef 8o ano,0.9
312,colegioecursoprogressao,em 3a serie,0.8977484898407468
464,colegiouirapuru,ef 8o ano,0.8962075848303394
232,colegiobetelbrasileirosp,ef 6o ano,0.8960629921259843
53,acessopinhais,em 3a serie,0.8956823195713836
758,overabelcabral,ef 1o ano,0.8952380952380953
284,colegiodasamericas,em 2a serie,0.8949115044247787
285,colegiodasamericas,em 3a serie,0.8947690425206485
941,portinari,ef 7o ano,0.894429910616961
310,colegioecursoprogressao,em 1a serie,0.8930152185775784
224,colegiobatistaindependente,ef 7o ano,0.8923124805477747
263,colegiobrasilia,outro,0.8918918918918919
807,overpontanegra,ef 3o ano,0.8918230989500477
1028,santoamerico,ef 6o ano,0.889827100924809
725,novotempo,em 3a serie,0.8892339544513458
999,psantagema,ef 9o ano,0.8889297535858771
920,pioxi,outro,0.8888888888888888
407,colegiomundial,ef 6o ano,0.8888888888888888
508,contemporaneolagoanova,ef 8o ano,0.8865478119935171
1029,santoamerico,ef 7o ano,0.8855765015344147
65,acessosantafelicidade,em 3a serie,0.885208306790674
1095,universitariolondrina,ef 3o ano,0.8846153846153846
349,colegioglobal,ef 3o ano,0.8821292775665399
281,colegiodasamericas,ef 8o ano,0.8818350324374421
348,colegioglobal,ef 2o ano,0.8813643104300544
655,isem,ef 3o ano,0.8781818181818182
1000,psantagema,em 1a serie,0.8780709736123748
505,contemporaneocidadeverde,em 3a serie,0.877604993123876
525,crescercampinas,ef 8o ano,0.8775193798449612
227,colegiobatistaindependente,em 1a serie,0.8743455497382199
577,einsteinassis,ef 8o ano,0.8734939759036144
975,progressaodc,em 2a serie,0.872117962466488
137,cbpdigital,ef 5o ano,0.8716814159292036
78,acessosjpinhais,em 3a serie,0.8715354330708661
228,colegiobatistaindependente,em 2a serie,0.8713235294117647
682,maplebearslz,ef 5o ano,0.871056584877316
956,portoseguro,ef 4o ano,0.8709761994931103
448,colegiosete,ef 2o ano,0.8700564971751412
760,overabelcabral,ef 3o ano,0.8677685950413223
1077,stellamarisjuveve,em 3a serie,0.8654814814814815
769,overabelcabral,em 3a serie,0.8653729533050334
1015,saberviver,ef 5o ano,0.8645833333333334
151,ceespacolivre,ef 5o ano,0.8641975308641975
789,overmarciliofurtado,em 3a serie,0.8631677600749765
527,crescercampinas,em 1a serie,0.862860151959678
685,maplebearslz,ef 8o ano,0.862735542560104
2,acessoalmirantetamandare,ef 4o ano,0.8620689655172413
705,master,ef 7o ano,0.8592576959025537
968,prismapatrocinio,em 2a serie,0.8582829301075269
195,cnslpb,ef 7o ano,0.8582089552238806
986,provaspoliedro,ef 1o ano,0.8571428571428571
223,colegiobatistaindependente,ef 6o ano,0.8569023569023569
704,master,ef 6o ano,0.8566122568663864
437,colegiopremium,em 1a serie,0.8557344725599737
27,acessocampolargokids,ef 2o ano,0.8541666666666666
332,colegioensitec,ef 9o ano,0.8537234042553191
561,eccos,ef 7o ano,0.8531038721573448
745,objetivolorena,em 1a serie,0.8512575075075075
650,invictus,em 1a serie,0.851031321619557
194,cnslpb,ef 6o ano,0.8474128827877508
17,acessoboqueirao,em 3a serie,0.8469434455704479
563,eccos,ef 9o ano,0.8459937565036421
781,overlimaesilva,ef 5o ano,0.8449438202247191
306,colegioecursoprogressao,ef 6o ano,0.8444924406047516
656,isem,ef 4o ano,0.8436213991769548
196,cnslpb,ef 8o ano,0.8429602888086642
182,ceprimeiromundo,em 3a serie,0.8427128427128427
974,progressaodc,em 1a serie,0.8399375975039002
651,invictus,em 2a serie,0.8396971691902567
966,prismapatrocinio,ef 9o ano,0.8393596686842943
225,colegiobatistaindependente,ef 8o ano,0.8384584664536742
226,colegiobatistaindependente,ef 9o ano,0.834319526627219
612,idaam,em 3a serie,0.8334895052473763
57,acessosantafelicidade,ef 4o ano,0.8333333333333334
646,invictus,ef 6o ano,0.8328373015873016
387,colegiointegral,em 3a serie,0.8325492831541219
343,colegiofuturageracao,ef 6o ano,0.8315649867374005
169,cem,em 3a serie,0.8304668304668305
762,overabelcabral,ef 5o ano,0.8291215403128761
86,aescobjetivo,ef 4o ano,0.8289686388619464
912,pioxi,ef 5o ano,0.8287581699346406
746,objetivolorena,em 2a serie,0.8285238623751388
1014,saberviver,ef 4o ano,0.8272727272727273
964,prismapatrocinio,ef 7o ano,0.8254229323308271
575,einsteinassis,ef 6o ano,0.8248772504091653
260,colegiobrasilia,em 1a serie,0.823850033110896
56,acessosantafelicidade,ef 3o ano,0.8228438228438228
272,colegiocb,em 1a serie,0.8186673448626653
29,acessocampolargokids,ef 4o ano,0.8183333333333334
1098,universitariolondrina,ef 6o ano,0.8171456287134715
829,overzonanorte,em 3a serie,0.8141199226305609
132,cats,outro,0.8138694638694639
139,cbpdigital,ef 7o ano,0.812866568914956
174,ceprimeiromundo,ef 4o ano,0.8105781057810578
337,colegioflamingo,em 2a serie,0.8104566333423399
283,colegiodasamericas,em 1a serie,0.8092307692307692
229,colegiobatistaindependente,em 3a serie,0.8057225294541958
336,colegioflamingo,em 1a serie,0.8020833333333334
338,colegioflamingo,em 3a serie,0.8013357619914997
11,acessoalmirantetamandare,outro,0.8
408,colegiomundial,ef 9o ano,0.8
331,colegioensitec,ef 8o ano,0.7986501687289089
173,ceprimeiromundo,ef 3o ano,0.7967479674796748
555,eacorcovado,em 3a serie,0.7963709677419355
686,maplebearslz,ef 9o ano,0.7960414059833921
259,colegiobrasilia,ef 9o ano,0.7930331350892098
576,einsteinassis,ef 7o ano,0.792368125701459
988,provaspoliedro,ef 7o ano,0.7919372900335946
931,plannetataboao,ef 5o ano,0.7908443681732799
960,prismapatrocinio,ef 2o ano,0.7905224259111658
138,cbpdigital,ef 6o ano,0.7880361930294906
989,provaspoliedro,ef 8o ano,0.787288569964121
965,prismapatrocinio,ef 8o ano,0.7867573340307746
329,colegioensitec,ef 6o ano,0.7857142857142857
344,colegiofuturageracao,ef 7o ano,0.7845679012345679
660,isem,ef 8o ano,0.7827041264266901
61,acessosantafelicidade,ef 8o ano,0.7808058138292188
816,overpontanegra,em 3a serie,0.7781874039938556
675,magister,ef 4o ano,0.776275115919629
345,colegiofuturageracao,ef 8o ano,0.7716666666666666
198,cnslpb,em 1a serie,0.7707713125845738
1124,villalobos,em 1a serie,0.7688599348534202
451,colegiosete,ef 5o ano,0.7678108162043504
484,colegioup,em 2a serie,0.7667971863196923
869,physicsbatistacampos,ef 7o ano,0.7645714285714286
43,acessofazendariogrande,outro,0.7644710578842315
951,porto,ef 9o ano,0.7632607956477389
163,cem,ef 6o ano,0.7617625093353249
333,colegioensitec,em 1a serie,0.761211415259173
1099,universitariolondrina,ef 7o ano,0.7607317660274412
83,aescobjetivo,ef 1o ano,0.7604832977967306
766,overabelcabral,ef 9o ano,0.760079139913394
521,crb,outro,0.76
890,physicsmacapa,ef 9o ano,0.7598793363499246
967,prismapatrocinio,em 1a serie,0.757255307306989
578,einsteinassis,ef 9o ano,0.7565406976744186
141,cbpdigital,ef 9o ano,0.7558818885204485
661,isem,ef 9o ano,0.7554666666666666
42,acessofazendariogrande,em 3a serie,0.7542607093505297
706,master,ef 8o ano,0.7533568489124045
60,acessosantafelicidade,ef 7o ano,0.7509571388551686
424,colegioplanck,em 1a serie,0.7502739726027398
334,colegioensitec,em 2a serie,0.7497454175152749
953,porto,em 2a serie,0.7495931891611443
930,plannetataboao,ef 4o ano,0.7472729848420456
987,provaspoliedro,ef 6o ano,0.7449306296691569
649,invictus,ef 9o ano,0.7443794271635356
45,acessohauer,ef 2o ano,0.7442129629629629
100,amadeus,ef 5o ano,0.7435897435897436
1121,villalobos,ef 7o ano,0.7416775153431281
647,invictus,ef 7o ano,0.7416595380667237
450,colegiosete,ef 4o ano,0.7395209580838323
411,colegiomundial,em 3a serie,0.7391304347826086
436,colegiopremium,ef 9o ano,0.7379857918930213
122,beityaacov,em 3a serie,0.7368421052631579
491,conexaosaber,ef 5o ano,0.7365204888569374
197,cnslpb,ef 9o ano,0.7363756364322082
763,overabelcabral,ef 6o ano,0.7345571213905698
952,porto,em 1a serie,0.7341972047168558
330,colegioensitec,ef 7o ano,0.7331815882650481
698,mariliamattoso,em 3a serie,0.732559064513563
1100,universitariolondrina,ef 8o ano,0.7312708458051825
128,casdinhosjc,ef 8o ano,0.7301587301587301
350,colegioglobal,ef 4o ano,0.7292707292707292
950,porto,ef 8o ano,0.7287790697674419
1031,santoamerico,ef 9o ano,0.7274706138441446
870,physicsbatistacampos,ef 8o ano,0.7274633123689728
278,colegiodasamericas,ef 4o ano,0.7272727272727273
1030,santoamerico,ef 8o ano,0.7263681592039801
990,provaspoliedro,ef 9o ano,0.7245758073344281
606,faculdadeflamingo,outro,0.7226107226107226
85,aescobjetivo,ef 3o ano,0.7219047619047619
681,maplebearslz,ef 4o ano,0.7208551835417507
808,overpontanegra,ef 4o ano,0.7207207207207207
423,colegioplanck,ef 9o ano,0.71875
929,plannetataboao,ef 3o ano,0.7180509674374705
585,elitecuritibaemilianoperneta,em 3a serie,0.7179480088495576
560,eccos,ef 6o ano,0.7167689161554193
84,aescobjetivo,ef 2o ano,0.7163892445582587
567,educandarioterciocorreia,ef 4o ano,0.716
659,isem,ef 7o ano,0.7140134671579215
3,acessoalmirantetamandare,ef 5o ano,0.7137508509189925
38,acessofazendariogrande,ef 8o ano,0.7121509064184224
140,cbpdigital,ef 8o ano,0.710174387504012
288,colegioeag,ef 1o ano,0.7046979865771812
927,plannetataboao,ef 1o ano,0.7035766780989711
928,plannetataboao,ef 2o ano,0.7028566094100075
559,eccos,ef 5o ano,0.7027804410354745
963,prismapatrocinio,ef 6o ano,0.7016819571865444
676,magister,ef 5o ano,0.7015250544662309
982,progressaoig,em 2a serie,0.7014925373134329
800,overmossoro,em 3a serie,0.7012987012987013
6,acessoalmirantetamandare,ef 8o ano,0.699812382739212
562,eccos,ef 8o ano,0.6970702045328911
674,magister,ef 3o ano,0.6945690084703537
658,isem,ef 6o ano,0.6935400516795865
98,amadeus,ef 3o ano,0.6933333333333334
662,itamarati,ef 8o ano,0.6933333333333334
954,porto,em 3a serie,0.6916063638026072
187,ciadosaber,ef 4o ano,0.6910016977928692
580,einsteinassis,em 2a serie,0.6906130268199234
290,colegioeag,ef 4o ano,0.6904761904761905
692,mariliamattoso,ef 6o ano,0.690404429803042
87,aescobjetivo,ef 5o ano,0.6895877754086709
449,colegiosete,ef 3o ano,0.6883280757097792
694,mariliamattoso,ef 8o ano,0.6883188273018781
129,casdinhosjc,ef 9o ano,0.688076633024726
19,acessocampolargo,ef 6o ano,0.6880407124681934
849,physicsalmirantebarroso,em 2a serie,0.6870756980246031
648,invictus,ef 8o ano,0.6856827383143173
35,acessofazendariogrande,ef 5o ano,0.6843657817109144
693,mariliamattoso,ef 7o ano,0.6836260151315333
699,master,ef 1o ano,0.6818181818181818
819,overzonanorte,ef 2o ano,0.6805555555555556
58,acessosantafelicidade,ef 5o ano,0.6787190082644629
837,physicsalcindocacela,em 2a serie,0.6782977006857603
961,prismapatrocinio,ef 4o ano,0.678125
969,prismapatrocinio,em 3a serie,0.676405021705972
425,colegioplanck,em 2a serie,0.6762940735183796
688,maplebearslz,em 2a serie,0.6742263671047054
548,domus,em 3a serie,0.6731884057971015
217,colegioarena,em 1a serie,0.6706192358366272
1101,universitariolondrina,ef 9o ano,0.6704038456002993
90,aescobjetivo,ef 8o ano,0.6696975235310244
50,acessohauer,ef 7o ano,0.6693894220951603
891,physicsmacapa,em 1a serie,0.6674912389198103
301,colegioecursodesafio,em 1a serie,0.6672771672771672
558,eccos,ef 4o ano,0.6666666666666666
677,magister,outro,0.6666666666666666
1119,villalobos,ef 5o ano,0.6666666666666666
26,acessocampolargo,outro,0.6646706586826348
625,institutoeurofarma,outro,0.6616915422885572
439,colegiopremium,em 3a serie,0.6612118531623176
695,mariliamattoso,ef 9o ano,0.6601577909270216
702,master,ef 4o ano,0.6576136710405859
99,amadeus,ef 4o ano,0.6574440052700923
744,objetivolorena,ef 9o ano,0.6569134207125715
529,crescercampinas,em 3a serie,0.6549019607843137
482,colegioup,ef 9o ano,0.6540971168437025
485,colegioup,em 3a serie,0.6535495130327085
838,physicsalcindocacela,em 3a serie,0.6512152599733361
836,physicsalcindocacela,em 1a serie,0.6509695290858726
626,institutosaojose,em 1a serie,0.6502487562189054
479,colegioup,ef 6o ano,0.6483935742971888
499,contemporaneocidadeverde,ef 6o ano,0.6467391304347826
409,colegiomundial,em 1a serie,0.6451612903225806
49,acessohauer,ef 6o ano,0.64477587343441
1089,stellamarisxaxim,em 3a serie,0.6434294871794872
481,colegioup,ef 8o ano,0.6426122194513716
825,overzonanorte,ef 8o ano,0.6412698412698413
299,colegioecursodesafio,ef 8o ano,0.6410761154855643
199,cnslpb,em 2a serie,0.6401246638963578
871,physicsbatistacampos,ef 9o ano,0.6400679117147708
880,physicscidadenova,em 1a serie,0.6393260838460438
946,portinari,em 3a serie,0.6392649903288201
1017,sagradafamilia,em 1a serie,0.6387030365414308
447,colegiosete,ef 1o ano,0.6385636221701796
723,novotempo,em 1a serie,0.6378718535469108
885,physicsconselheirofurtado,em 1a serie,0.6372228552216225
1122,villalobos,ef 8o ano,0.63689505165851
1123,villalobos,ef 9o ano,0.6360619469026548
191,ciadosaber,ef 8o ano,0.6350877192982456
743,objetivolorena,ef 8o ano,0.6335877862595419
48,acessohauer,ef 5o ano,0.6334062727935813
962,prismapatrocinio,ef 5o ano,0.6333333333333333
528,crescercampinas,em 2a serie,0.6293720190779014
501,contemporaneocidadeverde,ef 8o ano,0.6289381563593932
91,aescobjetivo,ef 9o ano,0.6285273368606702
878,physicscidadenova,ef 8o ano,0.6284584980237155
1118,villalobos,ef 4o ano,0.6279761904761905
850,physicsalmirantebarroso,em 3a serie,0.6267655367231638
434,colegiopremium,ef 7o ano,0.6246279761904762
89,aescobjetivo,ef 7o ano,0.6227490996398559
480,colegioup,ef 7o ano,0.6211180124223602
1126,villalobos,em 3a serie,0.6204545454545455
707,master,ef 9o ano,0.6196164062118077
856,physicsaugustomontenegro,ef 7o ano,0.618595825426945
92,aescobjetivo,em 1a serie,0.616755607437672
713,minhalista,outro,0.6166666666666667
879,physicscidadenova,ef 9o ano,0.6160714285714286
581,einsteinassis,em 3a serie,0.6116071428571429
724,novotempo,em 2a serie,0.6100543478260869
1125,villalobos,em 2a serie,0.6082101806239737
14,acessoboqueirao,ef 9o ano,0.6078464458974899
764,overabelcabral,ef 7o ano,0.6074666666666667
783,overmarciliofurtado,ef 6o ano,0.6073557982179942
687,maplebearslz,em 1a serie,0.6066978193146417
547,domus,em 2a serie,0.6065217391304348
438,colegiopremium,em 2a serie,0.6050875729774813
824,overzonanorte,ef 7o ano,0.6043712014960262
652,invictus,em 3a serie,0.6031746031746031
865,physicsbatistacampos,ef 3o ano,0.6
22,acessocampolargo,ef 9o ano,0.5981928821685414
1114,universobarcarena,ef 9o ano,0.596453683888719
1019,sagradafamilia,em 3a serie,0.5961963732861566
294,colegioecursodesafio,ef 3o ano,0.5960471567267683
765,overabelcabral,ef 8o ano,0.5958655824434211
4,acessoalmirantetamandare,ef 6o ano,0.5957792207792207
703,master,ef 5o ano,0.5954940407535563
207,colegioalphaunis,em 1a serie,0.5953571428571428
289,colegioeag,ef 3o ano,0.5952380952380952
125,brasilcursinhos,outro,0.5947315771923974
806,overpontanegra,ef 2o ano,0.59375
1111,universobarcarena,ef 6o ano,0.5916798553018313
771,overjoaopessoa,ef 9o ano,0.591025641025641
34,acessofazendariogrande,ef 4o ano,0.5897435897435898
1022,santadoroteia,em 2a serie,0.5875888817065288
826,overzonanorte,ef 9o ano,0.5873745819397993
1,acessoalmirantetamandare,ef 3o ano,0.5852187028657617
368,colegioiguatemy,ef 5o ano,0.5847619047619048
868,physicsbatistacampos,ef 6o ano,0.5844155844155844
1120,villalobos,ef 6o ano,0.5836843272001774
1013,rede,ef 9o ano,0.5833333333333334
298,colegioecursodesafio,ef 7o ano,0.5831157528285466
813,overpontanegra,ef 9o ano,0.5820081176392308
5,acessoalmirantetamandare,ef 7o ano,0.5813148788927336
877,physicscidadenova,ef 7o ano,0.581081081081081
945,portinari,em 2a serie,0.5802916025527836
1116,universobarcarena,em 2a serie,0.5786057692307692
857,physicsaugustomontenegro,ef 8o ano,0.5774144098109351
483,colegioup,em 1a serie,0.5765899430587857
367,colegioiguatemy,ef 4o ano,0.5765877957658779
742,objetivolorena,ef 7o ano,0.5753962264150944
420,colegioplanck,ef 6o ano,0.5753768844221105
944,portinari,em 1a serie,0.5752910139656894
500,contemporaneocidadeverde,ef 7o ano,0.5738831615120275
297,colegioecursodesafio,ef 6o ano,0.5704918032786885
601,escolamaster,em 2a serie,0.5695790177079852
554,eacorcovado,em 2a serie,0.5674531155474895
218,colegioarena,em 2a serie,0.5672514619883041
1102,universitariolondrina,em 1a serie,0.5670721268075547
822,overzonanorte,ef 5o ano,0.5664349169563538
189,ciadosaber,ef 6o ano,0.5655923740354063
984,progressaoig,outro,0.5645161290322581
421,colegioplanck,ef 7o ano,0.5644970414201184
33,acessofazendariogrande,ef 3o ano,0.5629804849201656
545,dommga,em 3a serie,0.5628277335404933
69,acessosjpinhais,ef 3o ano,0.5627653123104912
795,overmossoro,ef 6o ano,0.5605442176870749
697,mariliamattoso,em 2a serie,0.558821743091406
59,acessosantafelicidade,ef 6o ano,0.5584033613445378
494,conexaosaber,ef 8o ano,0.5583778966131907
741,objetivolorena,ef 6o ano,0.5578512396694215
433,colegiopremium,ef 6o ano,0.5576131687242798
1112,universobarcarena,ef 7o ano,0.5566702819956616
592,escolaceciliameireles,ef 3o ano,0.5555555555555556
823,overzonanorte,ef 6o ano,0.5539617486338798
208,colegioalphaunis,em 2a serie,0.5522132550745904
906,physicsumarizal,em 3a serie,0.5515364916773368
300,colegioecursodesafio,ef 9o ano,0.5514645720831288
190,ciadosaber,ef 7o ano,0.5491493383742911
475,colegiouniverso,em 2a serie,0.5472989195678272
784,overmarciliofurtado,ef 7o ano,0.5472064148991206
13,acessoboqueirao,ef 8o ano,0.5456053927923257
921,pioxiicolegio,ef 9o ano,0.5440467123635441
600,escolamaster,em 1a serie,0.5439746083751408
1018,sagradafamilia,em 2a serie,0.5422322775263951
476,colegiouniverso,em 3a serie,0.5417816693632816
791,overmossoro,ef 1o ano,0.5416666666666666
492,conexaosaber,ef 6o ano,0.5398198198198199
21,acessocampolargo,ef 8o ano,0.5391979768786127
774,overjoaopessoa,em 3a serie,0.5386192754613808
835,physicsalcindocacela,ef 9o ano,0.5380653828929691
709,master,em 2a serie,0.5380146397418653
809,overpontanegra,ef 5o ano,0.5380059230009872
667,lasalleaguasclaras,em 1a serie,0.5353827875547635
858,physicsaugustomontenegro,ef 9o ano,0.5352380952380953
426,colegioplanck,em 3a serie,0.5351691293198193
786,overmarciliofurtado,ef 9o ano,0.5343550446998723
810,overpontanegra,ef 6o ano,0.5333857030636292
490,conexaosaber,ef 4o ano,0.5322299651567944
20,acessocampolargo,ef 7o ano,0.5320675105485232
696,mariliamattoso,em 1a serie,0.5316577657875902
468,colegiouirapuru,em 3a serie,0.5291512915129152
992,provaspoliedro,em 2a serie,0.5290636174593264
881,physicscidadenova,em 2a serie,0.5289686739701173
388,colegiointegral,outro,0.5285515320334262
617,institutoauxiliadoradf,em 1a serie,0.5284687672747375
1073,stellamarisjuveve,ef 8o ano,0.5277777777777778
291,colegioeag,ef 5o ano,0.527027027027027
818,overzonanorte,ef 1o ano,0.5222222222222223
1072,stellamarisjuveve,ef 7o ano,0.5220563284696301
827,overzonanorte,em 1a serie,0.5214872741754463
7,acessoalmirantetamandare,ef 9o ano,0.521108179419525
112,amaisteste,ef 9o ano,0.52
892,physicsmacapa,em 2a serie,0.5192743764172335
627,institutosaojose,em 2a serie,0.5188536953242836
796,overmossoro,ef 7o ano,0.5181598062953995
209,colegioalphaunis,em 3a serie,0.5181030086690463
785,overmarciliofurtado,ef 8o ano,0.5180061735452155
396,colegiojoaopaulo,em 1a serie,0.517211887962369
103,amadeus,ef 8o ano,0.5165950443448843
474,colegiouniverso,em 1a serie,0.5163064833005894
97,amadeus,ef 2o ano,0.5161835748792271
668,lasalleaguasclaras,em 2a serie,0.5151852135899992
888,physicsmacapa,ef 7o ano,0.5135746606334841
882,physicscidadenova,em 3a serie,0.5124385542888733
896,physicsumarizal,ef 2o ano,0.5113636363636364
1064,stellamarisaguaverde,ef 6o ano,0.5107638888888889
1103,universitariolondrina,em 2a serie,0.508794982828132
859,physicsaugustomontenegro,em 1a serie,0.5079365079365079
360,colegioguilhermedealmeida,ef 7o ano,0.5058609012763741
422,colegioplanck,ef 8o ano,0.5053009883198563
886,physicsconselheirofurtado,em 2a serie,0.5052905048364925
797,overmossoro,ef 8o ano,0.505
88,aescobjetivo,ef 6o ano,0.504257528556594
701,master,ef 3o ano,0.5030385582564962
669,lasalleaguasclaras,em 3a serie,0.5020446208431054
106,amadeus,em 2a serie,0.5017497812773404
1065,stellamarisaguaverde,ef 7o ano,0.5011116051578479
618,institutoauxiliadoradf,em 2a serie,0.5004763038818766
628,institutosaojose,em 3a serie,0.5001886080724255
1005,qescola,ef 1o ano,0.5
305,colegioecursoprogressao,ef 1o ano,0.5
957,positivoon,em 3a serie,0.5
925,plannetaosasco,ef 2o ano,0.5
619,institutoauxiliadoradf,em 3a serie,0.49914571637783745
672,macvest,outro,0.498303647158609
553,eacorcovado,em 1a serie,0.4953560371517028
708,master,em 1a serie,0.4937094809634199
848,physicsalmirantebarroso,em 1a serie,0.49308646371135245
887,physicsconselheirofurtado,em 3a serie,0.4908077154912598
889,physicsmacapa,ef 8o ano,0.49074074074074076
1048,simuladoita,outro,0.48948933374822806
66,acessosantafelicidade,outro,0.4880239520958084
179,ceprimeiromundo,ef 9o ano,0.4857957922263164
542,deltaeducacional,em 1a serie,0.48520064205457464
1084,stellamarisxaxim,ef 7o ano,0.4847222222222222
192,ciadosaber,ef 9o ano,0.48405797101449277
904,physicsumarizal,em 1a serie,0.4825501824817518
1083,stellamarisxaxim,ef 6o ano,0.48202330771138113
177,ceprimeiromundo,ef 7o ano,0.4819205298013245
369,colegioiguatemy,ef 6o ano,0.47746679316888047
1117,universobarcarena,em 3a serie,0.4765958315471452
200,cnslpb,em 3a serie,0.47630341789843716
397,colegiojoaopaulo,em 2a serie,0.4762799269878963
908,pioxi,ef 1o ano,0.47560975609756095
178,ceprimeiromundo,ef 8o ano,0.4755163326591898
584,elitecuritibaemilianoperneta,em 2a serie,0.4755156002115283
37,acessofazendariogrande,ef 7o ano,0.4748971193415638
1109,universobarcarena,ef 4o ano,0.4747826086956522
534,cursoisfera,outro,0.4741777656972003
458,colegiosete,em 3a serie,0.473972602739726
36,acessofazendariogrande,ef 6o ano,0.4738372093023256
102,amadeus,ef 7o ano,0.4737540106951872
1085,stellamarisxaxim,ef 8o ano,0.47285067873303166
846,physicsalmirantebarroso,ef 8o ano,0.47276688453159044
101,amadeus,ef 6o ano,0.4724529066234555
467,colegiouirapuru,em 2a serie,0.4720252167060678
1082,stellamarisxaxim,ef 5o ano,0.4714747039827772
876,physicscidadenova,ef 6o ano,0.47055324211778704
902,physicsumarizal,ef 8o ano,0.4700854700854701
457,colegiosete,em 2a serie,0.4699675324675325
94,aescobjetivo,em 3a serie,0.4696529321251496
1113,universobarcarena,ef 8o ano,0.46933913403770455
371,colegioiguatemy,ef 8o ano,0.4684898929845422
1115,universobarcarena,em 1a serie,0.46823278163374266
456,colegiosete,em 1a serie,0.4643115942028985
670,liessinbarra,ef 8o ano,0.4642857142857143
583,elitecuritibaemilianoperneta,em 1a serie,0.46428184281842816
798,overmossoro,ef 9o ano,0.4625668449197861
828,overzonanorte,em 2a serie,0.4619060748093006
372,colegioiguatemy,ef 9o ano,0.4609967497291441
435,colegiopremium,ef 8o ano,0.4606356968215159
374,colegioiguatemy,em 2a serie,0.46018005540166207
860,physicsaugustomontenegro,em 2a serie,0.4591970802919708
495,conexaosaber,ef 9o ano,0.4575892857142857
691,mariliamattoso,ef 5o ano,0.45528007346189164
117,apogeustoantonio2,ef 9o ano,0.45454545454545453
991,provaspoliedro,em 1a serie,0.45047741199943
520,crb,em 3a serie,0.45027717773208753
740,objetivolorena,ef 5o ano,0.4489795918367347
75,acessosjpinhais,ef 9o ano,0.4484467005076142
519,crb,em 2a serie,0.44736413807388997
24,acessocampolargo,em 2a serie,0.44497315763787215
105,amadeus,em 1a serie,0.44474445146588537
665,joaobelem,ef 6o ano,0.4444444444444444
851,physicsaugustomontenegro,ef 2o ano,0.4444444444444444
62,acessosantafelicidade,ef 9o ano,0.44309122034727316
752,oficinadoestudante,ef 3o ano,0.4412568306010929
1107,universobarcarena,ef 2o ano,0.4403028538147932
364,colegioguilhermedealmeida,em 2a serie,0.4396551724137931
768,overabelcabral,em 2a serie,0.4393180570801317
74,acessosjpinhais,ef 8o ano,0.4390022358859698
1074,stellamarisjuveve,ef 9o ano,0.43709372171480293
1088,stellamarisxaxim,em 2a serie,0.43631766248361115
1104,universitariolondrina,em 3a serie,0.4362591353599981
518,crb,em 1a serie,0.43588628035006105
767,overabelcabral,em 1a serie,0.43468368933627954
905,physicsumarizal,em 2a serie,0.4342254663422547
821,overzonanorte,ef 4o ano,0.43315508021390375
493,conexaosaber,ef 7o ano,0.43310775637688703
1071,stellamarisjuveve,ef 6o ano,0.4325071326676177
73,acessosjpinhais,ef 7o ano,0.43142276116592604
63,acessosantafelicidade,em 1a serie,0.43072634116937913
104,amadeus,ef 9o ano,0.42932068898780723
739,objetivolorena,ef 4o ano,0.4266666666666667
70,acessosjpinhais,ef 4o ano,0.4257738471257107
466,colegiouirapuru,em 1a serie,0.4247557003257329
1081,stellamarisxaxim,ef 4o ano,0.42337888921198025
375,colegioiguatemy,em 3a serie,0.4221572119053676
845,physicsalmirantebarroso,ef 7o ano,0.42163801820020225
1080,stellamarisxaxim,ef 3o ano,0.41967871485943775
958,prevest,outro,0.41935483870967744
586,elitecuritibaemilianoperneta,outro,0.41406593406593406
296,colegioecursodesafio,ef 5o ano,0.41317365269461076
1086,stellamarisxaxim,ef 9o ano,0.4128289473684211
295,colegioecursodesafio,ef 4o ano,0.4127272727272727
18,acessoboqueirao,outro,0.409517889211217
700,master,ef 2o ano,0.40888946819603755
1079,stellamarisxaxim,ef 2o ano,0.4066404855408783
292,colegioecursodesafio,ef 1o ano,0.40556900726392253
543,deltaeducacional,em 2a serie,0.4055232558139535
903,physicsumarizal,ef 9o ano,0.4052734375
853,physicsaugustomontenegro,ef 4o ano,0.40444444444444444
362,colegioguilhermedealmeida,ef 9o ano,0.40350877192982454
622,institutocristao,ef 9o ano,0.4034896401308615
188,ciadosaber,ef 5o ano,0.40345110928512734
39,acessofazendariogrande,ef 9o ano,0.4032768571960529
1063,stellamarisaguaverde,ef 5o ano,0.40309734513274337
64,acessosantafelicidade,em 2a serie,0.40304311073541843
855,physicsaugustomontenegro,ef 6o ano,0.40276497695852537
854,physicsaugustomontenegro,ef 5o ano,0.40229885057471265
866,physicsbatistacampos,ef 4o ano,0.40229885057471265
293,colegioecursodesafio,ef 2o ano,0.40104413858566684
1069,stellamarisjuveve,ef 4o ano,0.3991462113127001
843,physicsalmirantebarroso,ef 5o ano,0.3967391304347826
488,conexaosaber,ef 2o ano,0.3962962962962963
79,acessosjpinhais,outro,0.3922384701912261
539,cursosazambuja,outro,0.3922134733158355
1070,stellamarisjuveve,ef 5o ano,0.3912039466778629
867,physicsbatistacampos,ef 5o ano,0.3911764705882353
72,acessosjpinhais,ef 6o ano,0.3903913665323105
1012,qescola,outro,0.3888888888888889
452,colegiosete,ef 6o ano,0.38865143699336774
515,crb,ef 7o ano,0.3884693850515327
93,aescobjetivo,em 2a serie,0.38806983807212736
370,colegioiguatemy,ef 7o ano,0.387781469176818
897,physicsumarizal,ef 3o ano,0.3877551020408163
899,physicsumarizal,ef 5o ano,0.3864734299516908
54,acessopinhais,outro,0.38223552894211577
454,colegiosete,ef 8o ano,0.3796181502603521
864,physicsbatistacampos,ef 2o ano,0.37857142857142856
118,apogeustoantonio2,outro,0.3776575854700855
839,physicsalcindocacela,outro,0.3763792094483162
8,acessoalmirantetamandare,em 1a serie,0.37386064030131827
219,colegioarena,em 3a serie,0.36867559523809523
516,crb,ef 8o ano,0.3686367997209059
852,physicsaugustomontenegro,ef 3o ano,0.3671497584541063
550,eacorcovado,ef 5o ano,0.3655913978494624
861,physicsaugustomontenegro,em 3a serie,0.3642578125
453,colegiosete,ef 7o ano,0.3639360639360639
394,colegiojoaopaulo,ef 8o ano,0.3638151425762045
144,ceabb,ef 5o ano,0.36363636363636365
455,colegiosete,ef 9o ano,0.3612471198156682
811,overpontanegra,ef 7o ano,0.36111657165323374
901,physicsumarizal,ef 7o ano,0.35964912280701755
432,colegiopremium,ef 5o ano,0.3595890410958904
359,colegioguilhermedealmeida,ef 6o ano,0.358974358974359
41,acessofazendariogrande,em 2a serie,0.35603562513482695
517,crb,ef 9o ano,0.3541207989601846
1062,stellamarisaguaverde,ef 4o ano,0.3535714285714286
875,physicscidadenova,ef 5o ano,0.3531746031746032
373,colegioiguatemy,em 1a serie,0.35274701873935266
872,physicscidadenova,ef 2o ano,0.352
514,crb,ef 6o ano,0.3512626887843526
840,physicsalmirantebarroso,ef 2o ano,0.35
9,acessoalmirantetamandare,em 2a serie,0.3483664772727273
176,ceprimeiromundo,ef 6o ano,0.3466757123473541
748,objetivolorena,outro,0.34558823529411764
621,institutocristao,ef 7o ano,0.34395973154362414
1076,stellamarisjuveve,em 2a serie,0.34180655475619504
788,overmarciliofurtado,em 2a serie,0.341385246987154
1110,universobarcarena,ef 5o ano,0.34022257551669316
1087,stellamarisxaxim,em 1a serie,0.33985495024456064
40,acessofazendariogrande,em 1a serie,0.3392701048951049
815,overpontanegra,em 2a serie,0.3390587167070218
602,escolamaster,em 3a serie,0.3384418901660281
398,colegiojoaopaulo,em 3a serie,0.336131778269321
15,acessoboqueirao,em 1a serie,0.335756543250213
812,overpontanegra,ef 8o ano,0.3357142857142857
1106,universobarcarena,ef 1o ano,0.33499170812603646
504,contemporaneocidadeverde,em 2a serie,0.3349339302476713
830,overzonanorte,outro,0.3342396777442095
143,ceabb,ef 4o ano,0.3333333333333333
1090,studos,em 1a serie,0.3333333333333333
720,navegasas,ef 5o ano,0.3333333333333333
653,invictus,outro,0.3333333333333333
1093,testevictorhugo,em 1a serie,0.3333333333333333
509,contemporaneolagoanova,ef 9o ano,0.3322537112010796
487,conexaosaber,ef 1o ano,0.33197358197358195
489,conexaosaber,ef 3o ano,0.3309226386149463
787,overmarciliofurtado,em 1a serie,0.3288510025213111
52,acessopinhais,em 2a serie,0.3286674574930803
77,acessosjpinhais,em 2a serie,0.32777870820074806
1108,universobarcarena,ef 3o ano,0.32705795496493173
51,acessopinhais,em 1a serie,0.3269036388140162
893,physicsmacapa,em 3a serie,0.3256394516063024
399,colegioliceu,em 1a serie,0.32487562189054725
16,acessoboqueirao,em 2a serie,0.3232918420345661
898,physicsumarizal,ef 4o ano,0.32098765432098764
728,nucleocriativo,ef 3o ano,0.3192857142857143
76,acessosjpinhais,em 1a serie,0.31896183727482286
841,physicsalmirantebarroso,ef 3o ano,0.3181818181818182
624,institutocristao,em 3a serie,0.3181818181818182
71,acessosjpinhais,ef 5o ano,0.31579950447874977
361,colegioguilhermedealmeida,ef 8o ano,0.31505760826380613
844,physicsalmirantebarroso,ef 6o ano,0.31037875061485487
551,eacorcovado,ef 8o ano,0.3072916666666667
431,colegiopremium,ef 4o ano,0.3028919330289193
993,provaspoliedro,em 3a serie,0.30266082128116617
775,overjoaopessoa,outro,0.2993492407809111
747,objetivolorena,em 3a serie,0.29695728496196605
754,oficinadoestudante,ef 5o ano,0.29524089306698004
1075,stellamarisjuveve,em 1a serie,0.29461855851110524
557,eccos,ef 3o ano,0.29273504273504275
799,overmossoro,em 1a serie,0.2895862430167598
23,acessocampolargo,em 1a serie,0.28945128779395296
393,colegiojoaopaulo,ef 7o ano,0.2891778202676864
847,physicsalmirantebarroso,ef 9o ano,0.28854166666666664
732,nucleocriativo,ef 7o ano,0.2877435064935065
503,contemporaneocidadeverde,em 1a serie,0.2861635220125786
180,ceprimeiromundo,em 1a serie,0.2855142253451919
511,contemporaneolagoanova,em 2a serie,0.2802896135014064
1068,stellamarisjuveve,ef 3o ano,0.2802197802197802
970,prismapatrocinio,outro,0.2773206392383543
395,colegiojoaopaulo,ef 9o ano,0.2761730492746046
390,colegiojoaopaulo,ef 4o ano,0.2741975615824832
820,overzonanorte,ef 3o ano,0.27380952380952384
613,implantacao,outro,0.2727272727272727
680,maplebearslz,ef 3o ano,0.2710997442455243
392,colegiojoaopaulo,ef 6o ano,0.26879574184963406
510,contemporaneolagoanova,em 1a serie,0.2679008659301284
689,maplebearslz,outro,0.26666666666666666
773,overjoaopessoa,em 2a serie,0.2646058423369348
873,physicscidadenova,ef 3o ano,0.25757575757575757
842,physicsalmirantebarroso,ef 4o ano,0.2569444444444444
401,colegioliceu,em 3a serie,0.25614816314138245
753,oficinadoestudante,ef 4o ano,0.2523148148148148
900,physicsumarizal,ef 6o ano,0.2504488330341113
181,ceprimeiromundo,em 2a serie,0.2501874612851694
727,nucleocriativo,ef 2o ano,0.25017341040462426
1037,santoantonio,em 3a serie,0.25
949,porto,ef 7o ano,0.24932322685435843
730,nucleocriativo,ef 5o ano,0.24857360213008747
731,nucleocriativo,ef 6o ano,0.24242857142857144
814,overpontanegra,em 1a serie,0.24161364950838635
734,nucleocriativo,ef 9o ano,0.23973063973063974
220,colegioarena,outro,0.23589269195189638
803,overnascimentodecastro,outro,0.23252069608619233
894,physicsmacapa,outro,0.2311951126384116
750,oficinadoestudante,ef 1o ano,0.22857142857142856
735,nucleocriativo,em 1a serie,0.22445721583652617
772,overjoaopessoa,em 1a serie,0.22198690797073548
1060,stellamarisaguaverde,ef 2o ano,0.22191011235955055
1011,qescola,em 3a serie,0.22025052192066805
81,adrianochan,outro,0.2189163072426878
733,nucleocriativo,ef 8o ano,0.21733333333333332
146,ceabb,ef 7o ano,0.21641791044776118
1061,stellamarisaguaverde,ef 3o ano,0.21384297520661158
502,contemporaneocidadeverde,ef 9o ano,0.21112221112221113
1105,universitariolondrina,outro,0.2078210738348267
68,acessosjpinhais,ef 2o ano,0.20365124331129997
666,joaobelem,ef 9o ano,0.2
718,montessori,em 3a serie,0.2
620,institutocristao,ef 6o ano,0.1987534626038781
972,profederal,outro,0.1985162772046225
883,physicscidadenova,outro,0.1915244909190974
994,provaspoliedro,outro,0.19057095475005922
536,cursoleopoldo,outro,0.18932038834951456
366,colegioiguatemy,ef 3o ano,0.1887378640776699
365,colegioguilhermedealmeida,em 3a serie,0.18867924528301888
801,overmossoro,outro,0.1879128137384412
874,physicscidadenova,ef 4o ano,0.1871345029239766
948,porto,ef 6o ano,0.1863831712282289
716,montessori,em 1a serie,0.1859903381642512
0,acessoalmirantetamandare,ef 2o ano,0.18472222222222223
862,physicsaugustomontenegro,outro,0.183768115942029
532,cursoenfase,outro,0.18076474400518472
145,ceabb,ef 6o ano,0.1804152637485971
1007,qescola,ef 6o ano,0.1792452830188679
498,contemporaneocidadeverde,ef 5o ano,0.17391304347826086
546,domus,em 1a serie,0.16977225672877846
1020,santadoroteia,ef 9o ano,0.16666666666666666
573,educarse,outro,0.16657066052227343
623,institutocristao,em 2a serie,0.1662162162162162
391,colegiojoaopaulo,ef 5o ano,0.1656302996042962
711,master,outro,0.16508022334118105
1078,stellamarisjuveve,outro,0.1641025641025641
1051,souhabilis,outro,0.16151801664415494
535,cursoleopoldo,em 3a serie,0.16129032258064516
1010,qescola,em 2a serie,0.15555555555555556
544,deltaeducacional,em 3a serie,0.15416666666666667
722,novotempo,ef 9o ano,0.15405260332796564
403,colegiomagnum,em 2a serie,0.14877489864269347
598,escolamaster,ef 8o ano,0.14705882352941177
302,colegioecursodesafio,em 2a serie,0.14430379746835442
1045,seletivoeducallis,em 2a serie,0.14285714285714285
1044,seletivoeducallis,em 1a serie,0.14285714285714285
664,jazzvestibular,outro,0.14285714285714285
186,ciadosaber,ef 3o ano,0.13898305084745763
111,amaisteste,ef 6o ano,0.1388888888888889
303,colegioecursodesafio,em 3a serie,0.13820335636722605
616,insa,em 3a serie,0.13659320477502296
1009,qescola,em 1a serie,0.13480294980572516
428,colegiopremium,ef 1o ano,0.1346153846153846
363,colegioguilhermedealmeida,em 1a serie,0.1320754716981132
148,ceabb,ef 9o ano,0.1270949720670391
729,nucleocriativo,ef 4o ano,0.12447257383966245
477,colegiouniverso,outro,0.1206896551724138
594,escolaceciliameireles,ef 5o ano,0.12001579155151994
792,overmossoro,ef 2o ano,0.11904761904761904
402,colegiomagnum,em 1a serie,0.11900610287707061
593,escolaceciliameireles,ef 4o ano,0.11860940695296524
400,colegioliceu,em 2a serie,0.11778014373170083
710,master,em 3a serie,0.11776081071701257
595,escolaceciliameireles,ef 6o ano,0.11412469179288481
142,ceabb,ef 3o ano,0.11363636363636363
147,ceabb,ef 8o ano,0.1111111111111111
751,oficinadoestudante,ef 2o ano,0.10952380952380952
714,moaciralves,ef 8o ano,0.10434782608695652
1067,stellamarisjuveve,ef 2o ano,0.10122699386503067
1047,simbios,outro,0.09924385633270322
1050,souhabilis,em 3a serie,0.0859375
793,overmossoro,ef 4o ano,0.08333333333333333
1035,santoamerico,outro,0.07660670704148966
427,colegioplanck,outro,0.075
1034,santoamerico,em 3a serie,0.07331077690642428
717,montessori,em 2a serie,0.07246376811594203
1006,qescola,ef 5o ano,0.07142857142857142
726,nucleocriativo,ef 1o ano,0.07017543859649122
430,colegiopremium,ef 3o ano,0.0625
131,casdvest,outro,0.05861500823805482
429,colegiopremium,ef 2o ano,0.05555555555555555
654,iracemarufino,infantil iii,0.05
127,camerinocursos,outro,0.04
599,escolamaster,ef 9o ano,0.03571428571428571
1032,santoamerico,em 1a serie,0.030257145893103816
607,francobrasileiro,em 3a serie,0.027009469555005872
611,gerabixo,outro,0.025755280278050085
671,litteratus,em 3a serie,0.024390243902439025
183,ceprimeiromundo,outro,0.023823704586063133
1033,santoamerico,em 2a serie,0.01601461100729705
107,amadeus,em 3a serie,0.015384615384615385
582,elitecuritiba,outro,0.011627906976744186
715,moaciralves,ef 9o ano,0.010526315789473684
1036,santoantonio,0,0.0
1038,sas,0,0.0
1004,qescola,0,0.0
1127,vitae,ef 2o ano,0.0
1052,spdacruz,0,0.0
1049,sobral,outro,0.0
1008,qescola,ef 7o ano,0.0
1023,santadoroteia,em 3a serie,0.0
1091,testevictorhugo,0,0.0
1094,universitariolondrina,0,0.0
1026,santoagostinho,0,0.0
1046,serios,0,0.0
995,psantagema,0,0.0
1027,santoamerico,0,0.0
1042,seletivoeducallis,0,0.0
1041,saseducacao,0,0.0
1040,sasadaptem,0,0.0
1016,saea,0,0.0
1066,stellamarisjuveve,0,0.0
564,educamais,ef 6o ano,0.0
985,provaspoliedro,0,0.0
241,colegiobianguloiv,em 3a serie,0.0
304,colegioecursoprogressao,0,0.0
287,colegiodompedrosegundo,0,0.0
276,colegiodasamericas,0,0.0
275,colegiocognos,0,0.0
264,colegiocb,0,0.0
251,colegiobrasilia,0,0.0
240,colegiobianguloiv,em 2a serie,0.0
347,colegioglobal,0,0.0
239,colegiobianguloiv,em 1a serie,0.0
221,colegiobatistaindependente,0,0.0
216,colegioarena,0,0.0
215,colegioanchietaii,em 3a serie,0.0
214,colegioanchietaii,em 2a serie,0.0
213,colegioanchietaii,em 1a serie,0.0
313,colegioeducallis,0,0.0
376,colegiointegral,0,0.0
211,colegioanchietai,em 2a serie,0.0
441,colegioradar,0,0.0
469,colegiouniverso,0,0.0
446,colegiosete,0,0.0
445,colegioser,outro,0.0
444,colegioser,0,0.0
443,colegiosantamaria,0,0.0
442,colegioriobranco,0,0.0
440,colegioprogresso,0,0.0
389,colegiojoaopaulo,0,0.0
419,colegioplanck,0,0.0
418,colegionovopatio,0,0.0
413,colegionobre,ef 6o ano,0.0
412,colegionobre,0,0.0
406,colegiomodelo,0,0.0
405,colegiomartinus,0,0.0
212,colegioanchietai,em 3a serie,0.0
210,colegioanchietai,em 1a serie,0.0
977,progressaoig,0,0.0
95,alfacembilingue,0,0.0
114,amaisteste,em 3a serie,0.0
113,amaisteste,em 1a serie,0.0
110,amaisteste,ef 3o ano,0.0
109,amais,outro,0.0
108,amais,0,0.0
96,amadeus,0,0.0
82,aescobjetivo,0,0.0
116,apogeustoantonio2,0,0.0
80,adrianochan,0,0.0
67,acessosjpinhais,0,0.0
44,acessohauer,0,0.0
32,acessofazendariogrande,ef 2o ano,0.0
31,acessocampolargokids,outro,0.0
12,acessoboqueirao,0,0.0
115,anchietaba,0,0.0
120,arlindocavalcanti,0,0.0
202,colegioalphaunis,0,0.0
158,cem,0,0.0
201,cognitivo,0,0.0
193,cmdpii,em 2a serie,0.0
184,charlesdarwin,0,0.0
172,ceprimeiromundo,ef 2o ano,0.0
171,ceprimeiromundo,ef 1o ano,0.0
170,ceprimeiromundo,0,0.0
150,ceespacolivre,0,0.0
121,beityaacov,0,0.0
149,cecbdf,em 3a serie,0.0
133,cbpdigital,0,0.0
130,casdvest,0,0.0
126,camerinocursos,0,0.0
124,brasilcursinhos,0,0.0
123,bertelsmann,0,0.0
478,colegioup,0,0.0
486,conexaosaber,0,0.0
496,contemporaneo,em 3a serie,0.0
770,overjoaopessoa,0,0.0
817,overzonanorte,0,0.0
804,overpontanegra,0,0.0
802,overnascimentodecastro,0,0.0
790,overmossoro,0,0.0
782,overmarciliofurtado,0,0.0
776,overlimaesilva,0,0.0
757,overabelcabral,0,0.0
833,pesenglish,0,0.0
756,osequim,0,0.0
755,oficinadoestudante,outro,0.0
749,objetivoteresina,0,0.0
738,objetivolorena,0,0.0
737,nucleopva,0,0.0
721,novotempo,0,0.0
831,pauloviana,ef 9o ano,0.0
834,physicsalcindocacela,0,0.0
497,contemporaneocidadeverde,ef 3o ano,0.0
935,portinari,0,0.0
973,progressaodc,0,0.0
971,profederal,0,0.0
959,primeirodemaio,0,0.0
955,portoseguro,0,0.0
947,porto,0,0.0
936,portinari,ef 2o ano,0.0
934,poliedrotreinamento,0,0.0
863,physicsbatistacampos,0,0.0
933,poliedropv,0,0.0
932,poliedro,0,0.0
926,plannetaosasco,ef 3o ano,0.0
907,pioxi,0,0.0
895,physicsumarizal,0,0.0
884,physicsconselheirofurtado,0,0.0
719,murilorocha,0,0.0
712,meta,0,0.0
690,mariliamattoso,0,0.0
540,dante,em 3a serie,0.0
587,eluneonline,0,0.0
574,eduqo,0,0.0
565,educamais,ef 8o ano,0.0
556,eccos,0,0.0
549,eacorcovado,0,0.0
541,deltaeducacional,0,0.0
538,cursosazambuja,0,0.0
679,maplebearslz,ef 2o ano,0.0
537,cursoprogressao,0,0.0
533,cursoisfera,0,0.0
531,cursobase,0,0.0
530,cursinhoeach,0,0.0
522,crescercampinas,0,0.0
513,cparaiso,0,0.0
588,eluneonline,em 1a serie,0.0
589,equipe,0,0.0
590,escola,ef 4o ano,0.0
591,escolaceciliameireles,ef 2o ano,0.0
596,escoladeimpacto,0,0.0
597,escolajardimdasnacoes,0,0.0
603,esperanza,0,0.0
604,estantemagica,outro,0.0
605,faculdadeflamingo,0,0.0
608,fundacaobradesco,0,0.0
609,galois,0,0.0
610,garra,0,0.0
637,integradaeducativa,0,0.0
645,invictus,0,0.0
663,jardimsaopaulo,0,0.0
673,magister,0,0.0
678,maplebearslz,0,0.0
1128,wilsondeandradebarreto,em 1a serie,0.0
