,namespace,grade,NÃºmero de AAs por turma
0,acessoalmirantetamandare,ef 2o ano,2.5
1,acessoalmirantetamandare,ef 3o ano,7.0
2,acessoalmirantetamandare,ef 4o ano,6.0
3,acessoalmirantetamandare,ef 5o ano,13.0
4,acessoalmirantetamandare,ef 6o ano,19.0
5,acessoalmirantetamandare,ef 7o ano,20.0
6,acessoalmirantetamandare,ef 8o ano,14.0
7,acessoalmirantetamandare,ef 9o ano,33.0
8,acessoalmirantetamandare,em 1a serie,47.0
9,acessoalmirantetamandare,em 2a serie,46.0
10,acessoalmirantetamandare,em 3a serie,8.0
11,acessoalmirantetamandare,outro,1.0
12,acessoboqueirao,ef 8o ano,10.5
13,acessoboqueirao,ef 9o ano,14.5
14,acessoboqueirao,em 1a serie,12.25
15,acessoboqueirao,em 2a serie,48.0
16,acessoboqueirao,em 3a serie,5.5
17,acessoboqueirao,outro,5.5
18,acessocampolargo,ef 6o ano,14.0
19,acessocampolargo,ef 7o ano,17.0
20,acessocampolargo,ef 8o ano,19.0
21,acessocampolargo,ef 9o ano,29.0
22,acessocampolargo,em 1a serie,42.0
23,acessocampolargo,em 2a serie,37.0
24,acessocampolargo,em 3a serie,8.0
25,acessocampolargo,outro,7.0
26,acessocampolargokids,ef 2o ano,5.0
27,acessocampolargokids,ef 3o ano,2.5
28,acessocampolargokids,ef 4o ano,6.0
29,acessocampolargokids,ef 5o ano,4.0
30,acessocampolargokids,outro,5.0
31,acessofazendariogrande,ef 2o ano,2.0
32,acessofazendariogrande,ef 3o ano,8.0
33,acessofazendariogrande,ef 4o ano,8.0
34,acessofazendariogrande,ef 5o ano,13.0
35,acessofazendariogrande,ef 6o ano,21.0
36,acessofazendariogrande,ef 7o ano,22.0
37,acessofazendariogrande,ef 8o ano,19.0
38,acessofazendariogrande,ef 9o ano,45.0
39,acessofazendariogrande,em 1a serie,50.0
40,acessofazendariogrande,em 2a serie,49.0
41,acessofazendariogrande,em 3a serie,7.0
42,acessofazendariogrande,outro,7.0
43,acessohauer,ef 2o ano,5.0
44,acessohauer,ef 3o ano,5.0
45,acessohauer,ef 4o ano,5.0
46,acessohauer,ef 5o ano,12.5
47,acessohauer,ef 6o ano,10.666666666666666
48,acessohauer,ef 7o ano,10.333333333333334
49,acessopinhais,em 1a serie,45.0
50,acessopinhais,em 2a serie,44.0
51,acessopinhais,em 3a serie,7.0
52,acessopinhais,outro,7.0
53,acessosantafelicidade,ef 2o ano,5.0
54,acessosantafelicidade,ef 3o ano,7.0
55,acessosantafelicidade,ef 4o ano,6.0
56,acessosantafelicidade,ef 5o ano,14.0
57,acessosantafelicidade,ef 6o ano,20.0
58,acessosantafelicidade,ef 7o ano,20.0
59,acessosantafelicidade,ef 8o ano,16.0
60,acessosantafelicidade,ef 9o ano,36.0
61,acessosantafelicidade,em 1a serie,42.0
62,acessosantafelicidade,em 2a serie,43.0
63,acessosantafelicidade,em 3a serie,7.0
64,acessosantafelicidade,outro,7.0
65,acessosjpinhais,ef 2o ano,2.0
66,acessosjpinhais,ef 3o ano,1.75
67,acessosjpinhais,ef 4o ano,1.0
68,acessosjpinhais,ef 5o ano,9.5
69,acessosjpinhais,ef 6o ano,12.666666666666666
70,acessosjpinhais,ef 7o ano,13.666666666666666
71,acessosjpinhais,ef 8o ano,12.666666666666666
72,acessosjpinhais,ef 9o ano,19.0
73,acessosjpinhais,em 1a serie,51.0
74,acessosjpinhais,em 2a serie,47.0
75,acessosjpinhais,em 3a serie,7.0
76,acessosjpinhais,outro,7.0
77,adrianochan,outro,0.095
78,aescobjetivo,ef 1o ano,10.0
79,aescobjetivo,ef 2o ano,13.5
80,aescobjetivo,ef 3o ano,20.0
81,aescobjetivo,ef 4o ano,6.5
82,aescobjetivo,ef 5o ano,11.5
83,aescobjetivo,ef 6o ano,12.0
84,aescobjetivo,ef 7o ano,10.5
85,aescobjetivo,ef 8o ano,12.0
86,aescobjetivo,ef 9o ano,12.5
87,aescobjetivo,em 1a serie,12.0
88,aescobjetivo,em 2a serie,14.2
89,aescobjetivo,em 3a serie,18.0
90,amadeus,ef 2o ano,5.5
91,amadeus,ef 3o ano,7.0
92,amadeus,ef 4o ano,7.0
93,amadeus,ef 5o ano,6.5
94,amadeus,ef 6o ano,11.333333333333334
95,amadeus,ef 7o ano,13.5
96,amadeus,ef 8o ano,9.666666666666666
97,amadeus,ef 9o ano,4.866666666666666
98,amadeus,em 1a serie,6.6
99,amadeus,em 2a serie,7.666666666666667
100,amadeus,em 3a serie,0.3333333333333333
101,amais,em 3a serie,2.0
102,amais,outro,9.0
103,amaisteste,ef 3o ano,4.0
104,amaisteste,ef 6o ano,2.0
105,amaisteste,ef 9o ano,1.0
106,amaisteste,em 1a serie,1.0
107,amaisteste,em 3a serie,1.0
108,apogeustoantonio2,ef 9o ano,2.0
109,apogeustoantonio2,outro,1.9230769230769231
110,aprovest,outro,0.3333333333333333
111,beityaacov,em 3a serie,2.0
112,brasilcursinhos,outro,1.6666666666666667
113,camerinocursos,outro,1.0
114,casdinhosjc,ef 8o ano,7.0
115,casdinhosjc,ef 9o ano,2.0
116,casdvest,outro,3.6666666666666665
117,cats,outro,3.0
118,cbpdigital,ef 2o ano,8.0
119,cbpdigital,ef 3o ano,8.0
120,cbpdigital,ef 4o ano,11.0
121,cbpdigital,ef 5o ano,11.0
122,cbpdigital,ef 6o ano,9.5
123,cbpdigital,ef 7o ano,4.75
124,cbpdigital,ef 8o ano,9.666666666666666
125,cbpdigital,ef 9o ano,6.5
126,ceabb,ef 3o ano,4.0
127,ceabb,ef 4o ano,1.0
128,ceabb,ef 5o ano,1.0
129,ceabb,ef 6o ano,22.0
130,ceabb,ef 7o ano,24.0
131,ceabb,ef 8o ano,21.0
132,ceabb,ef 9o ano,20.0
133,cecbdf,em 1a serie,0.5
134,cecbdf,em 2a serie,0.5
135,cecbdf,em 3a serie,0.5
136,ceespacolivre,ef 5o ano,4.0
137,ceespacolivre,ef 6o ano,4.666666666666667
138,ceespacolivre,ef 7o ano,3.0
139,ceespacolivre,ef 8o ano,2.0
140,ceespacolivre,ef 9o ano,3.0
141,ceespacolivre,em 1a serie,10.0
142,ceespacolivre,em 2a serie,5.75
143,cem,ef 2o ano,9.0
144,cem,ef 3o ano,8.0
145,cem,ef 4o ano,9.0
146,cem,ef 5o ano,9.0
147,cem,ef 6o ano,16.0
148,cem,ef 7o ano,16.0
149,cem,ef 8o ano,15.0
150,cem,ef 9o ano,19.0
151,cem,em 1a serie,23.0
152,cem,em 2a serie,21.0
153,cem,em 3a serie,19.0
154,ceprimeiromundo,ef 1o ano,1.5
155,ceprimeiromundo,ef 2o ano,1.0
156,ceprimeiromundo,ef 3o ano,2.3333333333333335
157,ceprimeiromundo,ef 4o ano,1.6666666666666667
158,ceprimeiromundo,ef 5o ano,0.6666666666666666
159,ceprimeiromundo,ef 6o ano,7.0
160,ceprimeiromundo,ef 7o ano,6.333333333333333
161,ceprimeiromundo,ef 8o ano,6.428571428571429
162,ceprimeiromundo,ef 9o ano,6.0
163,ceprimeiromundo,em 1a serie,10.4
164,ceprimeiromundo,em 2a serie,8.666666666666666
165,ceprimeiromundo,em 3a serie,2.5
166,ceprimeiromundo,outro,37.0
167,ciadosaber,ef 2o ano,4.5
168,ciadosaber,ef 3o ano,4.0
169,ciadosaber,ef 4o ano,5.8
170,ciadosaber,ef 5o ano,4.5
171,ciadosaber,ef 6o ano,7.4
172,ciadosaber,ef 7o ano,7.25
173,ciadosaber,ef 8o ano,4.25
174,ciadosaber,ef 9o ano,10.0
175,cmdpii,em 2a serie,9.0
176,cnslpb,ef 6o ano,2.3333333333333335
177,cnslpb,ef 7o ano,1.75
178,cnslpb,ef 8o ano,2.0
179,cnslpb,ef 9o ano,4.0
180,cnslpb,em 1a serie,7.0
181,cnslpb,em 2a serie,8.666666666666666
182,cnslpb,em 3a serie,7.25
183,colegioalphaunis,ef 6o ano,6.5
184,colegioalphaunis,ef 7o ano,6.5
185,colegioalphaunis,ef 8o ano,12.0
186,colegioalphaunis,ef 9o ano,11.5
187,colegioalphaunis,em 1a serie,15.0
188,colegioalphaunis,em 2a serie,15.0
189,colegioalphaunis,em 3a serie,16.0
190,colegioanchietai,em 1a serie,1.5
191,colegioanchietai,em 2a serie,3.0
192,colegioanchietai,em 3a serie,3.0
193,colegioanchietaii,em 1a serie,1.0
194,colegioanchietaii,em 2a serie,3.0
195,colegioanchietaii,em 3a serie,3.0
196,colegioarena,em 1a serie,20.0
197,colegioarena,em 2a serie,22.0
198,colegioarena,em 3a serie,21.0
199,colegioarena,outro,1.3333333333333333
200,colegiobatistaindependente,ef 5o ano,7.0
201,colegiobatistaindependente,ef 6o ano,26.0
202,colegiobatistaindependente,ef 7o ano,24.0
203,colegiobatistaindependente,ef 8o ano,16.333333333333332
204,colegiobatistaindependente,ef 9o ano,19.5
205,colegiobatistaindependente,em 1a serie,19.0
206,colegiobatistaindependente,em 2a serie,26.0
207,colegiobatistaindependente,em 3a serie,15.0
208,colegiobatistaindependente,outro,1.0
209,colegiobetelbrasileirosp,ef 1o ano,1.0
210,colegiobetelbrasileirosp,ef 6o ano,1.75
211,colegiobetelbrasileirosp,ef 7o ano,1.75
212,colegiobetelbrasileirosp,ef 8o ano,1.7058823529411764
213,colegiobetelbrasileirosp,ef 9o ano,1.6842105263157894
214,colegiobetelbrasileirosp,em 1a serie,1.5
215,colegiobetelbrasileirosp,em 2a serie,1.4666666666666666
216,colegiobetelbrasileirosp,em 3a serie,1.8888888888888888
217,colegiobianguloiv,em 1a serie,0.6
218,colegiobianguloiv,em 2a serie,1.0
219,colegiobianguloiv,em 3a serie,1.0
220,colegiobilac,ef 1o ano,11.0
221,colegiobilac,ef 2o ano,12.0
222,colegiobilac,ef 3o ano,14.0
223,colegiobilac,ef 4o ano,14.0
224,colegiobilac,ef 5o ano,17.0
225,colegiobilac,ef 6o ano,19.0
226,colegiobilac,ef 7o ano,20.0
227,colegiobilac,ef 8o ano,21.0
228,colegiobilac,ef 9o ano,22.0
229,colegiobrasilia,ef 2o ano,17.75
230,colegiobrasilia,ef 3o ano,17.25
231,colegiobrasilia,ef 4o ano,27.333333333333332
232,colegiobrasilia,ef 5o ano,18.2
233,colegiobrasilia,ef 6o ano,4.5
234,colegiobrasilia,ef 7o ano,8.0
235,colegiobrasilia,ef 8o ano,4.875
236,colegiobrasilia,ef 9o ano,7.833333333333333
237,colegiobrasilia,em 1a serie,7.555555555555555
238,colegiobrasilia,em 2a serie,7.5
239,colegiobrasilia,em 3a serie,21.0
240,colegiobrasilia,outro,1.0
241,colegiocb,ef 3o ano,6.5
242,colegiocb,ef 4o ano,8.0
243,colegiocb,ef 5o ano,3.0
244,colegiocb,ef 6o ano,5.666666666666667
245,colegiocb,ef 7o ano,5.142857142857143
246,colegiocb,ef 8o ano,5.666666666666667
247,colegiocb,ef 9o ano,7.333333333333333
248,colegiocb,em 1a serie,4.4
249,colegiocb,em 2a serie,3.6
250,colegiocb,em 3a serie,8.0
251,colegiodasamericas,ef 3o ano,1.0
252,colegiodasamericas,ef 4o ano,1.0
253,colegiodasamericas,ef 6o ano,1.7777777777777777
254,colegiodasamericas,ef 7o ano,1.7777777777777777
255,colegiodasamericas,ef 8o ano,2.375
256,colegiodasamericas,ef 9o ano,1.6666666666666667
257,colegiodasamericas,em 1a serie,2.2857142857142856
258,colegiodasamericas,em 2a serie,1.9230769230769231
259,colegiodasamericas,em 3a serie,1.6666666666666667
260,colegiodasamericas,outro,1.2962962962962963
261,colegioeag,ef 1o ano,2.5
262,colegioeag,ef 3o ano,1.0
263,colegioeag,ef 4o ano,1.0
264,colegioeag,ef 5o ano,1.0
265,colegioecursodesafio,ef 1o ano,4.5
266,colegioecursodesafio,ef 2o ano,3.0
267,colegioecursodesafio,ef 3o ano,6.0
268,colegioecursodesafio,ef 4o ano,3.5
269,colegioecursodesafio,ef 5o ano,4.333333333333333
270,colegioecursodesafio,ef 6o ano,10.0
271,colegioecursodesafio,ef 7o ano,8.666666666666666
272,colegioecursodesafio,ef 8o ano,9.666666666666666
273,colegioecursodesafio,ef 9o ano,14.0
274,colegioecursodesafio,em 1a serie,26.0
275,colegioecursodesafio,em 2a serie,13.0
276,colegioecursodesafio,em 3a serie,12.0
277,colegioecursoprogressao,ef 1o ano,1.0
278,colegioecursoprogressao,ef 6o ano,7.0
279,colegioecursoprogressao,ef 7o ano,5.428571428571429
280,colegioecursoprogressao,ef 8o ano,7.0
281,colegioecursoprogressao,ef 9o ano,7.444444444444445
282,colegioecursoprogressao,em 1a serie,8.058823529411764
283,colegioecursoprogressao,em 2a serie,11.3125
284,colegioecursoprogressao,em 3a serie,8.76923076923077
285,colegioeducallis,ef 2o ano,9.0
286,colegioeducallis,ef 3o ano,9.0
287,colegioeducallis,ef 4o ano,9.0
288,colegioeducallis,ef 5o ano,9.0
289,colegioeducallis,ef 6o ano,1.1875
290,colegioeducallis,ef 7o ano,2.1904761904761907
291,colegioeducallis,ef 8o ano,2.466666666666667
292,colegioeducallis,ef 9o ano,1.9166666666666667
293,colegioeducallis,em 1a serie,1.0263157894736843
294,colegioeducallis,em 2a serie,1.303030303030303
295,colegioeducallis,em 3a serie,1.7142857142857142
296,colegioensitec,ef 2o ano,6.0
297,colegioensitec,ef 3o ano,6.0
298,colegioensitec,ef 4o ano,6.0
299,colegioensitec,ef 5o ano,6.0
300,colegioensitec,ef 6o ano,12.0
301,colegioensitec,ef 7o ano,11.5
302,colegioensitec,ef 8o ano,6.5
303,colegioensitec,ef 9o ano,15.0
304,colegioensitec,em 1a serie,10.5
305,colegioensitec,em 2a serie,10.5
306,colegioensitec,em 3a serie,1.5
307,colegioflamingo,em 1a serie,19.0
308,colegioflamingo,em 2a serie,18.5
309,colegioflamingo,em 3a serie,17.5
310,colegiofuturageracao,ef 2o ano,1.0
311,colegiofuturageracao,ef 3o ano,6.0
312,colegiofuturageracao,ef 4o ano,6.0
313,colegiofuturageracao,ef 5o ano,6.0
314,colegiofuturageracao,ef 6o ano,18.0
315,colegiofuturageracao,ef 7o ano,17.0
316,colegiofuturageracao,ef 8o ano,21.0
317,colegiofuturageracao,ef 9o ano,20.0
318,colegiofuturageracao,em 1a serie,1.0
319,colegioglobal,ef 2o ano,4.5
320,colegioglobal,ef 3o ano,3.75
321,colegioglobal,ef 4o ano,8.0
322,colegioglobal,ef 5o ano,6.666666666666667
323,colegioglobal,ef 6o ano,13.0
324,colegioglobal,ef 7o ano,12.0
325,colegioglobal,ef 8o ano,12.0
326,colegioglobal,ef 9o ano,5.0
327,colegioglobal,em 1a serie,18.0
328,colegioglobal,em 2a serie,20.0
329,colegioglobal,em 3a serie,20.0
330,colegioguilhermedealmeida,ef 6o ano,1.5
331,colegioguilhermedealmeida,ef 7o ano,3.5
332,colegioguilhermedealmeida,ef 8o ano,1.3333333333333333
333,colegioguilhermedealmeida,ef 9o ano,1.0
334,colegioguilhermedealmeida,em 1a serie,0.5
335,colegioguilhermedealmeida,em 2a serie,1.0
336,colegioguilhermedealmeida,em 3a serie,0.5
337,colegioiguatemy,ef 3o ano,10.0
338,colegioiguatemy,ef 4o ano,9.0
339,colegioiguatemy,ef 5o ano,9.0
340,colegioiguatemy,ef 6o ano,15.0
341,colegioiguatemy,ef 7o ano,7.0
342,colegioiguatemy,ef 8o ano,15.0
343,colegioiguatemy,ef 9o ano,14.0
344,colegioiguatemy,em 1a serie,6.666666666666667
345,colegioiguatemy,em 2a serie,6.25
346,colegioiguatemy,em 3a serie,9.333333333333334
347,colegiointegral,ef 2o ano,4.5
348,colegiointegral,ef 3o ano,4.5
349,colegiointegral,ef 4o ano,3.0
350,colegiointegral,ef 5o ano,2.5
351,colegiointegral,ef 6o ano,3.25
352,colegiointegral,ef 7o ano,2.8
353,colegiointegral,ef 8o ano,2.3333333333333335
354,colegiointegral,ef 9o ano,1.7777777777777777
355,colegiointegral,em 1a serie,3.0
356,colegiointegral,em 2a serie,3.0
357,colegiointegral,em 3a serie,5.666666666666667
358,colegiointegral,outro,3.375
359,colegiojoaopaulo,ef 4o ano,7.0
360,colegiojoaopaulo,ef 5o ano,8.5
361,colegiojoaopaulo,ef 6o ano,10.0
362,colegiojoaopaulo,ef 7o ano,9.666666666666666
363,colegiojoaopaulo,ef 8o ano,15.0
364,colegiojoaopaulo,ef 9o ano,7.0
365,colegiojoaopaulo,em 1a serie,11.2
366,colegiojoaopaulo,em 2a serie,8.8
367,colegiojoaopaulo,em 3a serie,7.25
368,colegiojoaopaulo,outro,1.0
369,colegioliceu,em 1a serie,1.5
370,colegioliceu,em 2a serie,1.5
371,colegioliceu,em 3a serie,1.5
372,colegiomagnum,em 1a serie,0.5
373,colegiomagnum,em 2a serie,0.5
374,colegiomagnum,em 3a serie,1.2
375,colegiomundial,ef 6o ano,1.0
376,colegiomundial,ef 9o ano,1.0
377,colegiomundial,em 1a serie,1.0
378,colegiomundial,em 2a serie,1.0
379,colegiomundial,em 3a serie,1.0
380,colegionobre,ef 6o ano,1.0
381,colegionovageracao,ef 2o ano,1.0
382,colegionovageracao,ef 3o ano,1.0
383,colegionovageracao,ef 4o ano,1.0
384,colegionovageracao,ef 5o ano,1.0
385,colegioplanck,ef 6o ano,2.25
386,colegioplanck,ef 7o ano,2.4285714285714284
387,colegioplanck,ef 8o ano,3.375
388,colegioplanck,ef 9o ano,2.3076923076923075
389,colegioplanck,em 1a serie,2.0
390,colegioplanck,em 2a serie,1.7777777777777777
391,colegioplanck,em 3a serie,1.7142857142857142
392,colegioplanck,outro,3.0
393,colegiopremium,ef 1o ano,7.0
394,colegiopremium,ef 2o ano,7.0
395,colegiopremium,ef 3o ano,7.0
396,colegiopremium,ef 4o ano,8.0
397,colegiopremium,ef 5o ano,8.0
398,colegiopremium,ef 6o ano,7.0
399,colegiopremium,ef 7o ano,8.0
400,colegiopremium,ef 8o ano,4.0
401,colegiopremium,ef 9o ano,4.333333333333333
402,colegiopremium,em 1a serie,5.0
403,colegiopremium,em 2a serie,4.0
404,colegiopremium,em 3a serie,9.0
405,colegioser,outro,1.0
406,colegiosete,ef 1o ano,6.5
407,colegiosete,ef 2o ano,3.6666666666666665
408,colegiosete,ef 3o ano,11.5
409,colegiosete,ef 4o ano,6.0
410,colegiosete,ef 5o ano,7.8
411,colegiosete,ef 6o ano,11.0
412,colegiosete,ef 7o ano,7.0
413,colegiosete,ef 8o ano,10.5
414,colegiosete,ef 9o ano,10.5
415,colegiosete,em 1a serie,16.5
416,colegiosete,em 2a serie,16.5
417,colegiosete,em 3a serie,16.5
418,colegiouirapuru,ef 3o ano,5.25
419,colegiouirapuru,ef 4o ano,6.6
420,colegiouirapuru,ef 5o ano,5.428571428571429
421,colegiouirapuru,ef 6o ano,5.0
422,colegiouirapuru,ef 7o ano,3.6
423,colegiouirapuru,ef 8o ano,3.3333333333333335
424,colegiouirapuru,ef 9o ano,2.5
425,colegiouirapuru,em 1a serie,0.8
426,colegiouirapuru,em 2a serie,1.0
427,colegiouirapuru,em 3a serie,2.0
428,colegiouniverso,ef 6o ano,8.0
429,colegiouniverso,ef 7o ano,8.0
430,colegiouniverso,ef 8o ano,8.0
431,colegiouniverso,ef 9o ano,5.0
432,colegiouniverso,em 1a serie,12.0
433,colegiouniverso,em 2a serie,6.5
434,colegiouniverso,em 3a serie,10.0
435,colegiouniverso,outro,1.0
436,colegioup,ef 6o ano,11.0
437,colegioup,ef 7o ano,12.0
438,colegioup,ef 8o ano,11.333333333333334
439,colegioup,ef 9o ano,12.25
440,colegioup,em 1a serie,11.0
441,colegioup,em 2a serie,10.166666666666666
442,colegioup,em 3a serie,23.333333333333332
443,conexaosaber,ef 1o ano,8.5
444,conexaosaber,ef 2o ano,10.5
445,conexaosaber,ef 3o ano,24.0
446,conexaosaber,ef 4o ano,5.0
447,conexaosaber,ef 5o ano,13.0
448,conexaosaber,ef 6o ano,12.0
449,conexaosaber,ef 7o ano,14.0
450,conexaosaber,ef 8o ano,15.0
451,conexaosaber,ef 9o ano,18.0
452,contemporaneo,em 3a serie,3.0
453,contemporaneocidadeverde,ef 3o ano,1.0
454,contemporaneocidadeverde,ef 5o ano,6.0
455,contemporaneocidadeverde,ef 6o ano,8.0
456,contemporaneocidadeverde,ef 7o ano,8.5
457,contemporaneocidadeverde,ef 8o ano,6.333333333333333
458,contemporaneocidadeverde,ef 9o ano,12.0
459,contemporaneocidadeverde,em 1a serie,18.0
460,contemporaneocidadeverde,em 2a serie,9.0
461,contemporaneocidadeverde,em 3a serie,16.0
462,contemporaneolagoanova,ef 6o ano,5.333333333333333
463,contemporaneolagoanova,ef 7o ano,4.0
464,contemporaneolagoanova,ef 8o ano,5.5
465,contemporaneolagoanova,ef 9o ano,5.666666666666667
466,contemporaneolagoanova,em 1a serie,11.0
467,contemporaneolagoanova,em 2a serie,9.0
468,contemporaneolagoanova,em 3a serie,8.0
469,crb,ef 6o ano,11.833333333333334
470,crb,ef 7o ano,8.333333333333334
471,crb,ef 8o ano,8.777777777777779
472,crb,ef 9o ano,8.818181818181818
473,crb,em 1a serie,12.8
474,crb,em 2a serie,9.0
475,crb,em 3a serie,10.428571428571429
476,crb,outro,0.875
477,crescercampinas,ef 6o ano,3.8333333333333335
478,crescercampinas,ef 7o ano,4.6
479,crescercampinas,ef 8o ano,5.0
480,crescercampinas,ef 9o ano,3.5
481,crescercampinas,em 1a serie,11.25
482,crescercampinas,em 2a serie,24.5
483,crescercampinas,em 3a serie,25.5
484,cursoenfase,outro,1.2
485,cursoisfera,outro,6.428571428571429
486,cursoleopoldo,em 3a serie,0.6666666666666666
487,cursoleopoldo,outro,1.0
488,cursosazambuja,outro,0.5686274509803921
489,dante,em 3a serie,0.3333333333333333
490,deltaeducacional,em 1a serie,3.0
491,deltaeducacional,em 2a serie,6.0
492,deltaeducacional,em 3a serie,5.0
493,dommga,em 3a serie,2.0
494,domus,em 1a serie,3.0
495,domus,em 2a serie,3.0
496,domus,em 3a serie,3.0
497,eacorcovado,ef 5o ano,0.2
498,eacorcovado,ef 8o ano,0.75
499,eacorcovado,ef 9o ano,1.0
500,eacorcovado,em 1a serie,2.3333333333333335
501,eacorcovado,em 2a serie,4.5
502,eacorcovado,em 3a serie,2.0
503,eccos,ef 3o ano,2.5
504,eccos,ef 4o ano,1.0
505,eccos,ef 5o ano,3.5
506,eccos,ef 6o ano,1.75
507,eccos,ef 7o ano,3.5
508,eccos,ef 8o ano,6.5
509,eccos,ef 9o ano,4.0
510,educamais,ef 6o ano,1.0
511,educamais,ef 8o ano,1.0
512,educandarioterciocorreia,ef 3o ano,11.0
513,educandarioterciocorreia,ef 4o ano,13.0
514,educandarioterciocorreia,ef 5o ano,11.0
515,educandarioterciocorreia,ef 6o ano,18.0
516,educandarioterciocorreia,ef 7o ano,18.0
517,educandarioterciocorreia,ef 8o ano,24.0
518,educandarioterciocorreia,ef 9o ano,20.0
519,educarse,outro,5.0
520,einsteinassis,ef 6o ano,18.0
521,einsteinassis,ef 7o ano,17.0
522,einsteinassis,ef 8o ano,15.0
523,einsteinassis,ef 9o ano,15.0
524,einsteinassis,em 1a serie,11.0
525,einsteinassis,em 2a serie,10.0
526,einsteinassis,em 3a serie,11.0
527,elitecuritiba,outro,0.125
528,elitecuritibaemilianoperneta,em 1a serie,29.0
529,elitecuritibaemilianoperneta,em 2a serie,28.0
530,elitecuritibaemilianoperneta,em 3a serie,7.0
531,elitecuritibaemilianoperneta,outro,12.0
532,eluneonline,em 1a serie,1.0
533,escola,ef 4o ano,1.0
534,escolaceciliameireles,ef 2o ano,5.0
535,escolaceciliameireles,ef 3o ano,1.0
536,escolaceciliameireles,ef 4o ano,13.0
537,escolaceciliameireles,ef 5o ano,12.0
538,escolaceciliameireles,ef 6o ano,13.0
539,escolamaster,ef 8o ano,0.2
540,escolamaster,ef 9o ano,0.25
541,escolamaster,em 1a serie,2.3333333333333335
542,escolamaster,em 2a serie,3.0
543,escolamaster,em 3a serie,1.6666666666666667
544,estantemagica,outro,1.0
545,faculdadeflamingo,outro,6.0
546,francobrasileiro,em 3a serie,2.6666666666666665
547,gerabixo,outro,2.0
548,idaam,em 3a serie,0.75
549,implantacao,outro,3.0
550,insa,em 1a serie,2.0
551,insa,em 2a serie,2.0
552,insa,em 3a serie,2.0
553,institutoauxiliadoradf,em 1a serie,3.0
554,institutoauxiliadoradf,em 2a serie,3.0
555,institutoauxiliadoradf,em 3a serie,3.0
556,institutocristao,ef 6o ano,25.0
557,institutocristao,ef 7o ano,17.0
558,institutocristao,ef 9o ano,13.0
559,institutocristao,em 2a serie,14.0
560,institutocristao,em 3a serie,11.0
561,institutoeurofarma,outro,0.2
562,institutosaojose,em 1a serie,1.5
563,institutosaojose,em 2a serie,1.0
564,institutosaojose,em 3a serie,1.5
565,integra,ef 1o ano,4.0
566,integra,ef 2o ano,4.0
567,integra,ef 3o ano,4.0
568,integra,ef 4o ano,4.0
569,integra,ef 5o ano,4.0
570,integra,ef 6o ano,7.0
571,integra,ef 7o ano,7.0
572,integra,ef 8o ano,7.0
573,integradaeducativa,ef 6o ano,3.0714285714285716
574,integradaeducativa,ef 7o ano,2.6875
575,integradaeducativa,ef 8o ano,3.1333333333333333
576,integradaeducativa,ef 9o ano,3.2
577,integradaeducativa,em 1a serie,2.1875
578,integradaeducativa,em 2a serie,2.176470588235294
579,integradaeducativa,em 3a serie,2.125
580,invictus,ef 6o ano,11.0
581,invictus,ef 7o ano,15.0
582,invictus,ef 8o ano,18.0
583,invictus,ef 9o ano,15.0
584,invictus,em 1a serie,18.0
585,invictus,em 2a serie,18.0
586,invictus,em 3a serie,19.0
587,invictus,outro,3.0
588,iracemarufino,infantil iii,1.0
589,isem,ef 3o ano,1.25
590,isem,ef 4o ano,2.0
591,isem,ef 5o ano,1.25
592,isem,ef 6o ano,22.5
593,isem,ef 7o ano,16.333333333333332
594,isem,ef 8o ano,24.0
595,isem,ef 9o ano,25.0
596,itamarati,ef 8o ano,2.0
597,jazzvestibular,outro,0.5
598,joaobelem,ef 6o ano,1.0
599,joaobelem,ef 9o ano,1.0
600,lasalleaguasclaras,em 1a serie,0.75
601,lasalleaguasclaras,em 2a serie,1.0
602,lasalleaguasclaras,em 3a serie,0.75
603,liessinbarra,ef 8o ano,1.0
604,litteratus,em 3a serie,1.0
605,macvest,outro,3.0
606,magister,ef 3o ano,3.3333333333333335
607,magister,ef 4o ano,3.3333333333333335
608,magister,ef 5o ano,4.0
609,magister,outro,2.0
610,maplebearslz,ef 2o ano,1.0
611,maplebearslz,ef 3o ano,1.75
612,maplebearslz,ef 4o ano,4.181818181818182
613,maplebearslz,ef 5o ano,3.5
614,maplebearslz,ef 6o ano,9.25
615,maplebearslz,ef 7o ano,14.666666666666666
616,maplebearslz,ef 8o ano,12.0
617,maplebearslz,ef 9o ano,8.75
618,maplebearslz,em 1a serie,14.0
619,maplebearslz,em 2a serie,14.0
620,maplebearslz,outro,11.0
621,mariliamattoso,ef 5o ano,17.5
622,mariliamattoso,ef 6o ano,12.5
623,mariliamattoso,ef 7o ano,11.5
624,mariliamattoso,ef 8o ano,21.0
625,mariliamattoso,ef 9o ano,10.5
626,mariliamattoso,em 1a serie,44.0
627,mariliamattoso,em 2a serie,46.0
628,mariliamattoso,em 3a serie,32.0
629,master,ef 1o ano,0.42857142857142855
630,master,ef 2o ano,1.625
631,master,ef 3o ano,1.6666666666666667
632,master,ef 4o ano,1.68
633,master,ef 5o ano,1.5714285714285714
634,master,ef 6o ano,1.28
635,master,ef 7o ano,1.2083333333333333
636,master,ef 8o ano,1.375
637,master,ef 9o ano,1.625
638,master,em 1a serie,2.388888888888889
639,master,em 2a serie,2.411764705882353
640,master,em 3a serie,3.625
641,master,outro,2.611111111111111
642,minhalista,outro,5.0
643,moaciralves,ef 8o ano,3.0
644,moaciralves,ef 9o ano,2.0
645,montessori,em 1a serie,3.0
646,montessori,em 2a serie,3.0
647,montessori,em 3a serie,3.0
648,navegasas,ef 5o ano,1.0
649,novotempo,ef 9o ano,1.0
650,novotempo,em 1a serie,3.0
651,novotempo,em 2a serie,3.0
652,novotempo,em 3a serie,3.0
653,nucleocriativo,ef 1o ano,14.0
654,nucleocriativo,ef 2o ano,17.0
655,nucleocriativo,ef 3o ano,15.0
656,nucleocriativo,ef 4o ano,22.0
657,nucleocriativo,ef 5o ano,22.0
658,nucleocriativo,ef 6o ano,24.0
659,nucleocriativo,ef 7o ano,22.0
660,nucleocriativo,ef 8o ano,22.0
661,nucleocriativo,ef 9o ano,20.0
662,nucleocriativo,em 1a serie,27.0
663,nucleocriativo,outro,1.0
664,objetivolorena,ef 4o ano,10.0
665,objetivolorena,ef 5o ano,9.0
666,objetivolorena,ef 6o ano,5.666666666666667
667,objetivolorena,ef 7o ano,4.5
668,objetivolorena,ef 8o ano,5.0
669,objetivolorena,ef 9o ano,3.5555555555555554
670,objetivolorena,em 1a serie,3.75
671,objetivolorena,em 2a serie,9.0
672,objetivolorena,em 3a serie,17.5
673,objetivolorena,outro,3.0
674,oficinadoestudante,ef 1o ano,0.5
675,oficinadoestudante,ef 2o ano,1.0
676,oficinadoestudante,ef 3o ano,1.5
677,oficinadoestudante,ef 4o ano,2.0
678,oficinadoestudante,ef 5o ano,2.6666666666666665
679,oficinadoestudante,outro,3.3333333333333335
680,overabelcabral,ef 1o ano,2.0
681,overabelcabral,ef 2o ano,2.0
682,overabelcabral,ef 3o ano,3.5
683,overabelcabral,ef 4o ano,5.25
684,overabelcabral,ef 5o ano,5.0
685,overabelcabral,ef 6o ano,9.0
686,overabelcabral,ef 7o ano,8.666666666666666
687,overabelcabral,ef 8o ano,11.333333333333334
688,overabelcabral,ef 9o ano,12.5
689,overabelcabral,em 1a serie,30.0
690,overabelcabral,em 2a serie,32.0
691,overabelcabral,em 3a serie,7.0
692,overjoaopessoa,ef 9o ano,32.0
693,overjoaopessoa,em 1a serie,51.0
694,overjoaopessoa,em 2a serie,47.0
695,overjoaopessoa,em 3a serie,5.0
696,overjoaopessoa,outro,0.75
697,overlimaesilva,ef 1o ano,9.0
698,overlimaesilva,ef 2o ano,4.5
699,overlimaesilva,ef 3o ano,12.0
700,overlimaesilva,ef 4o ano,7.75
701,overlimaesilva,ef 5o ano,6.0
702,overmarciliofurtado,ef 6o ano,5.428571428571429
703,overmarciliofurtado,ef 7o ano,9.5
704,overmarciliofurtado,ef 8o ano,16.5
705,overmarciliofurtado,ef 9o ano,37.0
706,overmarciliofurtado,em 1a serie,21.333333333333332
707,overmarciliofurtado,em 2a serie,64.0
708,overmarciliofurtado,em 3a serie,7.0
709,overmossoro,ef 1o ano,4.0
710,overmossoro,ef 2o ano,12.0
711,overmossoro,ef 4o ano,12.0
712,overmossoro,ef 5o ano,8.0
713,overmossoro,ef 6o ano,20.0
714,overmossoro,ef 7o ano,25.0
715,overmossoro,ef 8o ano,24.0
716,overmossoro,ef 9o ano,26.0
717,overmossoro,em 1a serie,42.0
718,overmossoro,em 2a serie,2.0
719,overmossoro,em 3a serie,5.0
720,overmossoro,outro,0.5
721,overnascimentodecastro,outro,0.8571428571428571
722,overpontanegra,ef 1o ano,4.5
723,overpontanegra,ef 2o ano,6.0
724,overpontanegra,ef 3o ano,2.8333333333333335
725,overpontanegra,ef 4o ano,3.0
726,overpontanegra,ef 5o ano,1.8888888888888888
727,overpontanegra,ef 6o ano,13.666666666666666
728,overpontanegra,ef 7o ano,14.4
729,overpontanegra,ef 8o ano,32.0
730,overpontanegra,ef 9o ano,11.25
731,overpontanegra,em 1a serie,57.0
732,overpontanegra,em 2a serie,67.0
733,overpontanegra,em 3a serie,8.0
734,overzonanorte,ef 1o ano,9.0
735,overzonanorte,ef 2o ano,12.0
736,overzonanorte,ef 3o ano,7.0
737,overzonanorte,ef 4o ano,17.0
738,overzonanorte,ef 5o ano,13.5
739,overzonanorte,ef 6o ano,32.0
740,overzonanorte,ef 7o ano,33.0
741,overzonanorte,ef 8o ano,30.0
742,overzonanorte,ef 9o ano,40.0
743,overzonanorte,em 1a serie,60.0
744,overzonanorte,em 2a serie,60.0
745,overzonanorte,em 3a serie,8.0
746,overzonanorte,outro,2.0
747,pauloviana,ef 9o ano,0.5
748,pearson,em 3a serie,1.0
749,physicsalcindocacela,ef 9o ano,15.0
750,physicsalcindocacela,em 1a serie,16.0
751,physicsalcindocacela,em 2a serie,15.0
752,physicsalcindocacela,em 3a serie,4.0
753,physicsalcindocacela,outro,1.0
754,physicsalmirantebarroso,ef 2o ano,1.5
755,physicsalmirantebarroso,ef 3o ano,3.5
756,physicsalmirantebarroso,ef 4o ano,3.0
757,physicsalmirantebarroso,ef 5o ano,6.0
758,physicsalmirantebarroso,ef 6o ano,8.0
759,physicsalmirantebarroso,ef 7o ano,8.0
760,physicsalmirantebarroso,ef 8o ano,6.0
761,physicsalmirantebarroso,ef 9o ano,8.0
762,physicsalmirantebarroso,em 1a serie,20.0
763,physicsalmirantebarroso,em 2a serie,20.0
764,physicsalmirantebarroso,em 3a serie,9.5
765,physicsaugustomontenegro,ef 2o ano,7.0
766,physicsaugustomontenegro,ef 3o ano,7.0
767,physicsaugustomontenegro,ef 4o ano,7.0
768,physicsaugustomontenegro,ef 5o ano,7.0
769,physicsaugustomontenegro,ef 6o ano,6.0
770,physicsaugustomontenegro,ef 7o ano,6.0
771,physicsaugustomontenegro,ef 8o ano,7.0
772,physicsaugustomontenegro,ef 9o ano,6.0
773,physicsaugustomontenegro,em 1a serie,20.0
774,physicsaugustomontenegro,em 2a serie,20.0
775,physicsaugustomontenegro,em 3a serie,19.0
776,physicsaugustomontenegro,outro,3.0
777,physicsbatistacampos,ef 2o ano,8.0
778,physicsbatistacampos,ef 3o ano,7.0
779,physicsbatistacampos,ef 4o ano,7.0
780,physicsbatistacampos,ef 5o ano,8.0
781,physicsbatistacampos,ef 6o ano,2.5
782,physicsbatistacampos,ef 7o ano,2.5
783,physicsbatistacampos,ef 8o ano,5.0
784,physicsbatistacampos,ef 9o ano,2.5
785,physicscidadenova,ef 2o ano,8.0
786,physicscidadenova,ef 3o ano,7.0
787,physicscidadenova,ef 4o ano,7.0
788,physicscidadenova,ef 5o ano,6.5
789,physicscidadenova,ef 6o ano,5.0
790,physicscidadenova,ef 7o ano,2.5
791,physicscidadenova,ef 8o ano,6.0
792,physicscidadenova,ef 9o ano,6.0
793,physicscidadenova,em 1a serie,4.5
794,physicscidadenova,em 2a serie,6.333333333333333
795,physicscidadenova,em 3a serie,9.0
796,physicscidadenova,outro,3.0
797,physicsconselheirofurtado,em 1a serie,4.8
798,physicsconselheirofurtado,em 2a serie,7.0
799,physicsconselheirofurtado,em 3a serie,5.0
800,physicsmacapa,ef 7o ano,4.0
801,physicsmacapa,ef 8o ano,7.0
802,physicsmacapa,ef 9o ano,8.0
803,physicsmacapa,em 1a serie,6.0
804,physicsmacapa,em 2a serie,19.5
805,physicsmacapa,em 3a serie,21.0
806,physicsmacapa,outro,2.0
807,physicsumarizal,ef 2o ano,3.0
808,physicsumarizal,ef 3o ano,4.0
809,physicsumarizal,ef 4o ano,7.0
810,physicsumarizal,ef 5o ano,7.0
811,physicsumarizal,ef 6o ano,5.5
812,physicsumarizal,ef 7o ano,9.0
813,physicsumarizal,ef 8o ano,5.5
814,physicsumarizal,ef 9o ano,8.0
815,physicsumarizal,em 1a serie,20.0
816,physicsumarizal,em 2a serie,20.0
817,physicsumarizal,em 3a serie,19.0
818,pioxi,ef 1o ano,1.125
819,pioxi,ef 2o ano,1.25
820,pioxi,ef 3o ano,1.3333333333333333
821,pioxi,ef 4o ano,1.2727272727272727
822,pioxi,ef 5o ano,1.3
823,pioxi,ef 6o ano,2.076923076923077
824,pioxi,ef 7o ano,1.4615384615384615
825,pioxi,ef 8o ano,2.230769230769231
826,pioxi,ef 9o ano,1.625
827,pioxi,em 1a serie,5.5
828,pioxi,em 2a serie,5.5
829,pioxi,em 3a serie,1.6666666666666667
830,pioxi,outro,1.0
831,pioxiicolegio,ef 9o ano,3.3333333333333335
832,pioxiicolegio,em 1a serie,8.5
833,pioxiicolegio,em 2a serie,4.0
834,pioxiicolegio,em 3a serie,5.0
835,plannetaosasco,ef 2o ano,0.5
836,plannetaosasco,ef 3o ano,0.5
837,plannetataboao,ef 1o ano,0.4423076923076923
838,plannetataboao,ef 2o ano,0.4528301886792453
839,plannetataboao,ef 3o ano,0.4528301886792453
840,plannetataboao,ef 4o ano,0.46153846153846156
841,plannetataboao,ef 5o ano,0.46601941747572817
842,portinari,ef 2o ano,1.0
843,portinari,ef 3o ano,9.0
844,portinari,ef 4o ano,10.0
845,portinari,ef 5o ano,10.0
846,portinari,ef 6o ano,2.75
847,portinari,ef 7o ano,3.3333333333333335
848,portinari,ef 8o ano,3.4
849,portinari,ef 9o ano,4.2
850,portinari,em 1a serie,1.2142857142857142
851,portinari,em 2a serie,0.96875
852,portinari,em 3a serie,1.8333333333333333
853,porto,ef 6o ano,11.0
854,porto,ef 7o ano,6.333333333333333
855,porto,ef 8o ano,9.666666666666666
856,porto,ef 9o ano,15.333333333333334
857,porto,em 1a serie,4.2
858,porto,em 2a serie,4.142857142857143
859,porto,em 3a serie,4.0
860,portoseguro,ef 4o ano,0.6190476190476191
861,positivoon,em 3a serie,1.0
862,prevest,outro,1.0
863,prismapatrocinio,ef 2o ano,42.0
864,prismapatrocinio,ef 4o ano,14.0
865,prismapatrocinio,ef 5o ano,6.5
866,prismapatrocinio,ef 6o ano,26.5
867,prismapatrocinio,ef 7o ano,24.5
868,prismapatrocinio,ef 8o ano,17.0
869,prismapatrocinio,ef 9o ano,15.0
870,prismapatrocinio,em 1a serie,22.0
871,prismapatrocinio,em 2a serie,41.0
872,prismapatrocinio,em 3a serie,19.666666666666668
873,prismapatrocinio,outro,9.25
874,profederal,outro,11.11111111111111
875,progressaodc,em 1a serie,12.0
876,progressaodc,em 2a serie,26.0
877,progressaodc,em 3a serie,20.0
878,progressaoig,ef 6o ano,6.0
879,progressaoig,ef 7o ano,4.125
880,progressaoig,ef 9o ano,16.0
881,progressaoig,em 1a serie,12.5
882,progressaoig,em 2a serie,1.0
883,progressaoig,em 3a serie,10.0
884,progressaoig,outro,1.6666666666666667
885,provaspoliedro,ef 1o ano,1.0
886,provaspoliedro,ef 6o ano,1.3333333333333333
887,provaspoliedro,ef 7o ano,1.2
888,provaspoliedro,ef 8o ano,1.2941176470588236
889,provaspoliedro,ef 9o ano,1.173913043478261
890,provaspoliedro,em 1a serie,2.3442622950819674
891,provaspoliedro,em 2a serie,2.3043478260869565
892,provaspoliedro,em 3a serie,2.0588235294117645
893,provaspoliedro,outro,2.1470588235294117
894,psantagema,ef 2o ano,3.0
895,psantagema,ef 6o ano,4.0
896,psantagema,ef 7o ano,3.0
897,psantagema,ef 8o ano,6.666666666666667
898,psantagema,ef 9o ano,7.0
899,psantagema,em 1a serie,6.0
900,psantagema,em 2a serie,7.5
901,psantagema,em 3a serie,6.75
902,psantagema,outro,1.5
903,qescola,ef 1o ano,1.0
904,qescola,ef 5o ano,2.0
905,qescola,ef 6o ano,4.0
906,qescola,ef 7o ano,0.3333333333333333
907,qescola,em 1a serie,5.666666666666667
908,qescola,em 2a serie,5.0
909,qescola,em 3a serie,7.166666666666667
910,qescola,outro,1.5
911,rede,ef 9o ano,1.0
912,saberviver,ef 4o ano,0.25
913,saberviver,ef 5o ano,0.25
914,sagradafamilia,em 1a serie,3.0
915,sagradafamilia,em 2a serie,3.0
916,sagradafamilia,em 3a serie,2.5
917,santadoroteia,ef 9o ano,1.0
918,santadoroteia,em 1a serie,3.0
919,santadoroteia,em 2a serie,3.0
920,santadoroteia,em 3a serie,3.0
921,santamariacn,em 2a serie,5.0
922,santamariacn,em 3a serie,7.0
923,santoamerico,ef 6o ano,3.0
924,santoamerico,ef 7o ano,3.3333333333333335
925,santoamerico,ef 8o ano,3.0
926,santoamerico,ef 9o ano,5.8
927,santoamerico,em 1a serie,11.0
928,santoamerico,em 2a serie,8.2
929,santoamerico,em 3a serie,15.25
930,santoamerico,outro,1.127659574468085
931,santoantonio,em 3a serie,0.5
932,sas,em 1a serie,8.0
933,sasadapt,ef 1o ano,2.0
934,seletivoeducallis,ef 5o ano,1.0
935,seletivoeducallis,em 1a serie,1.0
936,seletivoeducallis,em 2a serie,2.0
937,simbios,outro,1.0
938,simuladoita,outro,1.5
939,sobral,outro,1.0
940,souhabilis,em 3a serie,12.0
941,souhabilis,outro,11.0
942,spdacruz,ef 6o ano,9.714285714285714
943,spdacruz,ef 7o ano,6.166666666666667
944,spdacruz,ef 8o ano,5.666666666666667
945,spdacruz,ef 9o ano,7.285714285714286
946,spdacruz,em 1a serie,6.5
947,spdacruz,em 2a serie,7.833333333333333
948,spdacruz,em 3a serie,4.916666666666667
949,stellamarisaguaverde,ef 2o ano,3.0
950,stellamarisaguaverde,ef 3o ano,3.3333333333333335
951,stellamarisaguaverde,ef 4o ano,2.6666666666666665
952,stellamarisaguaverde,ef 5o ano,7.0
953,stellamarisaguaverde,ef 6o ano,16.0
954,stellamarisaguaverde,ef 7o ano,19.0
955,stellamarisjuveve,ef 2o ano,2.6666666666666665
956,stellamarisjuveve,ef 3o ano,11.25
957,stellamarisjuveve,ef 4o ano,11.333333333333334
958,stellamarisjuveve,ef 5o ano,12.666666666666666
959,stellamarisjuveve,ef 6o ano,10.5
960,stellamarisjuveve,ef 7o ano,12.666666666666666
961,stellamarisjuveve,ef 8o ano,6.75
962,stellamarisjuveve,ef 9o ano,15.0
963,stellamarisjuveve,em 1a serie,57.5
964,stellamarisjuveve,em 2a serie,57.0
965,stellamarisjuveve,em 3a serie,7.0
966,stellamarisjuveve,outro,7.0
967,stellamarisxaxim,ef 2o ano,8.5
968,stellamarisxaxim,ef 3o ano,9.0
969,stellamarisxaxim,ef 4o ano,9.5
970,stellamarisxaxim,ef 5o ano,10.666666666666666
971,stellamarisxaxim,ef 6o ano,17.5
972,stellamarisxaxim,ef 7o ano,9.0
973,stellamarisxaxim,ef 8o ano,19.0
974,stellamarisxaxim,ef 9o ano,20.0
975,stellamarisxaxim,em 1a serie,50.0
976,stellamarisxaxim,em 2a serie,52.0
977,stellamarisxaxim,em 3a serie,7.0
978,studos,em 1a serie,1.0
979,testevictorhugo,ef 7o ano,1.0
980,testevictorhugo,em 1a serie,3.0
981,universitariolondrina,ef 3o ano,0.3333333333333333
982,universitariolondrina,ef 4o ano,1.3333333333333333
983,universitariolondrina,ef 5o ano,1.75
984,universitariolondrina,ef 6o ano,13.0
985,universitariolondrina,ef 7o ano,14.333333333333334
986,universitariolondrina,ef 8o ano,9.25
987,universitariolondrina,ef 9o ano,14.75
988,universitariolondrina,em 1a serie,25.2
989,universitariolondrina,em 2a serie,33.25
990,universitariolondrina,em 3a serie,24.166666666666668
991,universitariolondrina,outro,4.777777777777778
992,universobarcarena,ef 1o ano,15.0
993,universobarcarena,ef 2o ano,21.0
994,universobarcarena,ef 3o ano,16.5
995,universobarcarena,ef 4o ano,23.0
996,universobarcarena,ef 5o ano,37.0
997,universobarcarena,ef 6o ano,23.5
998,universobarcarena,ef 7o ano,15.0
999,universobarcarena,ef 8o ano,21.5
1000,universobarcarena,ef 9o ano,26.0
1001,universobarcarena,em 1a serie,20.5
1002,universobarcarena,em 2a serie,14.333333333333334
1003,universobarcarena,em 3a serie,12.0
1004,villalobos,ef 4o ano,5.0
1005,villalobos,ef 5o ano,5.666666666666667
1006,villalobos,ef 6o ano,11.5
1007,villalobos,ef 7o ano,12.5
1008,villalobos,ef 8o ano,13.5
1009,villalobos,ef 9o ano,12.333333333333334
1010,villalobos,em 1a serie,7.333333333333333
1011,villalobos,em 2a serie,27.5
1012,villalobos,em 3a serie,21.0
1013,vitae,ef 1o ano,2.0
1014,vitae,ef 2o ano,6.0
1015,vitae,ef 3o ano,2.0
1016,vitae,ef 4o ano,1.0
1017,vitae,ef 5o ano,1.0
1018,wilsondeandradebarreto,em 1a serie,1.0
