,namespace,grade,numero_ex
0,acessoalmirantetamandare,ef 2o ano,48.0
1,acessoalmirantetamandare,ef 3o ano,78.0
2,acessoalmirantetamandare,ef 4o ano,58.0
3,acessoalmirantetamandare,ef 5o ano,113.0
4,acessoalmirantetamandare,ef 6o ano,176.0
5,acessoalmirantetamandare,ef 7o ano,170.0
6,acessoalmirantetamandare,ef 8o ano,123.0
7,acessoalmirantetamandare,ef 9o ano,379.0
8,acessoalmirantetamandare,em 1a serie,885.0
9,acessoalmirantetamandare,em 2a serie,880.0
10,acessoalmirantetamandare,em 3a serie,688.0
11,acessoalmirantetamandare,outro,20.0
12,acessoboqueirao,ef 8o ano,163.25
13,acessoboqueirao,ef 9o ano,373.5
14,acessoboqueirao,em 1a serie,564.0
15,acessoboqueirao,em 2a serie,859.0
16,acessoboqueirao,em 3a serie,668.0
17,acessoboqueirao,outro,668.0
18,acessocampolargo,ef 6o ano,131.0
19,acessocampolargo,ef 7o ano,158.0
20,acessocampolargo,ef 8o ano,173.0
21,acessocampolargo,ef 9o ano,374.0
22,acessocampolargo,em 1a serie,950.0
23,acessocampolargo,em 2a serie,683.0
24,acessocampolargo,em 3a serie,688.0
25,acessocampolargo,outro,668.0
26,acessocampolargokids,ef 2o ano,48.0
27,acessocampolargokids,ef 3o ano,56.0
28,acessocampolargokids,ef 4o ano,60.0
29,acessocampolargokids,ef 5o ano,64.0
30,acessocampolargokids,outro,48.0
31,acessofazendariogrande,ef 2o ano,19.0
32,acessofazendariogrande,ef 3o ano,89.0
33,acessofazendariogrande,ef 4o ano,78.0
34,acessofazendariogrande,ef 5o ano,113.0
35,acessofazendariogrande,ef 6o ano,172.0
36,acessofazendariogrande,ef 7o ano,180.0
37,acessofazendariogrande,ef 8o ano,157.0
38,acessofazendariogrande,ef 9o ano,655.0
39,acessofazendariogrande,em 1a serie,880.0
40,acessofazendariogrande,em 2a serie,877.0
41,acessofazendariogrande,em 3a serie,668.0
42,acessofazendariogrande,outro,668.0
43,acessohauer,ef 2o ano,48.0
44,acessohauer,ef 3o ano,56.0
45,acessohauer,ef 4o ano,50.0
46,acessohauer,ef 5o ano,109.0
47,acessohauer,ef 6o ano,136.0
48,acessohauer,ef 7o ano,130.66666666666666
49,acessopinhais,em 1a serie,848.0
50,acessopinhais,em 2a serie,843.0
51,acessopinhais,em 3a serie,668.0
52,acessopinhais,outro,668.0
53,acessosantafelicidade,ef 2o ano,48.0
54,acessosantafelicidade,ef 3o ano,78.0
55,acessosantafelicidade,ef 4o ano,60.0
56,acessosantafelicidade,ef 5o ano,121.0
57,acessosantafelicidade,ef 6o ano,170.0
58,acessosantafelicidade,ef 7o ano,191.0
59,acessosantafelicidade,ef 8o ano,159.0
60,acessosantafelicidade,ef 9o ano,435.0
61,acessosantafelicidade,em 1a serie,840.0
62,acessosantafelicidade,em 2a serie,845.0
63,acessosantafelicidade,em 3a serie,668.0
64,acessosantafelicidade,outro,668.0
65,acessosjpinhais,ef 2o ano,71.25
66,acessosjpinhais,ef 3o ano,58.25
67,acessosjpinhais,ef 4o ano,59.42857142857143
68,acessosjpinhais,ef 5o ano,159.0
69,acessosjpinhais,ef 6o ano,181.66666666666666
70,acessosjpinhais,ef 7o ano,199.0
71,acessosjpinhais,ef 8o ano,191.0
72,acessosjpinhais,ef 9o ano,303.0
73,acessosjpinhais,em 1a serie,884.0
74,acessosjpinhais,em 2a serie,853.0
75,acessosjpinhais,em 3a serie,635.0
76,acessosjpinhais,outro,635.0
77,adrianochan,outro,391.175
78,aescobjetivo,ef 1o ano,67.0
79,aescobjetivo,ef 2o ano,89.5
80,aescobjetivo,ef 3o ano,105.0
81,aescobjetivo,ef 4o ano,88.5
82,aescobjetivo,ef 5o ano,151.5
83,aescobjetivo,ef 6o ano,321.0
84,aescobjetivo,ef 7o ano,297.5
85,aescobjetivo,ef 8o ano,353.0
86,aescobjetivo,ef 9o ano,378.0
87,aescobjetivo,em 1a serie,434.6666666666667
88,aescobjetivo,em 2a serie,807.8
89,aescobjetivo,em 3a serie,1253.0
90,amadeus,ef 2o ano,90.0
91,amadeus,ef 3o ano,100.0
92,amadeus,ef 4o ano,92.0
93,amadeus,ef 5o ano,93.0
94,amadeus,ef 6o ano,198.66666666666666
95,amadeus,ef 7o ano,275.0
96,amadeus,ef 8o ano,207.66666666666666
97,amadeus,ef 9o ano,117.86666666666666
98,amadeus,em 1a serie,229.4
99,amadeus,em 2a serie,288.0
100,amadeus,em 3a serie,20.0
101,amais,em 3a serie,176.0
102,amais,outro,395.0
103,amaisteste,ef 3o ano,28.0
104,amaisteste,ef 6o ano,12.0
105,amaisteste,ef 9o ano,5.0
106,amaisteste,em 1a serie,5.0
107,amaisteste,em 3a serie,5.0
108,apogeustoantonio2,ef 9o ano,91.0
109,apogeustoantonio2,outro,250.07692307692307
110,aprovest,outro,51.0
111,beityaacov,em 3a serie,95.0
112,brasilcursinhos,outro,148.33333333333334
113,camerinocursos,outro,10.0
114,casdinhosjc,ef 8o ano,287.0
115,casdinhosjc,ef 9o ano,172.0
116,casdvest,outro,129.66666666666666
117,cats,outro,195.0
118,cbpdigital,ef 2o ano,150.0
119,cbpdigital,ef 3o ano,150.0
120,cbpdigital,ef 4o ano,166.5
121,cbpdigital,ef 5o ano,169.5
122,cbpdigital,ef 6o ano,194.0
123,cbpdigital,ef 7o ano,108.5
124,cbpdigital,ef 8o ano,141.33333333333334
125,cbpdigital,ef 9o ano,132.0
126,ceabb,ef 3o ano,55.0
127,ceabb,ef 4o ano,10.0
128,ceabb,ef 5o ano,10.0
129,ceabb,ef 6o ano,198.0
130,ceabb,ef 7o ano,201.0
131,ceabb,ef 8o ano,188.0
132,ceabb,ef 9o ano,179.0
133,cecbdf,em 1a serie,201.0
134,cecbdf,em 2a serie,221.0
135,cecbdf,em 3a serie,241.0
136,ceespacolivre,ef 5o ano,54.0
137,ceespacolivre,ef 6o ano,93.0
138,ceespacolivre,ef 7o ano,84.0
139,ceespacolivre,ef 8o ano,78.0
140,ceespacolivre,ef 9o ano,64.0
141,ceespacolivre,em 1a serie,115.0
142,ceespacolivre,em 2a serie,71.5
143,cem,ef 2o ano,72.0
144,cem,ef 3o ano,64.0
145,cem,ef 4o ano,77.0
146,cem,ef 5o ano,79.0
147,cem,ef 6o ano,103.0
148,cem,ef 7o ano,92.0
149,cem,ef 8o ano,86.0
150,cem,ef 9o ano,111.0
151,cem,em 1a serie,136.0
152,cem,em 2a serie,125.0
153,cem,em 3a serie,111.0
154,ceprimeiromundo,ef 1o ano,20.0
155,ceprimeiromundo,ef 2o ano,1.0
156,ceprimeiromundo,ef 3o ano,26.666666666666668
157,ceprimeiromundo,ef 4o ano,35.333333333333336
158,ceprimeiromundo,ef 5o ano,24.333333333333332
159,ceprimeiromundo,ef 6o ano,103.66666666666667
160,ceprimeiromundo,ef 7o ano,120.0
161,ceprimeiromundo,ef 8o ano,121.71428571428571
162,ceprimeiromundo,ef 9o ano,107.57142857142857
163,ceprimeiromundo,em 1a serie,249.6
164,ceprimeiromundo,em 2a serie,243.66666666666666
165,ceprimeiromundo,em 3a serie,297.0
166,ceprimeiromundo,outro,1679.0
167,ciadosaber,ef 2o ano,68.0
168,ciadosaber,ef 3o ano,68.0
169,ciadosaber,ef 4o ano,55.0
170,ciadosaber,ef 5o ano,77.5
171,ciadosaber,ef 6o ano,70.4
172,ciadosaber,ef 7o ano,66.0
173,ciadosaber,ef 8o ano,40.0
174,ciadosaber,ef 9o ano,84.5
175,cmdpii,em 2a serie,663.0
176,cnslpb,ef 6o ano,67.33333333333333
177,cnslpb,ef 7o ano,63.0
178,cnslpb,ef 8o ano,83.33333333333333
179,cnslpb,ef 9o ano,96.0
180,cnslpb,em 1a serie,131.66666666666666
181,cnslpb,em 2a serie,149.0
182,cnslpb,em 3a serie,152.75
183,colegioalphaunis,ef 6o ano,123.0
184,colegioalphaunis,ef 7o ano,124.0
185,colegioalphaunis,ef 8o ano,122.0
186,colegioalphaunis,ef 9o ano,204.0
187,colegioalphaunis,em 1a serie,280.0
188,colegioalphaunis,em 2a serie,282.0
189,colegioalphaunis,em 3a serie,318.0
190,colegioanchietai,em 1a serie,201.0
191,colegioanchietai,em 2a serie,221.0
192,colegioanchietai,em 3a serie,241.0
193,colegioanchietaii,em 1a serie,134.33333333333334
194,colegioanchietaii,em 2a serie,221.0
195,colegioanchietaii,em 3a serie,241.0
196,colegioarena,em 1a serie,220.0
197,colegioarena,em 2a serie,240.0
198,colegioarena,em 3a serie,420.0
199,colegioarena,outro,230.0
200,colegiobatistaindependente,ef 5o ano,74.0
201,colegiobatistaindependente,ef 6o ano,396.0
202,colegiobatistaindependente,ef 7o ano,357.0
203,colegiobatistaindependente,ef 8o ano,199.66666666666666
204,colegiobatistaindependente,ef 9o ano,277.5
205,colegiobatistaindependente,em 1a serie,165.5
206,colegiobatistaindependente,em 2a serie,238.0
207,colegiobatistaindependente,em 3a serie,141.0
208,colegiobatistaindependente,outro,25.0
209,colegiobetelbrasileirosp,ef 1o ano,9.5
210,colegiobetelbrasileirosp,ef 6o ano,9.25
211,colegiobetelbrasileirosp,ef 7o ano,9.5625
212,colegiobetelbrasileirosp,ef 8o ano,8.705882352941176
213,colegiobetelbrasileirosp,ef 9o ano,8.894736842105264
214,colegiobetelbrasileirosp,em 1a serie,7.5
215,colegiobetelbrasileirosp,em 2a serie,7.733333333333333
216,colegiobetelbrasileirosp,em 3a serie,9.777777777777779
217,colegiobianguloiv,em 1a serie,121.0
218,colegiobianguloiv,em 2a serie,221.0
219,colegiobianguloiv,em 3a serie,241.0
220,colegiobilac,ef 1o ano,120.0
221,colegiobilac,ef 2o ano,120.0
222,colegiobilac,ef 3o ano,142.0
223,colegiobilac,ef 4o ano,142.0
224,colegiobilac,ef 5o ano,172.0
225,colegiobilac,ef 6o ano,239.0
226,colegiobilac,ef 7o ano,251.0
227,colegiobilac,ef 8o ano,271.0
228,colegiobilac,ef 9o ano,283.0
229,colegiobrasilia,ef 2o ano,177.5
230,colegiobrasilia,ef 3o ano,182.5
231,colegiobrasilia,ef 4o ano,273.3333333333333
232,colegiobrasilia,ef 5o ano,284.0
233,colegiobrasilia,ef 6o ano,141.25
234,colegiobrasilia,ef 7o ano,155.0
235,colegiobrasilia,ef 8o ano,141.25
236,colegiobrasilia,ef 9o ano,177.16666666666666
237,colegiobrasilia,em 1a serie,186.0
238,colegiobrasilia,em 2a serie,166.5
239,colegiobrasilia,em 3a serie,480.0
240,colegiobrasilia,outro,20.0
241,colegiocb,ef 3o ano,80.0
242,colegiocb,ef 4o ano,80.0
243,colegiocb,ef 5o ano,30.0
244,colegiocb,ef 6o ano,52.5
245,colegiocb,ef 7o ano,47.142857142857146
246,colegiocb,ef 8o ano,52.0
247,colegiocb,ef 9o ano,66.33333333333333
248,colegiocb,em 1a serie,42.2
249,colegiocb,em 2a serie,39.0
250,colegiocb,em 3a serie,85.5
251,colegiodasamericas,ef 3o ano,10.0
252,colegiodasamericas,ef 4o ano,8.0
253,colegiodasamericas,ef 6o ano,16.22222222222222
254,colegiodasamericas,ef 7o ano,16.22222222222222
255,colegiodasamericas,ef 8o ano,16.125
256,colegiodasamericas,ef 9o ano,15.8
257,colegiodasamericas,em 1a serie,18.642857142857142
258,colegiodasamericas,em 2a serie,17.846153846153847
259,colegiodasamericas,em 3a serie,14.61111111111111
260,colegiodasamericas,outro,10.666666666666666
261,colegioeag,ef 1o ano,25.0
262,colegioeag,ef 3o ano,5.0
263,colegioeag,ef 4o ano,5.0
264,colegioeag,ef 5o ano,8.0
265,colegioecursodesafio,ef 1o ano,59.0
266,colegioecursodesafio,ef 2o ano,49.0
267,colegioecursodesafio,ef 3o ano,69.0
268,colegioecursodesafio,ef 4o ano,60.0
269,colegioecursodesafio,ef 5o ano,70.0
270,colegioecursodesafio,ef 6o ano,153.33333333333334
271,colegioecursodesafio,ef 7o ano,126.66666666666667
272,colegioecursodesafio,ef 8o ano,200.0
273,colegioecursodesafio,ef 9o ano,189.5
274,colegioecursodesafio,em 1a serie,260.0
275,colegioecursodesafio,em 2a serie,130.0
276,colegioecursodesafio,em 3a serie,120.0
277,colegioecursoprogressao,ef 1o ano,10.0
278,colegioecursoprogressao,ef 6o ano,66.2
279,colegioecursoprogressao,ef 7o ano,48.857142857142854
280,colegioecursoprogressao,ef 8o ano,62.0
281,colegioecursoprogressao,ef 9o ano,63.888888888888886
282,colegioecursoprogressao,em 1a serie,65.0
283,colegioecursoprogressao,em 2a serie,94.625
284,colegioecursoprogressao,em 3a serie,82.92307692307692
285,colegioeducallis,ef 2o ano,65.0
286,colegioeducallis,ef 3o ano,68.0
287,colegioeducallis,ef 4o ano,71.5
288,colegioeducallis,ef 5o ano,76.0
289,colegioeducallis,ef 6o ano,37.125
290,colegioeducallis,ef 7o ano,41.42857142857143
291,colegioeducallis,ef 8o ano,46.13333333333333
292,colegioeducallis,ef 9o ano,50.083333333333336
293,colegioeducallis,em 1a serie,36.31578947368421
294,colegioeducallis,em 2a serie,39.27272727272727
295,colegioeducallis,em 3a serie,192.85714285714286
296,colegioensitec,ef 2o ano,60.0
297,colegioensitec,ef 3o ano,58.0
298,colegioensitec,ef 4o ano,60.0
299,colegioensitec,ef 5o ano,58.0
300,colegioensitec,ef 6o ano,84.0
301,colegioensitec,ef 7o ano,83.0
302,colegioensitec,ef 8o ano,49.0
303,colegioensitec,ef 9o ano,94.0
304,colegioensitec,em 1a serie,74.5
305,colegioensitec,em 2a serie,78.0
306,colegioensitec,em 3a serie,190.0
307,colegioflamingo,em 1a serie,219.0
308,colegioflamingo,em 2a serie,266.5
309,colegioflamingo,em 3a serie,282.5
310,colegiofuturageracao,ef 2o ano,10.0
311,colegiofuturageracao,ef 3o ano,60.0
312,colegiofuturageracao,ef 4o ano,60.0
313,colegiofuturageracao,ef 5o ano,60.0
314,colegiofuturageracao,ef 6o ano,174.0
315,colegiofuturageracao,ef 7o ano,162.0
316,colegiofuturageracao,ef 8o ano,200.0
317,colegiofuturageracao,ef 9o ano,174.0
318,colegiofuturageracao,em 1a serie,10.0
319,colegioglobal,ef 2o ano,59.5
320,colegioglobal,ef 3o ano,37.5
321,colegioglobal,ef 4o ano,77.0
322,colegioglobal,ef 5o ano,70.0
323,colegioglobal,ef 6o ano,130.0
324,colegioglobal,ef 7o ano,125.0
325,colegioglobal,ef 8o ano,126.0
326,colegioglobal,ef 9o ano,49.333333333333336
327,colegioglobal,em 1a serie,222.0
328,colegioglobal,em 2a serie,246.0
329,colegioglobal,em 3a serie,240.0
330,colegioguilhermedealmeida,ef 6o ano,36.0
331,colegioguilhermedealmeida,ef 7o ano,56.0
332,colegioguilhermedealmeida,ef 8o ano,29.666666666666668
333,colegioguilhermedealmeida,ef 9o ano,26.0
334,colegioguilhermedealmeida,em 1a serie,20.0
335,colegioguilhermedealmeida,em 2a serie,24.0
336,colegioguilhermedealmeida,em 3a serie,20.0
337,colegioiguatemy,ef 3o ano,103.0
338,colegioiguatemy,ef 4o ano,73.0
339,colegioiguatemy,ef 5o ano,75.0
340,colegioiguatemy,ef 6o ano,136.0
341,colegioiguatemy,ef 7o ano,126.0
342,colegioiguatemy,ef 8o ano,145.0
343,colegioiguatemy,ef 9o ano,142.0
344,colegioiguatemy,em 1a serie,129.33333333333334
345,colegioiguatemy,em 2a serie,132.0
346,colegioiguatemy,em 3a serie,128.0
347,colegiointegral,ef 2o ano,104.0
348,colegiointegral,ef 3o ano,108.0
349,colegiointegral,ef 4o ano,124.0
350,colegiointegral,ef 5o ano,98.0
351,colegiointegral,ef 6o ano,206.0
352,colegiointegral,ef 7o ano,166.8
353,colegiointegral,ef 8o ano,125.66666666666667
354,colegiointegral,ef 9o ano,69.55555555555556
355,colegiointegral,em 1a serie,117.44444444444444
356,colegiointegral,em 2a serie,117.44444444444444
357,colegiointegral,em 3a serie,256.3333333333333
358,colegiointegral,outro,56.0625
359,colegiojoaopaulo,ef 4o ano,81.0
360,colegiojoaopaulo,ef 5o ano,179.0
361,colegiojoaopaulo,ef 6o ano,167.0
362,colegiojoaopaulo,ef 7o ano,215.33333333333334
363,colegiojoaopaulo,ef 8o ano,226.0
364,colegiojoaopaulo,ef 9o ano,102.33333333333333
365,colegiojoaopaulo,em 1a serie,445.2
366,colegiojoaopaulo,em 2a serie,368.4
367,colegiojoaopaulo,em 3a serie,429.25
368,colegiojoaopaulo,outro,20.0
369,colegioliceu,em 1a serie,201.0
370,colegioliceu,em 2a serie,221.0
371,colegioliceu,em 3a serie,241.0
372,colegiomagnum,em 1a serie,186.0
373,colegiomagnum,em 2a serie,186.0
374,colegiomagnum,em 3a serie,276.0
375,colegiomundial,ef 6o ano,44.0
376,colegiomundial,ef 9o ano,52.0
377,colegiomundial,em 1a serie,52.0
378,colegiomundial,em 2a serie,78.0
379,colegiomundial,em 3a serie,78.0
380,colegionobre,ef 6o ano,1.0
381,colegionovageracao,ef 2o ano,10.0
382,colegionovageracao,ef 3o ano,10.0
383,colegionovageracao,ef 4o ano,20.0
384,colegionovageracao,ef 5o ano,30.0
385,colegioplanck,ef 6o ano,41.75
386,colegioplanck,ef 7o ano,41.857142857142854
387,colegioplanck,ef 8o ano,38.25
388,colegioplanck,ef 9o ano,39.23076923076923
389,colegioplanck,em 1a serie,49.666666666666664
390,colegioplanck,em 2a serie,67.11111111111111
391,colegioplanck,em 3a serie,55.0
392,colegioplanck,outro,50.0
393,colegiopremium,ef 1o ano,72.0
394,colegiopremium,ef 2o ano,72.0
395,colegiopremium,ef 3o ano,72.0
396,colegiopremium,ef 4o ano,73.0
397,colegiopremium,ef 5o ano,73.0
398,colegiopremium,ef 6o ano,162.0
399,colegiopremium,ef 7o ano,192.0
400,colegiopremium,ef 8o ano,87.66666666666667
401,colegiopremium,ef 9o ano,124.33333333333333
402,colegiopremium,em 1a serie,186.5
403,colegiopremium,em 2a serie,151.0
404,colegiopremium,em 3a serie,323.0
405,colegioser,outro,30.0
406,colegiosete,ef 1o ano,60.5
407,colegiosete,ef 2o ano,60.0
408,colegiosete,ef 3o ano,113.5
409,colegiosete,ef 4o ano,65.0
410,colegiosete,ef 5o ano,120.4
411,colegiosete,ef 6o ano,230.0
412,colegiosete,ef 7o ano,220.0
413,colegiosete,ef 8o ano,218.0
414,colegiosete,ef 9o ano,217.0
415,colegiosete,em 1a serie,400.0
416,colegiosete,em 2a serie,400.0
417,colegiosete,em 3a serie,400.0
418,colegiouirapuru,ef 3o ano,30.0
419,colegiouirapuru,ef 4o ano,70.0
420,colegiouirapuru,ef 5o ano,63.714285714285715
421,colegiouirapuru,ef 6o ano,57.0
422,colegiouirapuru,ef 7o ano,55.0
423,colegiouirapuru,ef 8o ano,37.833333333333336
424,colegiouirapuru,ef 9o ano,19.25
425,colegiouirapuru,em 1a serie,22.8
426,colegiouirapuru,em 2a serie,33.333333333333336
427,colegiouirapuru,em 3a serie,41.5
428,colegiouniverso,ef 6o ano,196.0
429,colegiouniverso,ef 7o ano,196.0
430,colegiouniverso,ef 8o ano,196.0
431,colegiouniverso,ef 9o ano,211.0
432,colegiouniverso,em 1a serie,509.0
433,colegiouniverso,em 2a serie,510.0
434,colegiouniverso,em 3a serie,553.0
435,colegiouniverso,outro,7.0
436,colegioup,ef 6o ano,114.33333333333333
437,colegioup,ef 7o ano,121.33333333333333
438,colegioup,ef 8o ano,114.66666666666667
439,colegioup,ef 9o ano,136.5
440,colegioup,em 1a serie,236.66666666666666
441,colegioup,em 2a serie,221.66666666666666
442,colegioup,em 3a serie,251.66666666666666
443,conexaosaber,ef 1o ano,89.0
444,conexaosaber,ef 2o ano,108.0
445,conexaosaber,ef 3o ano,169.0
446,conexaosaber,ef 4o ano,41.0
447,conexaosaber,ef 5o ano,107.0
448,conexaosaber,ef 6o ano,111.0
449,conexaosaber,ef 7o ano,113.0
450,conexaosaber,ef 8o ano,132.0
451,conexaosaber,ef 9o ano,160.0
452,contemporaneo,em 3a serie,46.0
453,contemporaneocidadeverde,ef 3o ano,96.0
454,contemporaneocidadeverde,ef 5o ano,23.0
455,contemporaneocidadeverde,ef 6o ano,80.0
456,contemporaneocidadeverde,ef 7o ano,85.0
457,contemporaneocidadeverde,ef 8o ano,66.66666666666667
458,contemporaneocidadeverde,ef 9o ano,381.0
459,contemporaneocidadeverde,em 1a serie,384.0
460,contemporaneocidadeverde,em 2a serie,359.0
461,contemporaneocidadeverde,em 3a serie,411.0
462,contemporaneolagoanova,ef 6o ano,80.0
463,contemporaneolagoanova,ef 7o ano,80.0
464,contemporaneolagoanova,ef 8o ano,95.0
465,contemporaneolagoanova,ef 9o ano,257.3333333333333
466,contemporaneolagoanova,em 1a serie,394.0
467,contemporaneolagoanova,em 2a serie,432.0
468,contemporaneolagoanova,em 3a serie,366.0
469,crb,ef 6o ano,193.66666666666666
470,crb,ef 7o ano,209.22222222222223
471,crb,ef 8o ano,221.88888888888889
472,crb,ef 9o ano,194.27272727272728
473,crb,em 1a serie,350.5
474,crb,em 2a serie,366.5
475,crb,em 3a serie,275.42857142857144
476,crb,outro,30.0
477,crescercampinas,ef 6o ano,76.5
478,crescercampinas,ef 7o ano,76.6
479,crescercampinas,ef 8o ano,88.25
480,crescercampinas,ef 9o ano,72.16666666666667
481,crescercampinas,em 1a serie,127.75
482,crescercampinas,em 2a serie,188.0
483,crescercampinas,em 3a serie,178.5
484,cursoenfase,outro,221.0
485,cursoisfera,outro,75.42857142857143
486,cursoleopoldo,em 3a serie,90.0
487,cursoleopoldo,outro,90.0
488,cursosazambuja,outro,115.45098039215686
489,dante,em 3a serie,8.0
490,deltaeducacional,em 1a serie,172.33333333333334
491,deltaeducacional,em 2a serie,86.0
492,deltaeducacional,em 3a serie,120.0
493,dommga,em 3a serie,271.0
494,domus,em 1a serie,276.0
495,domus,em 2a serie,276.0
496,domus,em 3a serie,276.0
497,eacorcovado,ef 5o ano,9.0
498,eacorcovado,ef 8o ano,6.0
499,eacorcovado,ef 9o ano,12.0
500,eacorcovado,em 1a serie,14.0
501,eacorcovado,em 2a serie,31.0
502,eacorcovado,em 3a serie,26.0
503,eccos,ef 3o ano,19.5
504,eccos,ef 4o ano,7.0
505,eccos,ef 5o ano,29.0
506,eccos,ef 6o ano,14.75
507,eccos,ef 7o ano,37.5
508,eccos,ef 8o ano,48.0
509,eccos,ef 9o ano,26.5
510,educamais,ef 6o ano,5.0
511,educamais,ef 8o ano,3.0
512,educandarioterciocorreia,ef 3o ano,106.0
513,educandarioterciocorreia,ef 4o ano,125.0
514,educandarioterciocorreia,ef 5o ano,120.0
515,educandarioterciocorreia,ef 6o ano,218.0
516,educandarioterciocorreia,ef 7o ano,198.0
517,educandarioterciocorreia,ef 8o ano,243.0
518,educandarioterciocorreia,ef 9o ano,204.0
519,educarse,outro,186.0
520,einsteinassis,ef 6o ano,94.0
521,einsteinassis,ef 7o ano,81.0
522,einsteinassis,ef 8o ano,83.0
523,einsteinassis,ef 9o ano,86.0
524,einsteinassis,em 1a serie,124.0
525,einsteinassis,em 2a serie,116.0
526,einsteinassis,em 3a serie,112.0
527,elitecuritiba,outro,90.0
528,elitecuritibaemilianoperneta,em 1a serie,615.0
529,elitecuritibaemilianoperneta,em 2a serie,610.0
530,elitecuritibaemilianoperneta,em 3a serie,565.0
531,elitecuritibaemilianoperneta,outro,455.0
532,eluneonline,em 1a serie,6.0
533,escola,ef 4o ano,3.0
534,escolaceciliameireles,ef 2o ano,72.0
535,escolaceciliameireles,ef 3o ano,5.0
536,escolaceciliameireles,ef 4o ano,163.0
537,escolaceciliameireles,ef 5o ano,149.0
538,escolaceciliameireles,ef 6o ano,167.0
539,escolamaster,ef 8o ano,10.0
540,escolamaster,ef 9o ano,10.0
541,escolamaster,em 1a serie,250.33333333333334
542,escolamaster,em 2a serie,261.25
543,escolamaster,em 3a serie,257.6666666666667
544,estantemagica,outro,91.0
545,faculdadeflamingo,outro,39.0
546,francobrasileiro,em 3a serie,510.6666666666667
547,gerabixo,outro,98.0
548,idaam,em 3a serie,276.0
549,implantacao,outro,33.0
550,insa,em 1a serie,132.0
551,insa,em 2a serie,132.0
552,insa,em 3a serie,132.0
553,institutoauxiliadoradf,em 1a serie,201.0
554,institutoauxiliadoradf,em 2a serie,221.0
555,institutoauxiliadoradf,em 3a serie,241.0
556,institutocristao,ef 6o ano,228.0
557,institutocristao,ef 7o ano,149.0
558,institutocristao,ef 9o ano,131.0
559,institutocristao,em 2a serie,148.0
560,institutocristao,em 3a serie,110.0
561,institutoeurofarma,outro,31.0
562,institutosaojose,em 1a serie,201.0
563,institutosaojose,em 2a serie,221.0
564,institutosaojose,em 3a serie,241.0
565,integra,ef 1o ano,15.0
566,integra,ef 2o ano,24.0
567,integra,ef 3o ano,34.0
568,integra,ef 4o ano,42.0
569,integra,ef 5o ano,52.0
570,integra,ef 6o ano,63.0
571,integra,ef 7o ano,71.0
572,integra,ef 8o ano,85.0
573,integradaeducativa,ef 6o ano,30.214285714285715
574,integradaeducativa,ef 7o ano,26.375
575,integradaeducativa,ef 8o ano,30.8
576,integradaeducativa,ef 9o ano,29.4
577,integradaeducativa,em 1a serie,13.5
578,integradaeducativa,em 2a serie,13.647058823529411
579,integradaeducativa,em 3a serie,13.3125
580,invictus,ef 6o ano,144.0
581,invictus,ef 7o ano,167.0
582,invictus,ef 8o ano,209.0
583,invictus,ef 9o ano,191.0
584,invictus,em 1a serie,238.0
585,invictus,em 2a serie,217.0
586,invictus,em 3a serie,189.0
587,invictus,outro,30.0
588,iracemarufino,infantil iii,1.0
589,isem,ef 3o ano,22.0
590,isem,ef 4o ano,22.0
591,isem,ef 5o ano,21.0
592,isem,ef 6o ano,123.0
593,isem,ef 7o ano,86.0
594,isem,ef 8o ano,134.0
595,isem,ef 9o ano,125.0
596,itamarati,ef 8o ano,16.5
597,jazzvestibular,outro,60.0
598,joaobelem,ef 6o ano,11.0
599,joaobelem,ef 9o ano,9.0
600,lasalleaguasclaras,em 1a serie,201.0
601,lasalleaguasclaras,em 2a serie,221.0
602,lasalleaguasclaras,em 3a serie,241.0
603,liessinbarra,ef 8o ano,10.0
604,litteratus,em 3a serie,5.0
605,macvest,outro,195.0
606,magister,ef 3o ano,41.0
607,magister,ef 4o ano,51.333333333333336
608,magister,ef 5o ano,55.5
609,magister,outro,42.5
610,maplebearslz,ef 2o ano,4.0
611,maplebearslz,ef 3o ano,10.25
612,maplebearslz,ef 4o ano,33.09090909090909
613,maplebearslz,ef 5o ano,32.333333333333336
614,maplebearslz,ef 6o ano,91.25
615,maplebearslz,ef 7o ano,135.66666666666666
616,maplebearslz,ef 8o ano,114.0
617,maplebearslz,ef 9o ano,108.0
618,maplebearslz,em 1a serie,205.5
619,maplebearslz,em 2a serie,218.5
620,maplebearslz,outro,40.0
621,mariliamattoso,ef 5o ano,198.0
622,mariliamattoso,ef 6o ano,246.5
623,mariliamattoso,ef 7o ano,286.5
624,mariliamattoso,ef 8o ano,295.0
625,mariliamattoso,ef 9o ano,292.5
626,mariliamattoso,em 1a serie,886.0
627,mariliamattoso,em 2a serie,890.0
628,mariliamattoso,em 3a serie,967.0
629,master,ef 1o ano,38.57142857142857
630,master,ef 2o ano,177.29166666666666
631,master,ef 3o ano,153.95833333333334
632,master,ef 4o ano,177.0
633,master,ef 5o ano,195.5
634,master,ef 6o ano,135.96
635,master,ef 7o ano,127.54166666666667
636,master,ef 8o ano,139.75
637,master,ef 9o ano,202.0
638,master,em 1a serie,260.3888888888889
639,master,em 2a serie,234.7058823529412
640,master,em 3a serie,1823.375
641,master,outro,313.3333333333333
642,minhalista,outro,15.0
643,moaciralves,ef 8o ano,15.0
644,moaciralves,ef 9o ano,5.0
645,montessori,em 1a serie,276.0
646,montessori,em 2a serie,276.0
647,montessori,em 3a serie,276.0
648,navegasas,ef 5o ano,3.0
649,novotempo,ef 9o ano,276.0
650,novotempo,em 1a serie,276.0
651,novotempo,em 2a serie,276.0
652,novotempo,em 3a serie,276.0
653,nucleocriativo,ef 1o ano,114.0
654,nucleocriativo,ef 2o ano,173.0
655,nucleocriativo,ef 3o ano,140.0
656,nucleocriativo,ef 4o ano,237.0
657,nucleocriativo,ef 5o ano,239.0
658,nucleocriativo,ef 6o ano,250.0
659,nucleocriativo,ef 7o ano,224.0
660,nucleocriativo,ef 8o ano,210.0
661,nucleocriativo,ef 9o ano,198.0
662,nucleocriativo,em 1a serie,261.0
663,nucleocriativo,outro,25.0
664,objetivolorena,ef 4o ano,100.0
665,objetivolorena,ef 5o ano,90.0
666,objetivolorena,ef 6o ano,50.666666666666664
667,objetivolorena,ef 7o ano,37.875
668,objetivolorena,ef 8o ano,62.4
669,objetivolorena,ef 9o ano,47.77777777777778
670,objetivolorena,em 1a serie,80.5
671,objetivolorena,em 2a serie,136.0
672,objetivolorena,em 3a serie,509.0
673,objetivolorena,outro,16.0
674,oficinadoestudante,ef 1o ano,4.0
675,oficinadoestudante,ef 2o ano,14.0
676,oficinadoestudante,ef 3o ano,24.0
677,oficinadoestudante,ef 4o ano,54.0
678,oficinadoestudante,ef 5o ano,74.0
679,oficinadoestudante,outro,83.33333333333333
680,overabelcabral,ef 1o ano,23.333333333333332
681,overabelcabral,ef 2o ano,20.0
682,overabelcabral,ef 3o ano,37.5
683,overabelcabral,ef 4o ano,55.0
684,overabelcabral,ef 5o ano,56.25
685,overabelcabral,ef 6o ano,101.25
686,overabelcabral,ef 7o ano,135.66666666666666
687,overabelcabral,ef 8o ano,134.33333333333334
688,overabelcabral,ef 9o ano,230.25
689,overabelcabral,em 1a serie,813.0
690,overabelcabral,em 2a serie,820.0
691,overabelcabral,em 3a serie,485.0
692,overjoaopessoa,ef 9o ano,390.0
693,overjoaopessoa,em 1a serie,742.0
694,overjoaopessoa,em 2a serie,714.0
695,overjoaopessoa,em 3a serie,462.0
696,overjoaopessoa,outro,231.0
697,overlimaesilva,ef 1o ano,90.0
698,overlimaesilva,ef 2o ano,75.0
699,overlimaesilva,ef 3o ano,120.0
700,overlimaesilva,ef 4o ano,80.0
701,overlimaesilva,ef 5o ano,83.33333333333333
702,overmarciliofurtado,ef 6o ano,59.57142857142857
703,overmarciliofurtado,ef 7o ano,104.25
704,overmarciliofurtado,ef 8o ano,191.0
705,overmarciliofurtado,ef 9o ano,435.0
706,overmarciliofurtado,em 1a serie,528.3333333333334
707,overmarciliofurtado,em 2a serie,839.0
708,overmarciliofurtado,em 3a serie,485.0
709,overmossoro,ef 1o ano,40.0
710,overmossoro,ef 2o ano,120.0
711,overmossoro,ef 4o ano,120.0
712,overmossoro,ef 5o ano,110.0
713,overmossoro,ef 6o ano,245.0
714,overmossoro,ef 7o ano,295.0
715,overmossoro,ef 8o ano,300.0
716,overmossoro,ef 9o ano,340.0
717,overmossoro,em 1a serie,716.0
718,overmossoro,em 2a serie,180.0
719,overmossoro,em 3a serie,462.0
720,overmossoro,outro,261.0
721,overnascimentodecastro,outro,265.2857142857143
722,overpontanegra,ef 1o ano,90.0
723,overpontanegra,ef 2o ano,60.0
724,overpontanegra,ef 3o ano,28.5
725,overpontanegra,ef 4o ano,60.0
726,overpontanegra,ef 5o ano,19.444444444444443
727,overpontanegra,ef 6o ano,155.66666666666666
728,overpontanegra,ef 7o ano,167.6
729,overpontanegra,ef 8o ano,378.0
730,overpontanegra,ef 9o ano,126.0
731,overpontanegra,em 1a serie,798.0
732,overpontanegra,em 2a serie,826.0
733,overpontanegra,em 3a serie,465.0
734,overzonanorte,ef 1o ano,90.0
735,overzonanorte,ef 2o ano,120.0
736,overzonanorte,ef 3o ano,70.0
737,overzonanorte,ef 4o ano,170.0
738,overzonanorte,ef 5o ano,132.0
739,overzonanorte,ef 6o ano,366.0
740,overzonanorte,ef 7o ano,372.0
741,overzonanorte,ef 8o ano,375.0
742,overzonanorte,ef 9o ano,520.0
743,overzonanorte,em 1a serie,837.0
744,overzonanorte,em 2a serie,837.0
745,overzonanorte,em 3a serie,517.0
746,overzonanorte,outro,331.0
747,pauloviana,ef 9o ano,8.0
748,pearson,em 3a serie,6.0
749,physicsalcindocacela,ef 9o ano,319.0
750,physicsalcindocacela,em 1a serie,266.0
751,physicsalcindocacela,em 2a serie,268.0
752,physicsalcindocacela,em 3a serie,165.66666666666666
753,physicsalcindocacela,outro,231.0
754,physicsalmirantebarroso,ef 2o ano,50.0
755,physicsalmirantebarroso,ef 3o ano,90.0
756,physicsalmirantebarroso,ef 4o ano,80.0
757,physicsalmirantebarroso,ef 5o ano,80.0
758,physicsalmirantebarroso,ef 6o ano,214.0
759,physicsalmirantebarroso,ef 7o ano,215.0
760,physicsalmirantebarroso,ef 8o ano,170.0
761,physicsalmirantebarroso,ef 9o ano,320.0
762,physicsalmirantebarroso,em 1a serie,548.0
763,physicsalmirantebarroso,em 2a serie,548.0
764,physicsalmirantebarroso,em 3a serie,528.0
765,physicsaugustomontenegro,ef 2o ano,90.0
766,physicsaugustomontenegro,ef 3o ano,90.0
767,physicsaugustomontenegro,ef 4o ano,90.0
768,physicsaugustomontenegro,ef 5o ano,90.0
769,physicsaugustomontenegro,ef 6o ano,140.0
770,physicsaugustomontenegro,ef 7o ano,170.0
771,physicsaugustomontenegro,ef 8o ano,206.0
772,physicsaugustomontenegro,ef 9o ano,225.0
773,physicsaugustomontenegro,em 1a serie,548.0
774,physicsaugustomontenegro,em 2a serie,548.0
775,physicsaugustomontenegro,em 3a serie,528.0
776,physicsaugustomontenegro,outro,276.0
777,physicsbatistacampos,ef 2o ano,100.0
778,physicsbatistacampos,ef 3o ano,90.0
779,physicsbatistacampos,ef 4o ano,90.0
780,physicsbatistacampos,ef 5o ano,100.0
781,physicsbatistacampos,ef 6o ano,154.0
782,physicsbatistacampos,ef 7o ano,175.0
783,physicsbatistacampos,ef 8o ano,180.0
784,physicsbatistacampos,ef 9o ano,190.0
785,physicscidadenova,ef 2o ano,100.0
786,physicscidadenova,ef 3o ano,90.0
787,physicscidadenova,ef 4o ano,90.0
788,physicscidadenova,ef 5o ano,75.0
789,physicscidadenova,ef 6o ano,164.0
790,physicscidadenova,ef 7o ano,185.0
791,physicscidadenova,ef 8o ano,230.0
792,physicscidadenova,ef 9o ano,240.0
793,physicscidadenova,em 1a serie,386.5
794,physicscidadenova,em 2a serie,398.0
795,physicscidadenova,em 3a serie,527.0
796,physicscidadenova,outro,276.0
797,physicsconselheirofurtado,em 1a serie,238.4
798,physicsconselheirofurtado,em 2a serie,285.25
799,physicsconselheirofurtado,em 3a serie,547.75
800,physicsmacapa,ef 7o ano,97.5
801,physicsmacapa,ef 8o ano,186.0
802,physicsmacapa,ef 9o ano,221.0
803,physicsmacapa,em 1a serie,231.0
804,physicsmacapa,em 2a serie,553.0
805,physicsmacapa,em 3a serie,543.0
806,physicsmacapa,outro,185.5
807,physicsumarizal,ef 2o ano,53.333333333333336
808,physicsumarizal,ef 3o ano,60.0
809,physicsumarizal,ef 4o ano,90.0
810,physicsumarizal,ef 5o ano,90.0
811,physicsumarizal,ef 6o ano,167.0
812,physicsumarizal,ef 7o ano,285.0
813,physicsumarizal,ef 8o ano,180.0
814,physicsumarizal,ef 9o ano,320.0
815,physicsumarizal,em 1a serie,548.0
816,physicsumarizal,em 2a serie,548.0
817,physicsumarizal,em 3a serie,528.0
818,pioxi,ef 1o ano,15.0
819,pioxi,ef 2o ano,25.0
820,pioxi,ef 3o ano,24.444444444444443
821,pioxi,ef 4o ano,31.818181818181817
822,pioxi,ef 5o ano,34.0
823,pioxi,ef 6o ano,22.923076923076923
824,pioxi,ef 7o ano,24.46153846153846
825,pioxi,ef 8o ano,25.23076923076923
826,pioxi,ef 9o ano,21.9375
827,pioxi,em 1a serie,96.0
828,pioxi,em 2a serie,101.0
829,pioxi,em 3a serie,141.33333333333334
830,pioxi,outro,20.0
831,pioxiicolegio,ef 9o ano,67.33333333333333
832,pioxiicolegio,em 1a serie,118.0
833,pioxiicolegio,em 2a serie,102.0
834,pioxiicolegio,em 3a serie,77.0
835,plannetaosasco,ef 2o ano,26.0
836,plannetaosasco,ef 3o ano,26.0
837,plannetataboao,ef 1o ano,26.0
838,plannetataboao,ef 2o ano,26.0
839,plannetataboao,ef 3o ano,26.0
840,plannetataboao,ef 4o ano,26.0
841,plannetataboao,ef 5o ano,26.0
842,portinari,ef 2o ano,13.0
843,portinari,ef 3o ano,100.0
844,portinari,ef 4o ano,110.0
845,portinari,ef 5o ano,110.0
846,portinari,ef 6o ano,109.0
847,portinari,ef 7o ano,102.83333333333333
848,portinari,ef 8o ano,138.0
849,portinari,ef 9o ano,160.2
850,portinari,em 1a serie,66.42857142857143
851,portinari,em 2a serie,58.84375
852,portinari,em 3a serie,228.0
853,porto,ef 6o ano,68.0
854,porto,ef 7o ano,43.0
855,porto,ef 8o ano,66.33333333333333
856,porto,ef 9o ano,115.33333333333333
857,porto,em 1a serie,137.53333333333333
858,porto,em 2a serie,97.28571428571429
859,porto,em 3a serie,83.25
860,portoseguro,ef 4o ano,60.23809523809524
861,positivoon,em 3a serie,4.0
862,prevest,outro,20.0
863,prismapatrocinio,ef 2o ano,373.0
864,prismapatrocinio,ef 4o ano,160.0
865,prismapatrocinio,ef 5o ano,150.0
866,prismapatrocinio,ef 6o ano,310.0
867,prismapatrocinio,ef 7o ano,283.5
868,prismapatrocinio,ef 8o ano,283.3333333333333
869,prismapatrocinio,ef 9o ano,292.0
870,prismapatrocinio,em 1a serie,399.0
871,prismapatrocinio,em 2a serie,372.0
872,prismapatrocinio,em 3a serie,509.6666666666667
873,prismapatrocinio,outro,239.75
874,profederal,outro,197.33333333333334
875,progressaodc,em 1a serie,98.5
876,progressaodc,em 2a serie,218.0
877,progressaodc,em 3a serie,194.0
878,progressaoig,ef 6o ano,53.0
879,progressaoig,ef 7o ano,33.875
880,progressaoig,ef 9o ano,123.66666666666667
881,progressaoig,em 1a serie,99.0
882,progressaoig,em 2a serie,15.5
883,progressaoig,em 3a serie,193.6
884,progressaoig,outro,15.333333333333334
885,provaspoliedro,ef 1o ano,12.0
886,provaspoliedro,ef 6o ano,10.6
887,provaspoliedro,ef 7o ano,9.95
888,provaspoliedro,ef 8o ano,11.5
889,provaspoliedro,ef 9o ano,8.826086956521738
890,provaspoliedro,em 1a serie,74.55737704918033
891,provaspoliedro,em 2a serie,72.95652173913044
892,provaspoliedro,em 3a serie,136.54901960784315
893,provaspoliedro,outro,69.55882352941177
894,psantagema,ef 2o ano,48.0
895,psantagema,ef 6o ano,80.0
896,psantagema,ef 7o ano,62.333333333333336
897,psantagema,ef 8o ano,105.66666666666667
898,psantagema,ef 9o ano,110.5
899,psantagema,em 1a serie,72.33333333333333
900,psantagema,em 2a serie,115.0
901,psantagema,em 3a serie,58.0
902,psantagema,outro,13.0
903,qescola,ef 1o ano,4.0
904,qescola,ef 5o ano,5.0
905,qescola,ef 6o ano,23.0
906,qescola,ef 7o ano,95.0
907,qescola,em 1a serie,45.0
908,qescola,em 2a serie,15.0
909,qescola,em 3a serie,44.666666666666664
910,qescola,outro,2.5
911,rede,ef 9o ano,5.0
912,saberviver,ef 4o ano,20.0
913,saberviver,ef 5o ano,20.0
914,sagradafamilia,em 1a serie,201.0
915,sagradafamilia,em 2a serie,221.0
916,sagradafamilia,em 3a serie,253.5
917,santadoroteia,ef 9o ano,11.0
918,santadoroteia,em 1a serie,201.0
919,santadoroteia,em 2a serie,221.0
920,santadoroteia,em 3a serie,241.0
921,santamariacn,em 2a serie,170.5
922,santamariacn,em 3a serie,230.5
923,santoamerico,ef 6o ano,26.75
924,santoamerico,ef 7o ano,31.5
925,santoamerico,ef 8o ano,22.333333333333332
926,santoamerico,ef 9o ano,41.0
927,santoamerico,em 1a serie,1149.75
928,santoamerico,em 2a serie,901.2
929,santoamerico,em 3a serie,1245.5
930,santoamerico,outro,201.89361702127658
931,santoantonio,em 3a serie,10.0
932,sas,em 1a serie,466.0
933,sasadapt,ef 1o ano,8.0
934,seletivoeducallis,ef 5o ano,20.0
935,seletivoeducallis,em 1a serie,20.0
936,seletivoeducallis,em 2a serie,40.0
937,simbios,outro,276.0
938,simuladoita,outro,50.5
939,sobral,outro,7.0
940,souhabilis,em 3a serie,540.0
941,souhabilis,outro,775.0
942,spdacruz,ef 6o ano,137.71428571428572
943,spdacruz,ef 7o ano,102.16666666666667
944,spdacruz,ef 8o ano,122.66666666666667
945,spdacruz,ef 9o ano,140.28571428571428
946,spdacruz,em 1a serie,117.16666666666667
947,spdacruz,em 2a serie,129.16666666666666
948,spdacruz,em 3a serie,83.25
949,stellamarisaguaverde,ef 2o ano,76.66666666666667
950,stellamarisaguaverde,ef 3o ano,59.333333333333336
951,stellamarisaguaverde,ef 4o ano,80.0
952,stellamarisaguaverde,ef 5o ano,113.0
953,stellamarisaguaverde,ef 6o ano,144.0
954,stellamarisaguaverde,ef 7o ano,173.0
955,stellamarisjuveve,ef 2o ano,53.333333333333336
956,stellamarisjuveve,ef 3o ano,112.5
957,stellamarisjuveve,ef 4o ano,136.66666666666666
958,stellamarisjuveve,ef 5o ano,140.66666666666666
959,stellamarisjuveve,ef 6o ano,120.0
960,stellamarisjuveve,ef 7o ano,141.0
961,stellamarisjuveve,ef 8o ano,86.0
962,stellamarisjuveve,ef 9o ano,199.0
963,stellamarisjuveve,em 1a serie,579.0
964,stellamarisjuveve,em 2a serie,556.0
965,stellamarisjuveve,em 3a serie,600.0
966,stellamarisjuveve,outro,600.0
967,stellamarisxaxim,ef 2o ano,144.0
968,stellamarisxaxim,ef 3o ano,145.0
969,stellamarisxaxim,ef 4o ano,181.0
970,stellamarisxaxim,ef 5o ano,160.0
971,stellamarisxaxim,ef 6o ano,176.0
972,stellamarisxaxim,ef 7o ano,180.0
973,stellamarisxaxim,ef 8o ano,182.0
974,stellamarisxaxim,ef 9o ano,192.0
975,stellamarisxaxim,em 1a serie,539.0
976,stellamarisxaxim,em 2a serie,562.0
977,stellamarisxaxim,em 3a serie,576.0
978,studos,em 1a serie,2.0
979,testevictorhugo,ef 7o ano,9.0
980,testevictorhugo,em 1a serie,90.0
981,universitariolondrina,ef 3o ano,10.0
982,universitariolondrina,ef 4o ano,40.0
983,universitariolondrina,ef 5o ano,70.0
984,universitariolondrina,ef 6o ano,402.3333333333333
985,universitariolondrina,ef 7o ano,377.6666666666667
986,universitariolondrina,ef 8o ano,420.75
987,universitariolondrina,ef 9o ano,574.0
988,universitariolondrina,em 1a serie,1353.0
989,universitariolondrina,em 2a serie,1480.0
990,universitariolondrina,em 3a serie,780.5
991,universitariolondrina,outro,222.0
992,universobarcarena,ef 1o ano,139.0
993,universobarcarena,ef 2o ano,202.0
994,universobarcarena,ef 3o ano,155.5
995,universobarcarena,ef 4o ano,230.0
996,universobarcarena,ef 5o ano,370.0
997,universobarcarena,ef 6o ano,237.0
998,universobarcarena,ef 7o ano,229.33333333333334
999,universobarcarena,ef 8o ano,203.5
1000,universobarcarena,ef 9o ano,262.0
1001,universobarcarena,em 1a serie,397.5
1002,universobarcarena,em 2a serie,463.3333333333333
1003,universobarcarena,em 3a serie,426.0
1004,villalobos,ef 4o ano,25.0
1005,villalobos,ef 5o ano,28.333333333333332
1006,villalobos,ef 6o ano,75.5
1007,villalobos,ef 7o ano,86.0
1008,villalobos,ef 8o ano,98.5
1009,villalobos,ef 9o ano,77.33333333333333
1010,villalobos,em 1a serie,49.0
1011,villalobos,em 2a serie,184.5
1012,villalobos,em 3a serie,120.0
1013,vitae,ef 1o ano,20.0
1014,vitae,ef 2o ano,75.0
1015,vitae,ef 3o ano,20.0
1016,vitae,ef 4o ano,10.0
1017,vitae,ef 5o ano,10.0
1018,wilsondeandradebarreto,em 1a serie,8.0
