,namespace,grade,Porcentagem de exercícios de AAs em relatórios de AD
0,aescobjetivo,em 2a serie,0.21
1,sas,0,0.29
2,master,ef 9o ano,0.11
3,santoamerico,em 3a serie,0.08
4,aescobjetivo,em 1a serie,0.46
5,master,ef 7o ano,0.11
6,master,ef 6o ano,0.1
7,santoamerico,em 1a serie,0.04
8,testevictorhugo,em 1a serie,1.0
9,equipe,0,1.0
10,master,ef 3o ano,0.01
11,qescola,ef 6o ano,0.23
12,rede,ef 9o ano,0.5
13,overjoaopessoa,0,0.0
14,overabelcabral,em 3a serie,0.0
15,objetivolorena,outro,0.0
16,objetivoteresina,0,0.0
17,overlimaesilva,ef 1o ano,0.0
18,oficinadoestudante,outro,0.0
19,osequim,0,0.0
20,overabelcabral,0,0.0
21,overabelcabral,ef 1o ano,0.0
22,overabelcabral,ef 2o ano,0.0
23,overabelcabral,ef 3o ano,0.0
24,overlimaesilva,0,0.0
25,overabelcabral,ef 4o ano,0.0
26,overjoaopessoa,outro,0.0
27,overjoaopessoa,ef 9o ano,0.0
28,overabelcabral,ef 5o ano,0.0
29,overjoaopessoa,em 3a serie,0.0
30,overjoaopessoa,em 2a serie,0.0
31,overabelcabral,ef 6o ano,0.0
32,objetivolorena,em 2a serie,0.0
33,overabelcabral,ef 7o ano,0.0
34,overjoaopessoa,em 1a serie,0.0
35,overabelcabral,ef 8o ano,0.0
36,overabelcabral,ef 9o ano,0.0
37,overabelcabral,em 1a serie,0.0
38,overabelcabral,em 2a serie,0.0
39,objetivolorena,em 3a serie,0.0
40,objetivolorena,ef 7o ano,0.0
41,objetivolorena,em 1a serie,0.0
42,nucleocriativo,ef 2o ano,0.0
43,minhalista,0,0.0
44,minhalista,outro,0.0
45,moaciralves,ef 8o ano,0.0
46,moaciralves,ef 9o ano,0.0
47,montessori,em 1a serie,0.0
48,montessori,em 2a serie,0.0
49,montessori,em 3a serie,0.0
50,murilorocha,0,0.0
51,navegasas,ef 5o ano,0.0
52,novotempo,ef 9o ano,0.0
53,novotempo,em 1a serie,0.0
54,novotempo,em 2a serie,0.0
55,novotempo,em 3a serie,0.0
56,nucleocriativo,ef 1o ano,0.0
57,nucleocriativo,ef 3o ano,0.0
58,objetivolorena,ef 9o ano,0.0
59,nucleocriativo,ef 4o ano,0.0
60,nucleocriativo,ef 5o ano,0.0
61,nucleocriativo,ef 6o ano,0.0
62,nucleocriativo,ef 7o ano,0.0
63,nucleocriativo,ef 8o ano,0.0
64,nucleocriativo,ef 9o ano,0.0
65,nucleocriativo,em 1a serie,0.0
66,nucleopva,0,0.0
67,objetivolorena,0,0.0
68,objetivolorena,ef 4o ano,0.0
69,objetivolorena,ef 5o ano,0.0
70,objetivolorena,ef 6o ano,0.0
71,overlimaesilva,ef 3o ano,0.0
72,objetivolorena,ef 8o ano,0.0
73,overlimaesilva,ef 2o ano,0.0
74,overlimaesilva,ef 4o ano,0.0
75,master,outro,0.0
76,overzonanorte,ef 7o ano,0.0
77,overzonanorte,outro,0.0
78,overzonanorte,em 3a serie,0.0
79,overzonanorte,em 2a serie,0.0
80,overzonanorte,em 1a serie,0.0
81,overzonanorte,ef 9o ano,0.0
82,overzonanorte,ef 8o ano,0.0
83,overzonanorte,ef 6o ano,0.0
84,pearson,em 3a serie,0.0
85,overzonanorte,ef 5o ano,0.0
86,overzonanorte,ef 4o ano,0.0
87,overzonanorte,ef 3o ano,0.0
88,overzonanorte,ef 2o ano,0.0
89,overzonanorte,ef 1o ano,0.0
90,overzonanorte,0,0.0
91,pauloviana,ef 9o ano,0.0
92,pesenglish,0,0.0
93,overpontanegra,em 2a serie,0.0
94,physicsalmirantebarroso,ef 4o ano,0.0
95,physicsalmirantebarroso,em 1a serie,0.0
96,physicsalmirantebarroso,ef 9o ano,0.0
97,physicsalmirantebarroso,ef 8o ano,0.0
98,physicsalmirantebarroso,ef 7o ano,0.0
99,physicsalmirantebarroso,ef 6o ano,0.0
100,physicsalmirantebarroso,ef 5o ano,0.0
101,physicsalmirantebarroso,ef 3o ano,0.0
102,physicsalcindocacela,0,0.0
103,physicsalmirantebarroso,ef 2o ano,0.0
104,physicsalcindocacela,outro,0.0
105,physicsalcindocacela,em 3a serie,0.0
106,physicsalcindocacela,em 2a serie,0.0
107,physicsalcindocacela,em 1a serie,0.0
108,physicsalcindocacela,ef 9o ano,0.0
109,overpontanegra,em 3a serie,0.0
110,overpontanegra,em 1a serie,0.0
111,overlimaesilva,ef 5o ano,0.0
112,overmarciliofurtado,em 3a serie,0.0
113,overmossoro,ef 6o ano,0.0
114,overmossoro,ef 5o ano,0.0
115,overmossoro,ef 4o ano,0.0
116,overmossoro,ef 2o ano,0.0
117,overmossoro,ef 1o ano,0.0
118,overmossoro,0,0.0
119,overmarciliofurtado,em 2a serie,0.0
120,overmossoro,ef 8o ano,0.0
121,overmarciliofurtado,em 1a serie,0.0
122,overmarciliofurtado,ef 9o ano,0.0
123,overmarciliofurtado,ef 8o ano,0.0
124,overmarciliofurtado,ef 7o ano,0.0
125,overmarciliofurtado,ef 6o ano,0.0
126,overmarciliofurtado,0,0.0
127,overmossoro,ef 7o ano,0.0
128,overmossoro,ef 9o ano,0.0
129,overpontanegra,ef 9o ano,0.0
130,overpontanegra,ef 2o ano,0.0
131,overpontanegra,ef 8o ano,0.0
132,overpontanegra,ef 7o ano,0.0
133,overpontanegra,ef 6o ano,0.0
134,overpontanegra,ef 5o ano,0.0
135,overpontanegra,ef 4o ano,0.0
136,overpontanegra,ef 3o ano,0.0
137,overpontanegra,ef 1o ano,0.0
138,overmossoro,em 1a serie,0.0
139,overpontanegra,0,0.0
140,overnascimentodecastro,outro,0.0
141,overnascimentodecastro,0,0.0
142,overmossoro,outro,0.0
143,overmossoro,em 3a serie,0.0
144,overmossoro,em 2a serie,0.0
145,meta,0,0.0
146,acessoalmirantetamandare,ef 2o ano,0.0
147,master,em 3a serie,0.0
148,institutocristao,ef 7o ano,0.0
149,francobrasileiro,em 3a serie,0.0
150,fundacaobradesco,0,0.0
151,galois,0,0.0
152,garra,0,0.0
153,gerabixo,outro,0.0
154,idaam,em 3a serie,0.0
155,implantacao,outro,0.0
156,insa,em 1a serie,0.0
157,insa,em 2a serie,0.0
158,insa,em 3a serie,0.0
159,institutoauxiliadoradf,em 1a serie,0.0
160,institutoauxiliadoradf,em 2a serie,0.0
161,institutoauxiliadoradf,em 3a serie,0.0
162,institutocristao,ef 6o ano,0.0
163,institutocristao,ef 9o ano,0.0
164,integradaeducativa,ef 6o ano,0.0
165,institutocristao,em 2a serie,0.0
166,institutocristao,em 3a serie,0.0
167,institutoeurofarma,outro,0.0
168,institutosaojose,em 1a serie,0.0
169,institutosaojose,em 2a serie,0.0
170,institutosaojose,em 3a serie,0.0
171,integra,ef 1o ano,0.0
172,integra,ef 2o ano,0.0
173,integra,ef 3o ano,0.0
174,integra,ef 4o ano,0.0
175,integra,ef 5o ano,0.0
176,integra,ef 6o ano,0.0
177,integra,ef 7o ano,0.0
178,integra,ef 8o ano,0.0
179,fleming,0,0.0
180,faculdadeflamingo,outro,0.0
181,faculdadeflamingo,0,0.0
182,estantemagica,outro,0.0
183,educandarioterciocorreia,ef 7o ano,0.0
184,educandarioterciocorreia,ef 8o ano,0.0
185,educandarioterciocorreia,ef 9o ano,0.0
186,educarse,outro,0.0
187,eduqo,0,0.0
188,einsteinassis,ef 6o ano,0.0
189,einsteinassis,ef 7o ano,0.0
190,einsteinassis,ef 8o ano,0.0
191,einsteinassis,ef 9o ano,0.0
192,einsteinassis,em 1a serie,0.0
193,einsteinassis,em 2a serie,0.0
194,einsteinassis,em 3a serie,0.0
195,elitecuritibaemilianoperneta,em 1a serie,0.0
196,elitecuritibaemilianoperneta,em 2a serie,0.0
197,elitecuritibaemilianoperneta,em 3a serie,0.0
198,elitecuritibaemilianoperneta,outro,0.0
199,eluneonline,0,0.0
200,eluneonline,em 1a serie,0.0
201,escola,ef 4o ano,0.0
202,escolaceciliameireles,ef 2o ano,0.0
203,escolaceciliameireles,ef 3o ano,0.0
204,escolaceciliameireles,ef 4o ano,0.0
205,escolaceciliameireles,ef 5o ano,0.0
206,escolaceciliameireles,ef 6o ano,0.0
207,escoladeimpacto,0,0.0
208,escolamaster,em 1a serie,0.0
209,escolamaster,em 2a serie,0.0
210,escolamaster,em 3a serie,0.0
211,esperanza,0,0.0
212,integradaeducativa,0,0.0
213,integradaeducativa,ef 7o ano,0.0
214,master,em 2a serie,0.0
215,mariliamattoso,0,0.0
216,magister,ef 5o ano,0.0
217,magister,outro,0.0
218,maplebearslz,0,0.0
219,maplebearslz,ef 2o ano,0.0
220,maplebearslz,ef 3o ano,0.0
221,maplebearslz,ef 4o ano,0.0
222,maplebearslz,ef 5o ano,0.0
223,maplebearslz,ef 6o ano,0.0
224,maplebearslz,ef 7o ano,0.0
225,maplebearslz,ef 8o ano,0.0
226,maplebearslz,ef 9o ano,0.0
227,maplebearslz,em 1a serie,0.0
228,maplebearslz,em 2a serie,0.0
229,maplebearslz,outro,0.0
230,mariliamattoso,ef 5o ano,0.0
231,integradaeducativa,ef 8o ano,0.0
232,mariliamattoso,ef 6o ano,0.0
233,mariliamattoso,ef 7o ano,0.0
234,mariliamattoso,ef 8o ano,0.0
235,mariliamattoso,ef 9o ano,0.0
236,mariliamattoso,em 1a serie,0.0
237,mariliamattoso,em 2a serie,0.0
238,mariliamattoso,em 3a serie,0.0
239,master,ef 1o ano,0.0
240,master,ef 2o ano,0.0
241,master,ef 4o ano,0.0
242,master,ef 5o ano,0.0
243,physicsalmirantebarroso,em 3a serie,0.0
244,master,ef 8o ano,0.0
245,master,em 1a serie,0.0
246,magister,ef 4o ano,0.0
247,magister,ef 3o ano,0.0
248,magister,0,0.0
249,macvest,outro,0.0
250,integradaeducativa,ef 9o ano,0.0
251,integradaeducativa,em 1a serie,0.0
252,integradaeducativa,em 2a serie,0.0
253,integradaeducativa,em 3a serie,0.0
254,invictus,0,0.0
255,invictus,ef 6o ano,0.0
256,invictus,ef 7o ano,0.0
257,invictus,ef 8o ano,0.0
258,invictus,ef 9o ano,0.0
259,invictus,em 1a serie,0.0
260,invictus,em 2a serie,0.0
261,invictus,em 3a serie,0.0
262,invictus,outro,0.0
263,iracemarufino,infantil iii,0.0
264,isem,ef 3o ano,0.0
265,isem,ef 4o ano,0.0
266,isem,ef 5o ano,0.0
267,isem,ef 6o ano,0.0
268,isem,ef 7o ano,0.0
269,isem,ef 8o ano,0.0
270,isem,ef 9o ano,0.0
271,itamarati,ef 8o ano,0.0
272,jazzvestibular,outro,0.0
273,joaobelem,ef 6o ano,0.0
274,joaobelem,ef 9o ano,0.0
275,lasalleaguasclaras,em 1a serie,0.0
276,lasalleaguasclaras,em 2a serie,0.0
277,lasalleaguasclaras,em 3a serie,0.0
278,litteratus,em 3a serie,0.0
279,physicsalmirantebarroso,em 2a serie,0.0
280,physicsaugustomontenegro,ef 6o ano,0.0
281,physicsaugustomontenegro,ef 2o ano,0.0
282,santoamerico,ef 8o ano,0.0
283,sas,em 1a serie,0.0
284,santoantonio,em 3a serie,0.0
285,santoantonio,0,0.0
286,santoamerico,outro,0.0
287,santoamerico,em 2a serie,0.0
288,santoamerico,ef 9o ano,0.0
289,santoamerico,ef 7o ano,0.0
290,physicsaugustomontenegro,ef 3o ano,0.0
291,santoamerico,ef 6o ano,0.0
292,santoamerico,0,0.0
293,santamariacn,em 3a serie,0.0
294,santamariacn,em 2a serie,0.0
295,santamariacn,0,0.0
296,santadoroteia,em 3a serie,0.0
297,sasadapt,ef 1o ano,0.0
298,sasadaptem,0,0.0
299,seletivoeducallis,0,0.0
300,seletivoeducallis,ef 5o ano,0.0
301,seletivoeducallis,em 1a serie,0.0
302,seletivoeducallis,em 2a serie,0.0
303,simbios,outro,0.0
304,simuladoita,outro,0.0
305,sobral,outro,0.0
306,souhabilis,em 3a serie,0.0
307,souhabilis,outro,0.0
308,spdacruz,0,0.0
309,spdacruz,ef 6o ano,0.0
310,spdacruz,ef 7o ano,0.0
311,spdacruz,ef 8o ano,0.0
312,spdacruz,ef 9o ano,0.0
313,spdacruz,em 1a serie,0.0
314,santadoroteia,em 2a serie,0.0
315,santadoroteia,em 1a serie,0.0
316,sagradafamilia,em 3a serie,0.0
317,psantagema,em 2a serie,0.0
318,provaspoliedro,ef 7o ano,0.0
319,provaspoliedro,ef 8o ano,0.0
320,provaspoliedro,ef 9o ano,0.0
321,provaspoliedro,em 1a serie,0.0
322,provaspoliedro,em 2a serie,0.0
323,provaspoliedro,em 3a serie,0.0
324,provaspoliedro,outro,0.0
325,psantagema,0,0.0
326,psantagema,ef 2o ano,0.0
327,psantagema,ef 6o ano,0.0
328,psantagema,ef 7o ano,0.0
329,psantagema,ef 8o ano,0.0
330,psantagema,ef 9o ano,0.0
331,psantagema,em 1a serie,0.0
332,psantagema,em 3a serie,0.0
333,sagradafamilia,em 2a serie,0.0
334,psantagema,outro,0.0
335,qescola,0,0.0
336,qescola,ef 1o ano,0.0
337,qescola,ef 5o ano,0.0
338,qescola,ef 7o ano,0.0
339,qescola,em 1a serie,0.0
340,qescola,em 2a serie,0.0
341,qescola,em 3a serie,0.0
342,qescola,outro,0.0
343,qescola.qmagico.com.br,0,0.0
344,saberviver,ef 4o ano,0.0
345,saberviver,ef 5o ano,0.0
346,saea,0,0.0
347,sagradafamilia,em 1a serie,0.0
348,spdacruz,em 2a serie,0.0
349,spdacruz,em 3a serie,0.0
350,stellamarisaguaverde,ef 2o ano,0.0
351,universobarcarena,ef 7o ano,0.0
352,universitariolondrina,ef 6o ano,0.0
353,universitariolondrina,ef 7o ano,0.0
354,universitariolondrina,ef 8o ano,0.0
355,universitariolondrina,ef 9o ano,0.0
356,universitariolondrina,em 1a serie,0.0
357,universitariolondrina,em 2a serie,0.0
358,universitariolondrina,em 3a serie,0.0
359,universitariolondrina,outro,0.0
360,universobarcarena,ef 1o ano,0.0
361,universobarcarena,ef 2o ano,0.0
362,universobarcarena,ef 3o ano,0.0
363,universobarcarena,ef 4o ano,0.0
364,universobarcarena,ef 5o ano,0.0
365,universobarcarena,ef 6o ano,0.0
366,universobarcarena,ef 8o ano,0.0
367,universitariolondrina,ef 4o ano,0.0
368,universobarcarena,ef 9o ano,0.0
369,universobarcarena,em 1a serie,0.0
370,universobarcarena,em 2a serie,0.0
371,universobarcarena,em 3a serie,0.0
372,villalobos,ef 4o ano,0.0
373,villalobos,ef 5o ano,0.0
374,villalobos,ef 6o ano,0.0
375,villalobos,ef 7o ano,0.0
376,villalobos,ef 8o ano,0.0
377,villalobos,ef 9o ano,0.0
378,villalobos,em 1a serie,0.0
379,villalobos,em 2a serie,0.0
380,villalobos,em 3a serie,0.0
381,vitae,ef 2o ano,0.0
382,universitariolondrina,ef 5o ano,0.0
383,universitariolondrina,ef 3o ano,0.0
384,stellamarisaguaverde,ef 3o ano,0.0
385,stellamarisjuveve,em 3a serie,0.0
386,stellamarisaguaverde,ef 4o ano,0.0
387,stellamarisaguaverde,ef 5o ano,0.0
388,stellamarisaguaverde,ef 6o ano,0.0
389,stellamarisaguaverde,ef 7o ano,0.0
390,stellamarisjuveve,ef 2o ano,0.0
391,stellamarisjuveve,ef 3o ano,0.0
392,stellamarisjuveve,ef 4o ano,0.0
393,stellamarisjuveve,ef 5o ano,0.0
394,stellamarisjuveve,ef 6o ano,0.0
395,stellamarisjuveve,ef 7o ano,0.0
396,stellamarisjuveve,ef 8o ano,0.0
397,stellamarisjuveve,ef 9o ano,0.0
398,stellamarisjuveve,em 1a serie,0.0
399,stellamarisjuveve,em 2a serie,0.0
400,stellamarisjuveve,outro,0.0
401,universitariolondrina,0,0.0
402,stellamarisxaxim,ef 2o ano,0.0
403,stellamarisxaxim,ef 3o ano,0.0
404,stellamarisxaxim,ef 4o ano,0.0
405,stellamarisxaxim,ef 5o ano,0.0
406,stellamarisxaxim,ef 6o ano,0.0
407,stellamarisxaxim,ef 7o ano,0.0
408,stellamarisxaxim,ef 8o ano,0.0
409,stellamarisxaxim,ef 9o ano,0.0
410,stellamarisxaxim,em 1a serie,0.0
411,stellamarisxaxim,em 2a serie,0.0
412,stellamarisxaxim,em 3a serie,0.0
413,studos,em 1a serie,0.0
414,testevictorhugo,0,0.0
415,testevictorhugo,ef 7o ano,0.0
416,provaspoliedro,ef 6o ano,0.0
417,provaspoliedro,ef 1o ano,0.0
418,provaspoliedro,0,0.0
419,physicsumarizal,ef 7o ano,0.0
420,physicsconselheirofurtado,em 3a serie,0.0
421,physicsmacapa,ef 7o ano,0.0
422,physicsmacapa,ef 8o ano,0.0
423,physicsmacapa,ef 9o ano,0.0
424,physicsmacapa,em 1a serie,0.0
425,physicsmacapa,em 2a serie,0.0
426,physicsmacapa,em 3a serie,0.0
427,physicsmacapa,outro,0.0
428,physicsumarizal,0,0.0
429,physicsumarizal,ef 2o ano,0.0
430,physicsumarizal,ef 3o ano,0.0
431,physicsumarizal,ef 4o ano,0.0
432,physicsumarizal,ef 5o ano,0.0
433,physicsumarizal,ef 6o ano,0.0
434,physicsumarizal,ef 8o ano,0.0
435,physicsconselheirofurtado,em 1a serie,0.0
436,physicsumarizal,ef 9o ano,0.0
437,physicsumarizal,em 1a serie,0.0
438,physicsumarizal,em 2a serie,0.0
439,physicsumarizal,em 3a serie,0.0
440,pioxi,0,0.0
441,pioxi,ef 1o ano,0.0
442,pioxi,ef 2o ano,0.0
443,pioxi,ef 3o ano,0.0
444,pioxi,ef 4o ano,0.0
445,pioxi,ef 5o ano,0.0
446,pioxi,ef 6o ano,0.0
447,pioxi,ef 7o ano,0.0
448,pioxi,ef 8o ano,0.0
449,pioxi,ef 9o ano,0.0
450,physicsconselheirofurtado,em 2a serie,0.0
451,physicsconselheirofurtado,0,0.0
452,pioxi,em 2a serie,0.0
453,physicsbatistacampos,ef 5o ano,0.0
454,physicsaugustomontenegro,ef 4o ano,0.0
455,physicsaugustomontenegro,ef 5o ano,0.0
456,educandarioterciocorreia,ef 5o ano,0.0
457,physicsaugustomontenegro,ef 7o ano,0.0
458,physicsaugustomontenegro,ef 8o ano,0.0
459,physicsaugustomontenegro,ef 9o ano,0.0
460,physicsaugustomontenegro,em 1a serie,0.0
461,physicsaugustomontenegro,em 2a serie,0.0
462,physicsaugustomontenegro,em 3a serie,0.0
463,physicsaugustomontenegro,outro,0.0
464,physicsbatistacampos,0,0.0
465,physicsbatistacampos,ef 2o ano,0.0
466,physicsbatistacampos,ef 3o ano,0.0
467,physicsbatistacampos,ef 4o ano,0.0
468,physicsbatistacampos,ef 6o ano,0.0
469,physicscidadenova,outro,0.0
470,physicsbatistacampos,ef 7o ano,0.0
471,physicsbatistacampos,ef 8o ano,0.0
472,physicsbatistacampos,ef 9o ano,0.0
473,physicscidadenova,ef 2o ano,0.0
474,physicscidadenova,ef 3o ano,0.0
475,physicscidadenova,ef 4o ano,0.0
476,physicscidadenova,ef 5o ano,0.0
477,physicscidadenova,ef 6o ano,0.0
478,physicscidadenova,ef 7o ano,0.0
479,physicscidadenova,ef 8o ano,0.0
480,physicscidadenova,ef 9o ano,0.0
481,physicscidadenova,em 1a serie,0.0
482,physicscidadenova,em 2a serie,0.0
483,physicscidadenova,em 3a serie,0.0
484,pioxi,em 1a serie,0.0
485,pioxi,em 3a serie,0.0
486,progressaoig,outro,0.0
487,prismapatrocinio,em 2a serie,0.0
488,portoseguro,0,0.0
489,portoseguro,ef 4o ano,0.0
490,positivoon,em 3a serie,0.0
491,prevest,0,0.0
492,prevest,outro,0.0
493,primeirodemaio,0,0.0
494,prismapatrocinio,ef 2o ano,0.0
495,prismapatrocinio,ef 4o ano,0.0
496,prismapatrocinio,ef 5o ano,0.0
497,prismapatrocinio,ef 6o ano,0.0
498,prismapatrocinio,ef 7o ano,0.0
499,prismapatrocinio,ef 8o ano,0.0
500,prismapatrocinio,ef 9o ano,0.0
501,prismapatrocinio,em 1a serie,0.0
502,prismapatrocinio,em 3a serie,0.0
503,porto,em 2a serie,0.0
504,prismapatrocinio,outro,0.0
505,profederal,0,0.0
506,profederal,outro,0.0
507,progressaodc,0,0.0
508,progressaodc,em 1a serie,0.0
509,progressaodc,em 2a serie,0.0
510,progressaodc,em 3a serie,0.0
511,progressaoig,0,0.0
512,progressaoig,ef 6o ano,0.0
513,progressaoig,ef 7o ano,0.0
514,progressaoig,ef 9o ano,0.0
515,progressaoig,em 1a serie,0.0
516,progressaoig,em 2a serie,0.0
517,progressaoig,em 3a serie,0.0
518,porto,em 3a serie,0.0
519,porto,em 1a serie,0.0
520,pioxi,outro,0.0
521,portinari,0,0.0
522,pioxiicolegio,ef 9o ano,0.0
523,pioxiicolegio,em 1a serie,0.0
524,pioxiicolegio,em 2a serie,0.0
525,pioxiicolegio,em 3a serie,0.0
526,plannetaosasco,ef 2o ano,0.0
527,plannetaosasco,ef 3o ano,0.0
528,plannetataboao,ef 1o ano,0.0
529,plannetataboao,ef 2o ano,0.0
530,plannetataboao,ef 3o ano,0.0
531,plannetataboao,ef 4o ano,0.0
532,plannetataboao,ef 5o ano,0.0
533,poliedro,0,0.0
534,poliedropv,0,0.0
535,poliedrotreinamento,0,0.0
536,portinari,ef 2o ano,0.0
537,porto,ef 9o ano,0.0
538,portinari,ef 3o ano,0.0
539,portinari,ef 4o ano,0.0
540,portinari,ef 5o ano,0.0
541,portinari,ef 6o ano,0.0
542,portinari,ef 7o ano,0.0
543,portinari,ef 8o ano,0.0
544,portinari,ef 9o ano,0.0
545,portinari,em 1a serie,0.0
546,portinari,em 2a serie,0.0
547,portinari,em 3a serie,0.0
548,porto,0,0.0
549,porto,ef 6o ano,0.0
550,porto,ef 7o ano,0.0
551,porto,ef 8o ano,0.0
552,educandarioterciocorreia,ef 6o ano,0.0
553,educandarioterciocorreia,ef 4o ano,0.0
554,acessoalmirantetamandare,ef 3o ano,0.0
555,ceprimeiromundo,ef 9o ano,0.0
556,ciadosaber,ef 2o ano,0.0
557,charlesdarwin,0,0.0
558,ceprimeiromundo,outro,0.0
559,ceprimeiromundo,em 3a serie,0.0
560,ceprimeiromundo,em 2a serie,0.0
561,ceprimeiromundo,em 1a serie,0.0
562,ceprimeiromundo,ef 8o ano,0.0
563,colegioalphaunis,ef 7o ano,0.0
564,ceprimeiromundo,ef 7o ano,0.0
565,ceprimeiromundo,ef 6o ano,0.0
566,ceprimeiromundo,ef 5o ano,0.0
567,ceprimeiromundo,ef 4o ano,0.0
568,ceprimeiromundo,ef 3o ano,0.0
569,ceprimeiromundo,ef 2o ano,0.0
570,ciadosaber,ef 3o ano,0.0
571,ciadosaber,ef 4o ano,0.0
572,ciadosaber,ef 5o ano,0.0
573,ciadosaber,ef 6o ano,0.0
574,ciadosaber,ef 7o ano,0.0
575,ciadosaber,ef 8o ano,0.0
576,ciadosaber,ef 9o ano,0.0
577,cmdpii,em 2a serie,0.0
578,cnslpb,ef 6o ano,0.0
579,cnslpb,ef 7o ano,0.0
580,cnslpb,ef 8o ano,0.0
581,cnslpb,ef 9o ano,0.0
582,cnslpb,em 1a serie,0.0
583,cnslpb,em 2a serie,0.0
584,cnslpb,em 3a serie,0.0
585,cognitivo,0,0.0
586,colegioalphaunis,0,0.0
587,ceprimeiromundo,ef 1o ano,0.0
588,ceprimeiromundo,0,0.0
589,cem,em 3a serie,0.0
590,ceespacolivre,ef 6o ano,0.0
591,cbpdigital,ef 8o ano,0.0
592,cbpdigital,ef 9o ano,0.0
593,ceabb,ef 3o ano,0.0
594,ceabb,ef 4o ano,0.0
595,ceabb,ef 5o ano,0.0
596,ceabb,ef 6o ano,0.0
597,ceabb,ef 7o ano,0.0
598,ceabb,ef 8o ano,0.0
599,ceabb,ef 9o ano,0.0
600,cecbdf,em 1a serie,0.0
601,cecbdf,em 2a serie,0.0
602,cecbdf,em 3a serie,0.0
603,ceespacolivre,0,0.0
604,ceespacolivre,ef 5o ano,0.0
605,ceespacolivre,ef 7o ano,0.0
606,cem,em 2a serie,0.0
607,ceespacolivre,ef 8o ano,0.0
608,ceespacolivre,ef 9o ano,0.0
609,ceespacolivre,em 1a serie,0.0
610,ceespacolivre,em 2a serie,0.0
611,cem,0,0.0
612,cem,ef 2o ano,0.0
613,cem,ef 3o ano,0.0
614,cem,ef 4o ano,0.0
615,cem,ef 5o ano,0.0
616,cem,ef 6o ano,0.0
617,cem,ef 7o ano,0.0
618,cem,ef 8o ano,0.0
619,cem,ef 9o ano,0.0
620,cem,em 1a serie,0.0
621,colegioalphaunis,ef 6o ano,0.0
622,colegioalphaunis,ef 8o ano,0.0
623,cbpdigital,ef 6o ano,0.0
624,colegiobilac,ef 8o ano,0.0
625,colegiobrasilia,ef 5o ano,0.0
626,colegiobrasilia,ef 4o ano,0.0
627,colegiobrasilia,ef 3o ano,0.0
628,colegiobrasilia,ef 2o ano,0.0
629,colegiobrasilia,0,0.0
630,colegiobilac,ef 9o ano,0.0
631,colegiobilac,ef 7o ano,0.0
632,colegioalphaunis,ef 9o ano,0.0
633,colegiobilac,ef 6o ano,0.0
634,colegiobilac,ef 5o ano,0.0
635,colegiobilac,ef 4o ano,0.0
636,colegiobilac,ef 3o ano,0.0
637,colegiobilac,ef 2o ano,0.0
638,colegiobilac,ef 1o ano,0.0
639,colegiobrasilia,ef 6o ano,0.0
640,colegiobrasilia,ef 7o ano,0.0
641,colegiobrasilia,ef 8o ano,0.0
642,colegiobrasilia,ef 9o ano,0.0
643,colegiobrasilia,em 1a serie,0.0
644,colegiobrasilia,em 2a serie,0.0
645,colegiobrasilia,em 3a serie,0.0
646,colegiobrasilia,outro,0.0
647,colegiocb,0,0.0
648,colegiocb,ef 3o ano,0.0
649,colegiocb,ef 4o ano,0.0
650,colegiocb,ef 5o ano,0.0
651,colegiocb,ef 6o ano,0.0
652,colegiocb,ef 7o ano,0.0
653,colegiocb,ef 8o ano,0.0
654,colegiocb,ef 9o ano,0.0
655,colegiocb,em 1a serie,0.0
656,colegiobianguloiv,em 3a serie,0.0
657,colegiobianguloiv,em 2a serie,0.0
658,colegiobianguloiv,em 1a serie,0.0
659,colegiobatistaindependente,0,0.0
660,colegioalphaunis,em 1a serie,0.0
661,colegioalphaunis,em 2a serie,0.0
662,colegioalphaunis,em 3a serie,0.0
663,colegioanchietai,em 1a serie,0.0
664,colegioanchietai,em 2a serie,0.0
665,colegioanchietai,em 3a serie,0.0
666,colegioanchietaii,em 1a serie,0.0
667,colegioanchietaii,em 2a serie,0.0
668,colegioanchietaii,em 3a serie,0.0
669,colegioarena,0,0.0
670,colegioarena,em 1a serie,0.0
671,colegioarena,em 2a serie,0.0
672,colegioarena,em 3a serie,0.0
673,colegioarena,outro,0.0
674,colegiobatistaindependente,ef 5o ano,0.0
675,colegiobetelbrasileirosp,em 3a serie,0.0
676,colegiobatistaindependente,ef 6o ano,0.0
677,colegiobatistaindependente,ef 7o ano,0.0
678,colegiobatistaindependente,ef 8o ano,0.0
679,colegiobatistaindependente,ef 9o ano,0.0
680,colegiobatistaindependente,em 1a serie,0.0
681,colegiobatistaindependente,em 2a serie,0.0
682,colegiobatistaindependente,em 3a serie,0.0
683,colegiobatistaindependente,outro,0.0
684,colegiobetelbrasileirosp,ef 6o ano,0.0
685,colegiobetelbrasileirosp,ef 7o ano,0.0
686,colegiobetelbrasileirosp,ef 8o ano,0.0
687,colegiobetelbrasileirosp,ef 9o ano,0.0
688,colegiobetelbrasileirosp,em 1a serie,0.0
689,colegiobetelbrasileirosp,em 2a serie,0.0
690,cbpdigital,ef 7o ano,0.0
691,cbpdigital,ef 5o ano,0.0
692,educandarioterciocorreia,ef 3o ano,0.0
693,acessofazendariogrande,outro,0.0
694,acessohauer,ef 6o ano,0.0
695,acessohauer,ef 5o ano,0.0
696,acessohauer,ef 4o ano,0.0
697,acessohauer,ef 3o ano,0.0
698,acessohauer,ef 2o ano,0.0
699,acessohauer,0,0.0
700,acessofazendariogrande,em 3a serie,0.0
701,acessosjpinhais,ef 2o ano,0.0
702,acessofazendariogrande,em 2a serie,0.0
703,acessofazendariogrande,em 1a serie,0.0
704,acessofazendariogrande,ef 9o ano,0.0
705,acessofazendariogrande,ef 8o ano,0.0
706,acessofazendariogrande,ef 7o ano,0.0
707,acessofazendariogrande,ef 6o ano,0.0
708,acessohauer,ef 7o ano,0.0
709,acessopinhais,em 1a serie,0.0
710,acessopinhais,em 2a serie,0.0
711,acessopinhais,em 3a serie,0.0
712,acessopinhais,outro,0.0
713,acessosantafelicidade,ef 2o ano,0.0
714,acessosantafelicidade,ef 3o ano,0.0
715,acessosantafelicidade,ef 4o ano,0.0
716,acessosantafelicidade,ef 5o ano,0.0
717,acessosantafelicidade,ef 6o ano,0.0
718,acessosantafelicidade,ef 7o ano,0.0
719,acessosantafelicidade,ef 8o ano,0.0
720,acessosantafelicidade,ef 9o ano,0.0
721,acessosantafelicidade,em 1a serie,0.0
722,acessosantafelicidade,em 2a serie,0.0
723,acessosantafelicidade,em 3a serie,0.0
724,acessosantafelicidade,outro,0.0
725,acessofazendariogrande,ef 5o ano,0.0
726,acessofazendariogrande,ef 4o ano,0.0
727,acessofazendariogrande,ef 3o ano,0.0
728,acessoboqueirao,em 2a serie,0.0
729,acessoalmirantetamandare,ef 4o ano,0.0
730,acessoalmirantetamandare,ef 5o ano,0.0
731,acessoalmirantetamandare,ef 6o ano,0.0
732,acessoalmirantetamandare,ef 7o ano,0.0
733,acessoalmirantetamandare,ef 8o ano,0.0
734,acessoalmirantetamandare,ef 9o ano,0.0
735,acessoalmirantetamandare,em 1a serie,0.0
736,acessoalmirantetamandare,em 2a serie,0.0
737,acessoalmirantetamandare,em 3a serie,0.0
738,acessoalmirantetamandare,outro,0.0
739,acessoboqueirao,0,0.0
740,acessoboqueirao,ef 8o ano,0.0
741,acessoboqueirao,ef 9o ano,0.0
742,acessoboqueirao,em 1a serie,0.0
743,acessoboqueirao,em 3a serie,0.0
744,acessofazendariogrande,ef 2o ano,0.0
745,acessoboqueirao,outro,0.0
746,acessocampolargo,ef 6o ano,0.0
747,acessocampolargo,ef 7o ano,0.0
748,acessocampolargo,ef 8o ano,0.0
749,acessocampolargo,ef 9o ano,0.0
750,acessocampolargo,em 1a serie,0.0
751,acessocampolargo,em 2a serie,0.0
752,acessocampolargo,em 3a serie,0.0
753,acessocampolargo,outro,0.0
754,acessocampolargokids,ef 2o ano,0.0
755,acessocampolargokids,ef 3o ano,0.0
756,acessocampolargokids,ef 4o ano,0.0
757,acessocampolargokids,ef 5o ano,0.0
758,acessocampolargokids,outro,0.0
759,acessosjpinhais,0,0.0
760,acessosjpinhais,ef 3o ano,0.0
761,cbpdigital,ef 4o ano,0.0
762,amaisteste,em 1a serie,0.0
763,aprovest,outro,0.0
764,apogeustoantonio2,outro,0.0
765,apogeustoantonio2,ef 9o ano,0.0
766,apogeustoantonio2,0,0.0
767,anchietaba,0,0.0
768,amaisteste,em 3a serie,0.0
769,amaisteste,ef 9o ano,0.0
770,acessosjpinhais,ef 4o ano,0.0
771,amaisteste,ef 6o ano,0.0
772,amaisteste,ef 3o ano,0.0
773,amais,outro,0.0
774,amais,em 3a serie,0.0
775,amais,0,0.0
776,amadeus,em 3a serie,0.0
777,arlindocavalcanti,0,0.0
778,beityaacov,0,0.0
779,beityaacov,em 3a serie,0.0
780,bertelsmann,0,0.0
781,brasilcursinhos,0,0.0
782,brasilcursinhos,outro,0.0
783,camerinocursos,0,0.0
784,camerinocursos,outro,0.0
785,casdinhosjc,ef 8o ano,0.0
786,casdinhosjc,ef 9o ano,0.0
787,casdvest,0,0.0
788,casdvest,outro,0.0
789,castelobruxo,0,0.0
790,cats,outro,0.0
791,cbpdigital,0,0.0
792,cbpdigital,ef 2o ano,0.0
793,cbpdigital,ef 3o ano,0.0
794,amadeus,em 2a serie,0.0
795,amadeus,em 1a serie,0.0
796,amadeus,ef 9o ano,0.0
797,aescobjetivo,ef 3o ano,0.0
798,acessosjpinhais,ef 5o ano,0.0
799,acessosjpinhais,ef 6o ano,0.0
800,acessosjpinhais,ef 7o ano,0.0
801,acessosjpinhais,ef 8o ano,0.0
802,acessosjpinhais,ef 9o ano,0.0
803,acessosjpinhais,em 1a serie,0.0
804,acessosjpinhais,em 2a serie,0.0
805,acessosjpinhais,em 3a serie,0.0
806,acessosjpinhais,outro,0.0
807,adrianochan,0,0.0
808,adrianochan,outro,0.0
809,aescobjetivo,0,0.0
810,aescobjetivo,ef 1o ano,0.0
811,aescobjetivo,ef 2o ano,0.0
812,aescobjetivo,ef 4o ano,0.0
813,amadeus,ef 8o ano,0.0
814,aescobjetivo,ef 5o ano,0.0
815,aescobjetivo,ef 6o ano,0.0
816,aescobjetivo,ef 7o ano,0.0
817,aescobjetivo,ef 8o ano,0.0
818,aescobjetivo,ef 9o ano,0.0
819,aescobjetivo,em 3a serie,0.0
820,alfacembilingue,0,0.0
821,amadeus,0,0.0
822,amadeus,ef 2o ano,0.0
823,amadeus,ef 3o ano,0.0
824,amadeus,ef 4o ano,0.0
825,amadeus,ef 5o ano,0.0
826,amadeus,ef 6o ano,0.0
827,amadeus,ef 7o ano,0.0
828,colegiocb,em 2a serie,0.0
829,colegiocb,em 3a serie,0.0
830,colegiocognos,0,0.0
831,colegiouniverso,ef 6o ano,0.0
832,colegiouniverso,em 3a serie,0.0
833,colegiouniverso,em 2a serie,0.0
834,colegiouniverso,em 1a serie,0.0
835,colegiouniverso,ef 9o ano,0.0
836,colegiouniverso,ef 8o ano,0.0
837,colegiouniverso,ef 7o ano,0.0
838,colegiouirapuru,em 3a serie,0.0
839,contemporaneo,em 3a serie,0.0
840,colegiouirapuru,em 2a serie,0.0
841,colegiouirapuru,em 1a serie,0.0
842,colegiouirapuru,ef 9o ano,0.0
843,colegiouirapuru,ef 8o ano,0.0
844,colegiouirapuru,ef 7o ano,0.0
845,colegiouirapuru,ef 6o ano,0.0
846,colegioup,0,0.0
847,colegioup,ef 6o ano,0.0
848,colegioup,ef 7o ano,0.0
849,colegioup,ef 8o ano,0.0
850,colegioup,ef 9o ano,0.0
851,colegioup,em 1a serie,0.0
852,colegioup,em 2a serie,0.0
853,colegioup,em 3a serie,0.0
854,conexaosaber,0,0.0
855,conexaosaber,ef 1o ano,0.0
856,conexaosaber,ef 2o ano,0.0
857,conexaosaber,ef 3o ano,0.0
858,conexaosaber,ef 4o ano,0.0
859,conexaosaber,ef 5o ano,0.0
860,conexaosaber,ef 6o ano,0.0
861,conexaosaber,ef 7o ano,0.0
862,conexaosaber,ef 8o ano,0.0
863,colegiouirapuru,ef 5o ano,0.0
864,colegiouirapuru,ef 4o ano,0.0
865,colegiouirapuru,ef 3o ano,0.0
866,colegiopremium,em 2a serie,0.0
867,colegioplanck,em 1a serie,0.0
868,colegioplanck,em 2a serie,0.0
869,colegioplanck,em 3a serie,0.0
870,colegioplanck,outro,0.0
871,colegiopremium,ef 1o ano,0.0
872,colegiopremium,ef 2o ano,0.0
873,colegiopremium,ef 3o ano,0.0
874,colegiopremium,ef 4o ano,0.0
875,colegiopremium,ef 5o ano,0.0
876,colegiopremium,ef 6o ano,0.0
877,colegiopremium,ef 7o ano,0.0
878,colegiopremium,ef 8o ano,0.0
879,colegiopremium,ef 9o ano,0.0
880,colegiopremium,em 1a serie,0.0
881,colegiopremium,em 3a serie,0.0
882,colegiosete,em 3a serie,0.0
883,colegioprogresso,0,0.0
884,colegioradar,0,0.0
885,colegioriobranco,0,0.0
886,colegiosantamaria,0,0.0
887,colegioser,0,0.0
888,colegioser,outro,0.0
889,colegiosete,0,0.0
890,colegiosete,ef 5o ano,0.0
891,colegiosete,ef 6o ano,0.0
892,colegiosete,ef 7o ano,0.0
893,colegiosete,ef 8o ano,0.0
894,colegiosete,ef 9o ano,0.0
895,colegiosete,em 1a serie,0.0
896,colegiosete,em 2a serie,0.0
897,conexaosaber,ef 9o ano,0.0
898,contemporaneocidadeverde,0,0.0
899,colegiodasamericas,0,0.0
900,cursosazambuja,0,0.0
901,deltaeducacional,em 3a serie,0.0
902,deltaeducacional,em 2a serie,0.0
903,deltaeducacional,em 1a serie,0.0
904,deltaeducacional,0,0.0
905,dante,em 3a serie,0.0
906,cursosazambuja,outro,0.0
907,cursoprogressao,0,0.0
908,contemporaneocidadeverde,ef 3o ano,0.0
909,cursoleopoldo,outro,0.0
910,cursoleopoldo,em 3a serie,0.0
911,cursoisfera,outro,0.0
912,cursoisfera,0,0.0
913,cursoenfase,outro,0.0
914,cursobase,0,0.0
915,dommga,em 3a serie,0.0
916,domus,em 1a serie,0.0
917,domus,em 2a serie,0.0
918,domus,em 3a serie,0.0
919,eacorcovado,ef 8o ano,0.0
920,eacorcovado,em 1a serie,0.0
921,eacorcovado,em 2a serie,0.0
922,eacorcovado,em 3a serie,0.0
923,eccos,0,0.0
924,eccos,ef 3o ano,0.0
925,eccos,ef 4o ano,0.0
926,eccos,ef 5o ano,0.0
927,eccos,ef 6o ano,0.0
928,eccos,ef 7o ano,0.0
929,eccos,ef 8o ano,0.0
930,eccos,ef 9o ano,0.0
931,educamais,ef 6o ano,0.0
932,cursinhoeach,0,0.0
933,crescercampinas,em 3a serie,0.0
934,crescercampinas,em 2a serie,0.0
935,contemporaneolagoanova,em 2a serie,0.0
936,contemporaneocidadeverde,ef 5o ano,0.0
937,contemporaneocidadeverde,ef 6o ano,0.0
938,contemporaneocidadeverde,ef 7o ano,0.0
939,contemporaneocidadeverde,ef 8o ano,0.0
940,contemporaneocidadeverde,ef 9o ano,0.0
941,contemporaneocidadeverde,em 1a serie,0.0
942,contemporaneocidadeverde,em 2a serie,0.0
943,contemporaneocidadeverde,em 3a serie,0.0
944,contemporaneolagoanova,0,0.0
945,contemporaneolagoanova,ef 6o ano,0.0
946,contemporaneolagoanova,ef 7o ano,0.0
947,contemporaneolagoanova,ef 8o ano,0.0
948,contemporaneolagoanova,ef 9o ano,0.0
949,contemporaneolagoanova,em 1a serie,0.0
950,contemporaneolagoanova,em 3a serie,0.0
951,crescercampinas,em 1a serie,0.0
952,cparaiso,0,0.0
953,crb,ef 6o ano,0.0
954,crb,ef 7o ano,0.0
955,crb,ef 8o ano,0.0
956,crb,ef 9o ano,0.0
957,crb,em 1a serie,0.0
958,crb,em 2a serie,0.0
959,crb,em 3a serie,0.0
960,crb,outro,0.0
961,crescercampinas,0,0.0
962,crescercampinas,ef 6o ano,0.0
963,crescercampinas,ef 7o ano,0.0
964,crescercampinas,ef 8o ano,0.0
965,crescercampinas,ef 9o ano,0.0
966,colegioplanck,ef 9o ano,0.0
967,colegioplanck,ef 8o ano,0.0
968,colegioplanck,ef 7o ano,0.0
969,colegioensitec,ef 5o ano,0.0
970,colegioensitec,em 2a serie,0.0
971,colegioensitec,em 1a serie,0.0
972,colegioensitec,ef 9o ano,0.0
973,colegioensitec,ef 8o ano,0.0
974,colegioensitec,ef 7o ano,0.0
975,colegioensitec,ef 6o ano,0.0
976,colegioensitec,ef 4o ano,0.0
977,colegioplanck,ef 6o ano,0.0
978,colegioensitec,ef 3o ano,0.0
979,colegioensitec,ef 2o ano,0.0
980,colegioeducallis,em 3a serie,0.0
981,colegioeducallis,em 2a serie,0.0
982,colegioeducallis,em 1a serie,0.0
983,colegioeducallis,ef 9o ano,0.0
984,colegioensitec,em 3a serie,0.0
985,colegioflamingo,em 1a serie,0.0
986,colegioflamingo,em 2a serie,0.0
987,colegioflamingo,em 3a serie,0.0
988,colegiofuturageracao,ef 3o ano,0.0
989,colegiofuturageracao,ef 4o ano,0.0
990,colegiofuturageracao,ef 5o ano,0.0
991,colegiofuturageracao,ef 6o ano,0.0
992,colegiofuturageracao,ef 7o ano,0.0
993,colegiofuturageracao,ef 8o ano,0.0
994,colegiofuturageracao,ef 9o ano,0.0
995,colegiofuturageracao,em 1a serie,0.0
996,colegioglobal,0,0.0
997,colegioglobal,ef 2o ano,0.0
998,colegioglobal,ef 3o ano,0.0
999,colegioglobal,ef 4o ano,0.0
1000,colegioglobal,ef 5o ano,0.0
1001,colegioeducallis,ef 8o ano,0.0
1002,colegioeducallis,ef 7o ano,0.0
1003,colegioeducallis,ef 6o ano,0.0
1004,colegioecursodesafio,em 1a serie,0.0
1005,colegiodasamericas,ef 6o ano,0.0
1006,colegiodasamericas,ef 7o ano,0.0
1007,colegiodasamericas,ef 8o ano,0.0
1008,colegiodasamericas,ef 9o ano,0.0
1009,colegiodasamericas,em 1a serie,0.0
1010,colegiodasamericas,em 2a serie,0.0
1011,colegiodasamericas,em 3a serie,0.0
1012,colegiodasamericas,outro,0.0
1013,colegiodompedrosegundo,0,0.0
1014,colegioeag,ef 1o ano,0.0
1015,colegioeag,ef 3o ano,0.0
1016,colegioeag,ef 4o ano,0.0
1017,colegioeag,ef 5o ano,0.0
1018,colegioecursodesafio,ef 1o ano,0.0
1019,colegioecursodesafio,em 2a serie,0.0
1020,colegioeducallis,ef 5o ano,0.0
1021,colegioecursodesafio,em 3a serie,0.0
1022,colegioecursoprogressao,0,0.0
1023,colegioecursoprogressao,ef 1o ano,0.0
1024,colegioecursoprogressao,ef 6o ano,0.0
1025,colegioecursoprogressao,ef 7o ano,0.0
1026,colegioecursoprogressao,ef 8o ano,0.0
1027,colegioecursoprogressao,ef 9o ano,0.0
1028,colegioecursoprogressao,em 1a serie,0.0
1029,colegioecursoprogressao,em 2a serie,0.0
1030,colegioecursoprogressao,em 3a serie,0.0
1031,colegioeducallis,0,0.0
1032,colegioeducallis,ef 2o ano,0.0
1033,colegioeducallis,ef 3o ano,0.0
1034,colegioeducallis,ef 4o ano,0.0
1035,colegioglobal,ef 6o ano,0.0
1036,colegioglobal,ef 7o ano,0.0
1037,colegioglobal,ef 8o ano,0.0
1038,colegiomagnum,em 2a serie,0.0
1039,colegiojoaopaulo,ef 4o ano,0.0
1040,colegiojoaopaulo,ef 5o ano,0.0
1041,colegiojoaopaulo,ef 6o ano,0.0
1042,colegiojoaopaulo,ef 7o ano,0.0
1043,colegiojoaopaulo,ef 8o ano,0.0
1044,colegiojoaopaulo,ef 9o ano,0.0
1045,colegiojoaopaulo,em 1a serie,0.0
1046,colegiojoaopaulo,em 2a serie,0.0
1047,colegiojoaopaulo,em 3a serie,0.0
1048,colegiojoaopaulo,outro,0.0
1049,colegioliceu,em 1a serie,0.0
1050,colegioliceu,em 2a serie,0.0
1051,colegioliceu,em 3a serie,0.0
1052,colegiomagnum,em 1a serie,0.0
1053,colegiomagnum,em 3a serie,0.0
1054,colegiointegral,outro,0.0
1055,colegiomodelo,0,0.0
1056,colegiomundial,ef 6o ano,0.0
1057,colegiomundial,ef 9o ano,0.0
1058,colegiomundial,em 1a serie,0.0
1059,colegiomundial,em 2a serie,0.0
1060,colegiomundial,em 3a serie,0.0
1061,colegionobre,0,0.0
1062,colegionobre,ef 6o ano,0.0
1063,colegionovageracao,ef 2o ano,0.0
1064,colegionovageracao,ef 3o ano,0.0
1065,colegionovageracao,ef 4o ano,0.0
1066,colegionovageracao,ef 5o ano,0.0
1067,colegionovopatio,0,0.0
1068,colegioplanck,0,0.0
1069,colegiojoaopaulo,0,0.0
1070,colegiointegral,em 3a serie,0.0
1071,colegioglobal,ef 9o ano,0.0
1072,colegioiguatemy,ef 7o ano,0.0
1073,colegioglobal,em 1a serie,0.0
1074,colegioglobal,em 2a serie,0.0
1075,colegioglobal,em 3a serie,0.0
1076,colegioguilhermedealmeida,ef 6o ano,0.0
1077,colegioguilhermedealmeida,ef 7o ano,0.0
1078,colegioguilhermedealmeida,ef 8o ano,0.0
1079,colegioguilhermedealmeida,ef 9o ano,0.0
1080,colegioguilhermedealmeida,em 1a serie,0.0
1081,colegioguilhermedealmeida,em 2a serie,0.0
1082,colegioguilhermedealmeida,em 3a serie,0.0
1083,colegioiguatemy,ef 3o ano,0.0
1084,colegioiguatemy,ef 4o ano,0.0
1085,colegioiguatemy,ef 5o ano,0.0
1086,colegioiguatemy,ef 6o ano,0.0
1087,colegioiguatemy,ef 8o ano,0.0
1088,colegiointegral,em 2a serie,0.0
1089,colegioiguatemy,ef 9o ano,0.0
1090,colegioiguatemy,em 1a serie,0.0
1091,colegioiguatemy,em 2a serie,0.0
1092,colegioiguatemy,em 3a serie,0.0
1093,colegiointegral,0,0.0
1094,colegiointegral,ef 2o ano,0.0
1095,colegiointegral,ef 3o ano,0.0
1096,colegiointegral,ef 4o ano,0.0
1097,colegiointegral,ef 5o ano,0.0
1098,colegiointegral,ef 6o ano,0.0
1099,colegiointegral,ef 7o ano,0.0
1100,colegiointegral,ef 8o ano,0.0
1101,colegiointegral,ef 9o ano,0.0
1102,colegiointegral,em 1a serie,0.0
1103,wilsondeandradebarreto,em 1a serie,0.0
