,creation,namespace,grade,id,?column?
0,2021-06-07,colegioeducallis,ef 2o ano,154753,0 days 01:32:30.124012
1,2021-06-07,aescobjetivo,ef 2o ano,154859,0 days 00:50:08.078488
2,2021-06-07,aescobjetivo,ef 2o ano,155214,0 days 01:00:09.515179
3,2021-06-07,colegioeducallis,ef 3o ano,155247,0 days 01:48:17.001637
4,2021-06-07,portinari,ef 5o ano,154740,0 days 08:27:31.888459
5,2021-06-07,acessosantafelicidade,ef 5o ano,154911,0 days 00:36:33.538905
6,2021-06-07,acessoalmirantetamandare,ef 5o ano,154990,0 days 00:22:51.269578
7,2021-06-07,acessohauer,ef 5o ano,154992,0 days 00:39:01.996772
8,2021-06-07,acessocampolargokids,ef 5o ano,154993,0 days 03:24:41.768852
9,2021-06-07,acessofazendariogrande,ef 5o ano,154994,0 days 02:58:35.233988
10,2021-06-07,acessoalmirantetamandare,ef 6o ano,155012,0 days 00:59:42.797334
11,2021-06-07,colegiofuturageracao,ef 6o ano,155041,0 days 00:40:24.469101
12,2021-06-07,integradaeducativa,ef 6o ano,155123,-1 days +23:59:56.865601
13,2021-06-07,provaspoliedro,ef 6o ano,155202,0 days 00:14:23.160831
14,2021-06-07,colegioensitec,ef 7o ano,155155,0 days 00:31:05.765803
15,2021-06-07,crb,ef 7o ano,155190,0 days 03:34:24.216447
16,2021-06-07,colegioeducallis,ef 7o ano,155272,1 days 10:08:49.342320
17,2021-06-07,colegiobilac,ef 8o ano,154809,0 days 23:29:08.177133
18,2021-06-07,acessocampolargo,ef 8o ano,155000,0 days 00:36:48.559383
19,2021-06-07,colegioplanck,ef 8o ano,155093,0 days 12:02:54.426862
20,2021-06-07,crb,ef 8o ano,155217,0 days 01:39:45.357199
21,2021-06-07,integradaeducativa,ef 8o ano,155228,0 days 01:05:28.952840
22,2021-06-07,integradaeducativa,ef 8o ano,155234,0 days 01:17:58.206465
23,2021-06-07,integradaeducativa,ef 9o ano,154735,0 days 01:18:02.690757
24,2021-06-07,acessocampolargo,ef 9o ano,154997,0 days 00:06:22.659781
25,2021-06-07,integradaeducativa,ef 9o ano,155286,0 days 01:04:15.151767
26,2021-06-07,acessoalmirantetamandare,em 1a serie,154978,0 days 03:20:39.975650
27,2021-06-07,acessocampolargo,em 1a serie,154979,0 days 00:25:22.286166
28,2021-06-07,colegioeducallis,em 1a serie,155047,0 days 00:02:31.758336
29,2021-06-07,colegiobetelbrasileirosp,em 1a serie,155102,0 days 09:15:15.989219
30,2021-06-07,einsteinassis,em 1a serie,155256,0 days 04:04:46.948866
31,2021-06-07,acessoalmirantetamandare,em 2a serie,154972,0 days 03:32:40.397845
32,2021-06-07,acessosjpinhais,em 2a serie,154975,0 days 02:20:26.033230
33,2021-06-07,crb,em 2a serie,155346,0 days 01:44:45.668488
34,2021-06-07,crb,em 3a serie,155267,0 days 00:45:16.446795
35,2021-06-07,crb,em 3a serie,155342,0 days 05:56:47.893985
36,2021-06-07,prismapatrocinio,outro,154919,0 days 08:27:39.460307
0,2021-06-08,aescobjetivo,ef 2o ano,155587,-1 days +23:39:06.939916
1,2021-06-08,villalobos,ef 4o ano,155850,0 days 00:15:20.730509
2,2021-06-08,villalobos,ef 4o ano,155858,0 days 00:40:34.105379
3,2021-06-08,amadeus,ef 6o ano,155702,1 days 02:02:07.472547
4,2021-06-08,spdacruz,ef 6o ano,155777,0 days 00:09:14.757850
5,2021-06-08,spdacruz,ef 6o ano,155778,0 days 00:53:16.254691
6,2021-06-08,spdacruz,ef 6o ano,155779,0 days 04:39:09.809891
7,2021-06-08,spdacruz,ef 6o ano,155791,0 days 04:50:40.573715
8,2021-06-08,colegiobetelbrasileirosp,ef 6o ano,155891,0 days 08:42:30.603977
9,2021-06-08,crb,ef 7o ano,155382,0 days 01:18:57.409709
10,2021-06-08,integradaeducativa,ef 7o ano,155438,0 days 02:12:42.118911
11,2021-06-08,amadeus,ef 7o ano,155462,0 days 00:12:40.141095
12,2021-06-08,amadeus,ef 7o ano,155463,0 days 00:05:53.010780
13,2021-06-08,amadeus,ef 7o ano,155466,0 days 00:07:57.388639
14,2021-06-08,prismapatrocinio,ef 7o ano,155539,0 days 00:19:51.540426
15,2021-06-08,crb,ef 7o ano,155564,0 days 06:39:07.769661
16,2021-06-08,crb,ef 7o ano,155579,0 days 01:16:04.311872
17,2021-06-08,spdacruz,ef 7o ano,155732,1 days 01:46:45.878971
18,2021-06-08,crb,ef 7o ano,155767,0 days 01:51:13.516090
19,2021-06-08,crb,ef 8o ano,155377,0 days 02:20:36.399636
20,2021-06-08,educandarioterciocorreia,ef 8o ano,155395,0 days 00:00:04.774771
21,2021-06-08,portinari,ef 8o ano,155465,-1 days +23:58:15.317621
22,2021-06-08,crb,ef 8o ano,155563,0 days 02:49:04.741353
23,2021-06-08,crb,ef 8o ano,155729,0 days 02:31:50.409625
24,2021-06-08,crb,ef 8o ano,155744,0 days 03:15:59.722285
25,2021-06-08,colegioeducallis,ef 8o ano,155789,1 days 18:20:24.071766
26,2021-06-08,colegiobilac,ef 8o ano,155837,0 days 02:02:33.646675
27,2021-06-08,colegioeducallis,ef 9o ano,155487,0 days 08:24:19.787671
28,2021-06-08,colegioplanck,ef 9o ano,155615,0 days 12:02:25.505937
29,2021-06-08,colegioeducallis,ef 9o ano,155827,0 days 15:50:19.410613
30,2021-06-08,colegioup,ef 9o ano,155866,0 days 03:48:24.171015
31,2021-06-08,colegiobetelbrasileirosp,ef 9o ano,155878,0 days 02:16:12.876359
32,2021-06-08,amadeus,ef 9o ano,155893,0 days 22:45:20.378023
33,2021-06-08,crb,em 1a serie,155363,0 days 02:46:24.824544
34,2021-06-08,crb,em 1a serie,155567,0 days 03:29:39.193336
35,2021-06-08,colegioplanck,em 1a serie,155701,0 days 14:47:05.830886
36,2021-06-08,colegioplanck,em 1a serie,155741,0 days 14:58:21.848604
37,2021-06-08,colegioeducallis,em 1a serie,155752,0 days 16:18:01.708260
38,2021-06-08,crb,em 2a serie,155569,0 days 07:40:07.338750
39,2021-06-08,colegioeducallis,em 2a serie,155725,4 days 12:06:27.534237
40,2021-06-08,colegioeducallis,em 2a serie,155733,0 days 11:18:35.521399
41,2021-06-08,colegioeducallis,em 2a serie,155766,0 days 11:47:13.872886
42,2021-06-08,crb,em 3a serie,155566,0 days 02:38:33.503047
0,2021-06-09,integradaeducativa,ef 6o ano,155920,0 days 01:02:06.252604
1,2021-06-09,colegiobilac,ef 6o ano,155929,0 days 12:50:06.704831
2,2021-06-09,colegiobetelbrasileirosp,ef 6o ano,156071,0 days 00:15:54.626034
3,2021-06-09,colegiobetelbrasileirosp,ef 6o ano,156076,0 days 00:47:34.291481
4,2021-06-09,colegiobilac,ef 6o ano,156246,0 days 00:59:18.494111
5,2021-06-09,amadeus,ef 6o ano,156303,0 days 00:12:01.865527
6,2021-06-09,colegiofuturageracao,ef 6o ano,156327,-1 days +23:59:56.612448
7,2021-06-09,colegioeducallis,ef 6o ano,156387,4 days 12:07:38.554422
8,2021-06-09,colegiobetelbrasileirosp,ef 7o ano,155905,0 days 03:05:05.742148
9,2021-06-09,colegiobetelbrasileirosp,ef 7o ano,155918,0 days 12:29:39.428691
10,2021-06-09,portinari,ef 7o ano,156020,0 days 00:13:08.518602
11,2021-06-09,colegiobetelbrasileirosp,ef 7o ano,156078,0 days 09:08:08.896560
12,2021-06-09,crb,ef 7o ano,156178,0 days 04:31:33.968454
13,2021-06-09,colegiobilac,ef 7o ano,156201,0 days 01:52:47.538784
14,2021-06-09,isem,ef 7o ano,156211,10 days 07:19:59.918035
15,2021-06-09,isem,ef 7o ano,156219,7 days 17:28:33.336312
16,2021-06-09,colegiocb,ef 7o ano,156288,0 days 00:01:46.545613
17,2021-06-09,colegiofuturageracao,ef 7o ano,156322,-1 days +23:59:39.367441
18,2021-06-09,amadeus,ef 8o ano,155911,1 days 13:45:15.157314
19,2021-06-09,colegiobetelbrasileirosp,ef 8o ano,155922,0 days 00:27:04.015674
20,2021-06-09,colegiofuturageracao,ef 8o ano,156306,0 days 00:01:54.811850
21,2021-06-09,amadeus,ef 8o ano,156319,1 days 15:29:09.323739
22,2021-06-09,colegiobetelbrasileirosp,ef 8o ano,156396,0 days 00:16:21.085733
23,2021-06-09,colegiobetelbrasileirosp,ef 8o ano,156397,0 days 01:19:55.974347
24,2021-06-09,amadeus,ef 9o ano,155899,0 days 17:33:58.368539
25,2021-06-09,amadeus,ef 9o ano,155900,0 days 17:40:44.780233
26,2021-06-09,amadeus,ef 9o ano,155903,0 days 17:40:53.053432
27,2021-06-09,colegioeducallis,ef 9o ano,156116,0 days 04:20:32.945087
28,2021-06-09,colegiobetelbrasileirosp,ef 9o ano,156133,0 days 00:01:36.008844
29,2021-06-09,colegiobetelbrasileirosp,ef 9o ano,156136,0 days 10:26:44.430749
30,2021-06-09,colegiofuturageracao,ef 9o ano,156181,-1 days +23:59:56.545084
31,2021-06-09,colegioiguatemy,ef 9o ano,156428,0 days 00:00:30.665487
32,2021-06-09,crb,em 1a serie,156043,0 days 07:18:11.140852
33,2021-06-09,colegioeducallis,em 1a serie,156103,2 days 05:13:20.617730
34,2021-06-09,colegiobetelbrasileirosp,em 1a serie,156140,0 days 01:55:02.684897
35,2021-06-09,einsteinassis,em 1a serie,156142,0 days 04:28:54.553813
36,2021-06-09,colegiobetelbrasileirosp,em 1a serie,156148,0 days 02:00:19.243071
37,2021-06-09,colegiobetelbrasileirosp,em 1a serie,156152,0 days 07:36:33.311905
38,2021-06-09,colegiobetelbrasileirosp,em 1a serie,156153,0 days 00:21:23.888484
39,2021-06-09,colegiobatistaindependente,em 1a serie,156363,0 days 13:24:08.690877
40,2021-06-09,colegioeducallis,em 2a serie,156044,0 days 20:43:24.882347
41,2021-06-09,colegiobetelbrasileirosp,em 2a serie,156143,0 days 02:43:38.286567
42,2021-06-09,colegiobetelbrasileirosp,em 2a serie,156149,0 days 06:33:09.542866
43,2021-06-09,colegiobatistaindependente,em 2a serie,156353,1 days 00:38:29.069546
44,2021-06-09,crb,em 3a serie,156159,0 days 05:47:33.533621
45,2021-06-09,colegiobatistaindependente,em 3a serie,156340,0 days 07:23:48.243876
0,2021-06-10,amadeus,ef 3o ano,156771,0 days 01:44:17.308550
1,2021-06-10,villalobos,ef 4o ano,156624,-1 days +23:59:52.613794
2,2021-06-10,villalobos,ef 4o ano,156634,0 days 01:15:47.375556
3,2021-06-10,stellamarisjuveve,ef 4o ano,156659,0 days 00:57:26.338468
4,2021-06-10,stellamarisjuveve,ef 4o ano,156678,0 days 00:59:54.985455
5,2021-06-10,stellamarisjuveve,ef 6o ano,156689,0 days 00:00:25.410868
6,2021-06-10,amadeus,ef 7o ano,156648,0 days 00:00:34.218061
7,2021-06-10,colegioeducallis,ef 7o ano,156652,2 days 06:04:09.830742
8,2021-06-10,amadeus,ef 7o ano,156655,0 days 00:10:59.112583
9,2021-06-10,stellamarisaguaverde,ef 7o ano,156772,0 days 06:56:44.543397
10,2021-06-10,amadeus,ef 8o ano,156693,0 days 15:19:22.712555
11,2021-06-10,spdacruz,ef 8o ano,156976,0 days 01:43:47.123398
12,2021-06-10,colegiobilac,ef 8o ano,157066,0 days 00:38:45.592378
13,2021-06-10,colegiobilac,ef 9o ano,156606,0 days 00:26:18.368363
14,2021-06-10,colegiobetelbrasileirosp,ef 9o ano,156619,0 days 02:06:20.181136
15,2021-06-10,amadeus,ef 9o ano,156620,0 days 17:55:59.872342
16,2021-06-10,stellamarisjuveve,ef 9o ano,156672,0 days 00:17:54.601467
17,2021-06-10,stellamarisjuveve,ef 9o ano,156702,0 days 01:27:31.153350
18,2021-06-10,colegioplanck,ef 9o ano,156727,0 days 07:24:29.417515
19,2021-06-10,colegioeducallis,ef 9o ano,156907,0 days 20:34:46.971421
20,2021-06-10,crb,em 1a serie,156709,0 days 04:46:46.551220
21,2021-06-10,einsteinassis,em 1a serie,156782,-1 days +23:51:16.597820
22,2021-06-10,colegioeducallis,em 1a serie,156878,0 days 02:06:39.384037
23,2021-06-10,psantagema,em 1a serie,157074,1 days 13:26:13.024100
24,2021-06-10,psantagema,em 1a serie,157182,0 days 00:47:20.063513
25,2021-06-10,crb,em 2a serie,156776,0 days 03:12:11.638412
26,2021-06-10,crb,em 2a serie,156801,0 days 02:24:21.743848
27,2021-06-10,crb,em 2a serie,156870,0 days 04:18:54.146793
28,2021-06-10,colegioeducallis,em 2a serie,156887,0 days 00:03:23.564256
29,2021-06-10,psantagema,em 2a serie,157188,0 days 00:11:14.924608
30,2021-06-10,crb,em 3a serie,156895,0 days 03:32:37.632071
31,2021-06-10,psantagema,em 3a serie,157192,0 days 02:37:00.855919
0,2021-06-11,villalobos,ef 5o ano,157697,0 days 05:14:27.491112
1,2021-06-11,colegioeducallis,ef 6o ano,157473,0 days 17:57:58.596186
2,2021-06-11,amadeus,ef 6o ano,157640,0 days 07:06:45.602567
3,2021-06-11,colegioeducallis,ef 7o ano,157368,0 days 20:56:30.964965
4,2021-06-11,colegioeducallis,ef 7o ano,157481,0 days 02:34:44.153302
5,2021-06-11,amadeus,ef 7o ano,157499,0 days 00:03:43.099857
6,2021-06-11,pioxi,ef 8o ano,157355,0 days 03:10:26.751841
7,2021-06-11,colegioeducallis,ef 8o ano,157382,0 days 20:46:55.629228
8,2021-06-11,colegioeducallis,ef 8o ano,157493,0 days 05:42:38.457101
9,2021-06-11,pioxi,ef 8o ano,157561,0 days 00:06:29.135837
10,2021-06-11,einsteinassis,ef 8o ano,157573,0 days 00:33:54.102318
11,2021-06-11,amadeus,ef 8o ano,157601,0 days 07:56:09.569663
12,2021-06-11,colegiocb,ef 9o ano,157343,0 days 00:01:17.669465
13,2021-06-11,colegioeducallis,ef 9o ano,157369,1 days 04:45:17.724331
14,2021-06-11,amadeus,ef 9o ano,157562,0 days 12:10:04.446333
15,2021-06-11,colegioplanck,ef 9o ano,157731,0 days 18:29:09.737484
16,2021-06-11,villalobos,ef 9o ano,157752,0 days 00:44:52.798670
17,2021-06-11,colegioeducallis,em 1a serie,157370,0 days 15:25:17.203645
18,2021-06-11,elitecuritibaemilianoperneta,em 1a serie,157444,-1 days +22:54:21.198160
19,2021-06-11,elitecuritibaemilianoperneta,em 1a serie,157448,0 days 01:44:04.274738
20,2021-06-11,elitecuritibaemilianoperneta,em 1a serie,157456,0 days 02:02:31.536521
21,2021-06-11,colegioup,em 2a serie,157507,0 days 00:02:24.234988
22,2021-06-11,colegioeducallis,em 2a serie,157717,4 days 17:17:28.243236
23,2021-06-11,nucleocriativo,outro,157765,0 days 04:26:37.969663
0,2021-06-12,villalobos,ef 5o ano,157885,0 days 03:02:49.449863
1,2021-06-12,colegiojoaopaulo,ef 7o ano,157993,0 days 06:34:57.170276
2,2021-06-12,colegiofuturageracao,ef 7o ano,158016,0 days 01:21:36.363836
3,2021-06-12,colegiofuturageracao,ef 9o ano,157919,0 days 02:40:44.352536
4,2021-06-12,universobarcarena,ef 9o ano,157961,0 days 00:02:32.362543
0,2021-06-13,santoamerico,ef 6o ano,158291,0 days 07:14:44.458347
1,2021-06-13,einsteinassis,ef 6o ano,158328,0 days 00:43:04.296518
2,2021-06-13,colegiojoaopaulo,ef 7o ano,158177,0 days 12:50:09.819876
3,2021-06-13,integradaeducativa,ef 7o ano,158309,0 days 01:15:42.957314
4,2021-06-13,pioxi,ef 8o ano,158048,0 days 04:02:39.953659
5,2021-06-13,colegiofuturageracao,ef 8o ano,158174,0 days 02:18:28.196707
6,2021-06-13,colegiobilac,ef 8o ano,158250,0 days 00:00:00.355142
7,2021-06-13,pioxi,ef 8o ano,158338,0 days 00:37:05.052450
8,2021-06-13,colegiobilac,ef 9o ano,158096,0 days 02:20:53.791973
9,2021-06-13,santoamerico,ef 9o ano,158207,1 days 01:42:38.917547
10,2021-06-13,ceespacolivre,em 1a serie,158182,0 days 03:32:38.724290
11,2021-06-13,ceespacolivre,em 2a serie,158358,0 days 01:36:48.267508
12,2021-06-13,integradaeducativa,em 3a serie,158118,0 days 05:03:18.935848
0,2021-06-14,aescobjetivo,ef 2o ano,159227,0 days 05:19:34.392166
1,2021-06-14,aescobjetivo,ef 2o ano,159265,0 days 00:16:33.718183
2,2021-06-14,aescobjetivo,ef 2o ano,159328,0 days 00:17:04.818029
3,2021-06-14,cbpdigital,ef 3o ano,159303,0 days 00:04:35.209601
4,2021-06-14,cbpdigital,ef 4o ano,159277,0 days 00:22:13.191729
5,2021-06-14,villalobos,ef 5o ano,158912,0 days 04:03:34.998415
6,2021-06-14,cbpdigital,ef 5o ano,159282,0 days 00:01:42.301060
7,2021-06-14,colegiofuturageracao,ef 6o ano,158768,0 days 00:27:53.748389
8,2021-06-14,amadeus,ef 6o ano,158832,0 days 10:23:15.315875
9,2021-06-14,educandarioterciocorreia,ef 6o ano,158906,0 days 00:04:05.671883
10,2021-06-14,pioxi,ef 6o ano,159183,0 days 00:14:04.828238
11,2021-06-14,amadeus,ef 6o ano,159247,0 days 04:29:18.559304
12,2021-06-14,educandarioterciocorreia,ef 6o ano,159318,0 days 11:01:55.173635
13,2021-06-14,colegiobilac,ef 6o ano,159332,0 days 01:18:55.600550
14,2021-06-14,colegiobilac,ef 6o ano,159336,0 days 00:26:26.529869
15,2021-06-14,colegiobetelbrasileirosp,ef 6o ano,159407,0 days 00:09:05.466654
16,2021-06-14,colegioup,ef 6o ano,159441,0 days 00:33:57.991636
17,2021-06-14,integradaeducativa,ef 7o ano,158627,0 days 02:03:43.402008
18,2021-06-14,colegioglobal,ef 7o ano,158727,0 days 03:31:27.861800
19,2021-06-14,colegiofuturageracao,ef 7o ano,158828,0 days 00:00:07.967921
20,2021-06-14,educandarioterciocorreia,ef 7o ano,158857,0 days 00:00:05.916895
21,2021-06-14,colegiobilac,ef 7o ano,158901,0 days 01:23:23.742320
22,2021-06-14,amadeus,ef 7o ano,158970,0 days 00:03:45.949517
23,2021-06-14,integradaeducativa,ef 7o ano,159322,0 days 00:01:44.987998
24,2021-06-14,integradaeducativa,ef 7o ano,159355,0 days 09:35:47.054072
25,2021-06-14,santoamerico,ef 7o ano,159401,0 days 02:27:52.929104
26,2021-06-14,colegiodasamericas,ef 7o ano,159420,0 days 00:00:10.895603
27,2021-06-14,colegiodasamericas,ef 7o ano,159422,0 days 00:04:15.757177
28,2021-06-14,colegiodasamericas,ef 7o ano,159423,0 days 00:01:55.125279
29,2021-06-14,santoamerico,ef 7o ano,159469,0 days 03:35:32.122049
30,2021-06-14,integradaeducativa,ef 8o ano,158729,0 days 00:22:22.639232
31,2021-06-14,integradaeducativa,ef 8o ano,158742,0 days 01:05:03.964525
32,2021-06-14,spdacruz,ef 8o ano,158745,0 days 04:23:46.203909
33,2021-06-14,einsteinassis,ef 8o ano,158824,0 days 00:20:28.442330
34,2021-06-14,amadeus,ef 8o ano,159054,0 days 00:50:53.789270
35,2021-06-14,colegiofuturageracao,ef 8o ano,159058,0 days 01:56:56.258695
36,2021-06-14,colegiofuturageracao,ef 8o ano,159132,0 days 00:07:38.901775
37,2021-06-14,amadeus,ef 8o ano,159233,0 days 05:20:29.111873
38,2021-06-14,colegiobilac,ef 8o ano,159262,0 days 02:12:39.727170
39,2021-06-14,educandarioterciocorreia,ef 8o ano,159473,-1 days +23:18:09.649308
40,2021-06-14,integradaeducativa,ef 9o ano,158590,0 days 01:42:17.465769
41,2021-06-14,colegioglobal,ef 9o ano,158642,0 days 22:34:29.683719
42,2021-06-14,integradaeducativa,ef 9o ano,158753,0 days 01:28:02.042402
43,2021-06-14,integradaeducativa,ef 9o ano,158759,0 days 00:24:18.426377
44,2021-06-14,acessocampolargo,ef 9o ano,159014,0 days 06:41:19.591010
45,2021-06-14,acessocampolargo,ef 9o ano,159019,0 days 03:00:08.876678
46,2021-06-14,acessosjpinhais,ef 9o ano,159086,0 days 00:16:29.505331
47,2021-06-14,colegiofuturageracao,ef 9o ano,159204,0 days 00:05:41.632480
48,2021-06-14,colegiobilac,ef 9o ano,159234,0 days 00:00:00.629627
49,2021-06-14,colegiobetelbrasileirosp,em 1a serie,158644,0 days 07:52:10.207708
50,2021-06-14,crb,em 1a serie,158676,0 days 05:15:05.826527
51,2021-06-14,ceespacolivre,em 1a serie,158905,0 days 10:34:35.109734
52,2021-06-14,ceespacolivre,em 1a serie,159073,0 days 05:02:09.677701
53,2021-06-14,crb,em 1a serie,159164,0 days 05:13:55.516326
54,2021-06-14,psantagema,em 1a serie,159360,0 days 00:37:32.107452
55,2021-06-14,colegiodasamericas,em 1a serie,159372,0 days 00:00:42.685119
56,2021-06-14,spdacruz,em 1a serie,159462,0 days 00:00:48.487707
57,2021-06-14,colegiobetelbrasileirosp,em 2a serie,158641,0 days 07:16:01.703128
58,2021-06-14,ceespacolivre,em 2a serie,158950,0 days 01:23:06.520404
59,2021-06-14,acessocampolargo,em 2a serie,158975,0 days 08:05:09.741632
60,2021-06-14,acessocampolargo,em 2a serie,158988,0 days 00:20:04.531108
61,2021-06-14,colegioup,em 2a serie,159098,0 days 00:21:44.768247
62,2021-06-14,ceespacolivre,em 2a serie,159099,0 days 00:43:01.449404
63,2021-06-14,crb,em 2a serie,159304,0 days 04:10:27.646573
64,2021-06-14,spdacruz,em 2a serie,159349,0 days 00:05:22.031890
65,2021-06-14,spdacruz,em 2a serie,159359,0 days 01:00:40.383449
66,2021-06-14,colegiodasamericas,em 2a serie,159380,0 days 00:10:59.954826
67,2021-06-14,colegiodasamericas,em 2a serie,159381,0 days 01:32:00.731040
68,2021-06-14,colegiodasamericas,em 2a serie,159383,0 days 00:01:25.018446
69,2021-06-14,colegiodasamericas,em 2a serie,159386,0 days 00:00:56.443971
70,2021-06-14,crb,em 3a serie,158495,0 days 05:03:53.237839
71,2021-06-14,spdacruz,em 3a serie,158526,0 days 00:30:56.094246
72,2021-06-14,spdacruz,em 3a serie,158529,0 days 06:04:56.247284
73,2021-06-14,colegiobetelbrasileirosp,em 3a serie,158640,1 days 04:55:01.488308
74,2021-06-14,pioxi,em 3a serie,158770,0 days 04:06:24.962096
75,2021-06-14,crb,em 3a serie,159208,0 days 04:08:34.571348
76,2021-06-14,colegiodasamericas,em 3a serie,159388,0 days 00:34:57.261720
77,2021-06-14,psantagema,outro,159358,0 days 18:41:18.513444
78,2021-06-14,colegiodasamericas,outro,159454,0 days 19:30:34.463323
0,2021-06-15,colegiofuturageracao,ef 9o ano,159488,0 days 00:01:48.961347
1,2021-06-15,educandarioterciocorreia,ef 9o ano,159489,0 days 02:23:32.548016
2,2021-06-15,educandarioterciocorreia,ef 7o ano,159496,0 days 21:17:16.194822
3,2021-06-15,colegiodasamericas,outro,159502,0 days 01:07:59.013799
4,2021-06-15,colegiodasamericas,outro,159506,0 days 00:03:30.220434
5,2021-06-15,colegiodasamericas,outro,159511,-1 days +23:59:59.697474
6,2021-06-15,integradaeducativa,ef 7o ano,159531,0 days 00:09:17.464171
7,2021-06-15,pioxi,ef 8o ano,159532,0 days 02:18:47.728754
8,2021-06-15,integradaeducativa,ef 7o ano,159536,0 days 00:07:00.905362
9,2021-06-15,integradaeducativa,ef 7o ano,159538,0 days 07:39:22.123971
10,2021-06-15,portinari,ef 4o ano,159551,0 days 00:00:58.733863
11,2021-06-15,colegioglobal,em 2a serie,159578,0 days 00:04:48.625031
12,2021-06-15,colegiobilac,ef 6o ano,159630,0 days 03:14:28.700024
13,2021-06-15,colegiobatistaindependente,ef 8o ano,159654,-1 days +23:46:47.998292
14,2021-06-15,amadeus,ef 6o ano,159839,0 days 00:29:20.670494
15,2021-06-15,amadeus,ef 9o ano,159846,0 days 01:26:18.927805
16,2021-06-15,colegioeducallis,em 1a serie,159852,0 days 06:10:49.605820
17,2021-06-15,amadeus,ef 7o ano,159885,0 days 00:02:05.256328
18,2021-06-15,ceespacolivre,em 1a serie,160034,0 days 05:53:07.703954
19,2021-06-15,colegiojoaopaulo,ef 7o ano,160051,0 days 07:48:10.136009
20,2021-06-15,colegioeducallis,em 1a serie,160102,0 days 16:38:52.118692
21,2021-06-15,amadeus,ef 3o ano,160171,0 days 00:09:18.108067
22,2021-06-15,integradaeducativa,ef 9o ano,160193,0 days 00:32:57.191767
23,2021-06-15,colegiobilac,ef 9o ano,160198,0 days 11:13:35.717276
24,2021-06-15,villalobos,ef 5o ano,160200,0 days 00:46:53.551571
25,2021-06-15,integradaeducativa,ef 9o ano,160206,0 days 00:21:41.449914
26,2021-06-15,spdacruz,ef 6o ano,160245,0 days 00:00:01.057888
27,2021-06-15,colegiobilac,ef 8o ano,160275,0 days 00:04:51.793010
28,2021-06-15,spdacruz,ef 8o ano,160281,0 days 01:01:34.072803
29,2021-06-15,colegioup,ef 8o ano,160283,1 days 13:38:15.160160
30,2021-06-15,educandarioterciocorreia,ef 8o ano,160324,-1 days +23:27:49.599952
31,2021-06-15,amadeus,ef 9o ano,160331,0 days 06:45:01.698390
0,2021-06-16,spdacruz,ef 7o ano,160360,0 days 04:16:14.576010
1,2021-06-16,educandarioterciocorreia,ef 9o ano,160365,0 days 00:56:59.378803
2,2021-06-16,colegiofuturageracao,ef 6o ano,160367,-1 days +23:59:29.507869
3,2021-06-16,colegiobetelbrasileirosp,ef 7o ano,160391,0 days 12:58:52.563522
4,2021-06-16,santoamerico,ef 6o ano,160392,0 days 00:26:39.328226
5,2021-06-16,colegiobetelbrasileirosp,ef 7o ano,160401,1 days 17:47:37.852301
6,2021-06-16,spdacruz,ef 6o ano,160405,1 days 01:07:48.198248
7,2021-06-16,colegiobetelbrasileirosp,ef 8o ano,160408,0 days 02:25:59.659374
8,2021-06-16,colegiobetelbrasileirosp,ef 9o ano,160416,1 days 13:23:53.128055
9,2021-06-16,spdacruz,ef 8o ano,160417,0 days 03:08:06.802279
10,2021-06-16,colegiobetelbrasileirosp,ef 9o ano,160422,0 days 20:56:03.285178
11,2021-06-16,einsteinassis,ef 8o ano,160433,0 days 01:42:00.171156
12,2021-06-16,educandarioterciocorreia,ef 7o ano,160435,0 days 02:58:20.096869
13,2021-06-16,colegiobetelbrasileirosp,em 1a serie,160450,0 days 05:38:15.272046
14,2021-06-16,spdacruz,em 3a serie,160496,0 days 01:45:22.163506
15,2021-06-16,cbpdigital,ef 5o ano,160508,0 days 00:10:49.805384
16,2021-06-16,spdacruz,em 3a serie,160515,0 days 19:38:22.313110
17,2021-06-16,spdacruz,em 3a serie,160517,0 days 07:01:10.120375
18,2021-06-16,spdacruz,em 3a serie,160519,0 days 00:00:41.423623
19,2021-06-16,provaspoliedro,outro,160562,0 days 15:38:17.475412
20,2021-06-16,spdacruz,ef 6o ano,160576,0 days 00:00:20.977779
21,2021-06-16,amadeus,ef 9o ano,160614,0 days 00:01:25.803900
22,2021-06-16,colegioplanck,ef 7o ano,160627,0 days 22:32:18.862149
23,2021-06-16,amadeus,ef 8o ano,160658,0 days 08:39:21.771664
24,2021-06-16,amadeus,ef 9o ano,160684,0 days 00:01:13.635354
25,2021-06-16,amadeus,ef 6o ano,160764,-1 days +23:52:33.716530
26,2021-06-16,colegioeducallis,ef 7o ano,160768,0 days 06:34:25.603890
27,2021-06-16,ceespacolivre,em 2a serie,160776,0 days 01:18:09.138063
28,2021-06-16,colegioeducallis,ef 6o ano,160781,0 days 09:55:02.212604
29,2021-06-16,educandarioterciocorreia,ef 8o ano,160794,0 days 01:08:14.611065
30,2021-06-16,amadeus,ef 8o ano,160798,0 days 00:11:49.058823
31,2021-06-16,psantagema,ef 8o ano,160828,0 days 16:24:40.810773
32,2021-06-16,psantagema,ef 8o ano,160840,0 days 16:34:56.533478
33,2021-06-16,psantagema,ef 9o ano,160842,0 days 16:35:11.325275
34,2021-06-16,colegiopremium,ef 9o ano,160853,0 days 08:12:15.156524
35,2021-06-16,colegioup,em 2a serie,160855,0 days 00:25:28.735182
36,2021-06-16,cbpdigital,ef 3o ano,160857,0 days 00:00:56.970984
37,2021-06-16,colegiopremium,ef 9o ano,160858,3 days 21:13:59.881462
38,2021-06-16,psantagema,em 2a serie,160865,0 days 01:20:46.797017
39,2021-06-16,psantagema,em 3a serie,160884,2 days 00:02:50.374793
40,2021-06-16,cbpdigital,ef 4o ano,160888,0 days 00:00:34.676646
41,2021-06-16,spdacruz,ef 6o ano,160889,-1 days +23:57:19.277258
42,2021-06-16,colegiofuturageracao,ef 9o ano,160890,0 days 00:00:25.116531
43,2021-06-16,psantagema,em 3a serie,160891,2 days 00:03:10.490602
44,2021-06-16,psantagema,em 1a serie,160896,0 days 21:55:56.922787
45,2021-06-16,cbpdigital,ef 5o ano,160899,0 days 00:21:23.511781
46,2021-06-16,educandarioterciocorreia,ef 9o ano,160903,0 days 01:09:42.884174
47,2021-06-16,colegiobilac,ef 7o ano,160905,0 days 00:00:05.572152
48,2021-06-16,colegiopremium,em 2a serie,160918,0 days 08:05:51.136292
49,2021-06-16,spdacruz,em 3a serie,161005,0 days 08:16:44.023284
50,2021-06-16,spdacruz,em 3a serie,161027,0 days 00:01:49.349896
0,2021-06-17,colegiofuturageracao,ef 2o ano,161250,0 days 01:32:25.198234
1,2021-06-17,stellamarisjuveve,ef 4o ano,161366,0 days 00:31:45.226286
2,2021-06-17,colegioeducallis,ef 4o ano,161783,2 days 11:50:42.286018
3,2021-06-17,colegioeducallis,ef 4o ano,161821,2 days 12:23:34.484587
4,2021-06-17,colegiofuturageracao,ef 4o ano,161827,0 days 03:28:57.468470
5,2021-06-17,cbpdigital,ef 5o ano,161343,0 days 00:33:21.441765
6,2021-06-17,educandarioterciocorreia,ef 6o ano,161073,1 days 00:55:37.794668
7,2021-06-17,integradaeducativa,ef 6o ano,161168,0 days 09:15:27.628331
8,2021-06-17,stellamarisjuveve,ef 6o ano,161324,0 days 00:40:18.181312
9,2021-06-17,stellamarisjuveve,ef 6o ano,161375,0 days 00:18:19.173863
10,2021-06-17,colegiouniverso,ef 6o ano,161399,0 days 05:44:59.135152
11,2021-06-17,pioxi,ef 6o ano,161763,0 days 00:05:59.143423
12,2021-06-17,colegioglobal,ef 7o ano,161152,0 days 01:39:39.601979
13,2021-06-17,stellamarisaguaverde,ef 7o ano,161429,0 days 01:38:25.706128
14,2021-06-17,stellamarisaguaverde,ef 7o ano,161447,0 days 00:45:16.851395
15,2021-06-17,colegioglobal,ef 7o ano,161486,0 days 00:02:50.940521
16,2021-06-17,pioxi,ef 7o ano,161800,0 days 01:08:38.305819
17,2021-06-17,colegioeducallis,ef 7o ano,161831,1 days 04:41:42.934075
18,2021-06-17,educandarioterciocorreia,ef 7o ano,161869,0 days 18:07:17.731150
19,2021-06-17,colegiodasamericas,ef 8o ano,161412,0 days 17:26:33.360759
20,2021-06-17,colegiodasamericas,ef 8o ano,161416,1 days 00:19:54.556175
21,2021-06-17,colegiodasamericas,ef 8o ano,161421,0 days 04:17:07.761785
22,2021-06-17,colegiodasamericas,ef 8o ano,161510,6 days 09:13:05.689231
23,2021-06-17,colegiofuturageracao,ef 8o ano,161773,0 days 05:49:58.970504
24,2021-06-17,pioxi,ef 8o ano,161819,0 days 00:44:26.734569
25,2021-06-17,colegioeducallis,ef 8o ano,161850,1 days 00:06:27.883098
26,2021-06-17,spdacruz,ef 8o ano,161861,0 days 00:02:29.761657
27,2021-06-17,einsteinassis,ef 8o ano,161910,0 days 02:29:24.762742
28,2021-06-17,educandarioterciocorreia,ef 9o ano,161294,0 days 08:55:42.987027
29,2021-06-17,colegioglobal,ef 9o ano,161339,0 days 00:00:12.312883
30,2021-06-17,stellamarisjuveve,ef 9o ano,161369,0 days 00:48:51.482533
31,2021-06-17,spdacruz,ef 9o ano,161417,0 days 01:22:46.419267
32,2021-06-17,colegioup,ef 9o ano,161474,0 days 03:33:30.442032
33,2021-06-17,stellamarisjuveve,ef 9o ano,161489,0 days 00:10:38.827854
34,2021-06-17,colegioalphaunis,ef 9o ano,161799,0 days 00:07:32.516502
35,2021-06-17,colegioalphaunis,ef 9o ano,161954,0 days 00:29:45.578279
36,2021-06-17,colegioflamingo,em 1a serie,161040,0 days 00:06:32.216630
37,2021-06-17,elitecuritibaemilianoperneta,em 1a serie,161620,0 days 00:29:14.436228
38,2021-06-17,elitecuritibaemilianoperneta,em 1a serie,161648,0 days 00:19:55.196393
39,2021-06-17,elitecuritibaemilianoperneta,em 1a serie,161651,0 days 00:19:58.642163
40,2021-06-17,elitecuritibaemilianoperneta,em 1a serie,161659,0 days 00:38:53.495092
41,2021-06-17,stellamarisjuveve,em 1a serie,161730,0 days 00:40:32.284294
42,2021-06-17,stellamarisjuveve,em 1a serie,161741,0 days 00:27:45.547601
43,2021-06-17,stellamarisjuveve,em 1a serie,161769,0 days 00:58:15.164064
44,2021-06-17,stellamarisjuveve,em 1a serie,161780,0 days 00:07:19.116094
45,2021-06-17,stellamarisjuveve,em 1a serie,161789,0 days 03:54:59.898519
46,2021-06-17,colegioeducallis,em 1a serie,161887,0 days 15:05:56.367590
47,2021-06-17,spdacruz,em 1a serie,161895,0 days 01:08:08.462158
48,2021-06-17,colegioglobal,em 2a serie,161077,0 days 01:38:12.330802
49,2021-06-17,colegiobetelbrasileirosp,em 2a serie,161672,0 days 04:15:55.719347
50,2021-06-17,colegioeducallis,em 2a serie,161902,3 days 23:04:56.800329
51,2021-06-17,spdacruz,em 2a serie,161975,0 days 00:06:28.147797
52,2021-06-17,colegiobetelbrasileirosp,em 3a serie,161676,0 days 16:27:33.872391
53,2021-06-17,provaspoliedro,outro,161357,0 days 03:34:07.747749
0,2021-06-18,integra,ef 1o ano,162492,0 days 01:24:10.626476
1,2021-06-18,educandarioterciocorreia,ef 3o ano,161984,0 days 13:42:33.090773
2,2021-06-18,integra,ef 4o ano,162517,0 days 12:09:20.811920
3,2021-06-18,educandarioterciocorreia,ef 6o ano,162010,0 days 14:28:49.454755
4,2021-06-18,colegiouniverso,ef 6o ano,162121,0 days 01:08:13.917484
5,2021-06-18,integradaeducativa,ef 6o ano,162257,0 days 08:50:21.377900
6,2021-06-18,integradaeducativa,ef 7o ano,162258,0 days 09:01:42.718564
7,2021-06-18,colegioup,ef 7o ano,162557,0 days 04:12:38.920201
8,2021-06-18,spdacruz,ef 7o ano,162558,-1 days +23:40:21.881464
9,2021-06-18,colegiouniverso,ef 8o ano,162157,0 days 00:42:12.207206
10,2021-06-18,integradaeducativa,ef 8o ano,162259,0 days 07:55:32.444096
11,2021-06-18,integradaeducativa,ef 8o ano,162524,0 days 00:00:52.875079
12,2021-06-18,spdacruz,ef 9o ano,162001,0 days 01:06:55.960056
13,2021-06-18,spdacruz,ef 9o ano,162020,0 days 16:25:50.780159
14,2021-06-18,colegioalphaunis,ef 9o ano,162107,0 days 01:06:24.149108
15,2021-06-18,spdacruz,ef 9o ano,162171,0 days 00:05:08.662477
16,2021-06-18,colegioeducallis,ef 9o ano,162190,1 days 15:28:53.703033
17,2021-06-18,colegioeducallis,em 1a serie,161990,0 days 05:52:40.913121
18,2021-06-18,integradaeducativa,em 1a serie,162033,0 days 00:07:49.050810
19,2021-06-18,ceespacolivre,em 1a serie,162177,0 days 07:09:46.354335
20,2021-06-18,integradaeducativa,em 1a serie,162266,0 days 01:15:29.375033
21,2021-06-18,integradaeducativa,em 1a serie,162271,0 days 01:15:08.336400
22,2021-06-18,spdacruz,em 1a serie,162521,0 days 02:11:47.295698
23,2021-06-18,spdacruz,em 2a serie,161981,0 days 01:29:14.432762
24,2021-06-18,colegioplanck,em 2a serie,162240,0 days 05:57:18.770273
25,2021-06-18,colegioeducallis,em 2a serie,162519,1 days 02:46:32.558636
26,2021-06-18,colegioeducallis,em 2a serie,162520,5 days 10:54:19.593546
27,2021-06-18,ceespacolivre,em 2a serie,162526,0 days 01:18:38.889347
28,2021-06-18,colegioup,em 2a serie,162536,0 days 01:29:36.421712
29,2021-06-18,integradaeducativa,em 3a serie,161980,0 days 03:36:26.322500
0,2021-06-19,colegiobetelbrasileirosp,ef 1o ano,162726,0 days 11:09:11.360454
1,2021-06-19,colegioeducallis,ef 2o ano,162677,0 days 05:43:35.569685
2,2021-06-19,psantagema,ef 6o ano,162679,0 days 03:30:49.999421
3,2021-06-19,colegiofuturageracao,ef 6o ano,162688,0 days 00:10:32.260703
4,2021-06-19,colegioup,ef 6o ano,162839,0 days 03:41:29.802504
5,2021-06-19,pioxi,ef 7o ano,162683,0 days 00:21:27.127542
6,2021-06-19,psantagema,ef 7o ano,162685,0 days 00:07:30.504078
7,2021-06-19,psantagema,ef 8o ano,162691,0 days 00:10:55.573832
8,2021-06-19,psantagema,ef 8o ano,162702,0 days 02:56:16.755389
9,2021-06-19,psantagema,ef 8o ano,162704,0 days 02:56:28.505429
10,2021-06-19,psantagema,ef 8o ano,162776,3 days 10:19:18.594067
11,2021-06-19,colegioup,ef 8o ano,162852,0 days 00:00:56.039439
12,2021-06-19,colegioglobal,ef 9o ano,162597,0 days 00:00:16.899392
13,2021-06-19,psantagema,ef 9o ano,162705,0 days 02:56:39.768276
14,2021-06-19,colegioup,ef 9o ano,162788,0 days 00:23:51.480932
15,2021-06-19,colegiobetelbrasileirosp,em 1a serie,162723,0 days 15:36:48.761788
16,2021-06-19,psantagema,em 1a serie,162785,0 days 01:54:12.726592
17,2021-06-19,colegioup,em 2a serie,162577,0 days 00:00:57.003656
18,2021-06-19,colegiobetelbrasileirosp,em 2a serie,162721,0 days 07:19:30.609341
19,2021-06-19,psantagema,em 2a serie,162795,0 days 00:11:30.142030
20,2021-06-19,colegioup,em 2a serie,162814,0 days 01:08:58.015879
21,2021-06-19,villalobos,em 3a serie,162658,0 days 00:00:35.270238
22,2021-06-19,colegiobetelbrasileirosp,em 3a serie,162720,0 days 14:15:55.787949
23,2021-06-19,colegiobetelbrasileirosp,em 3a serie,162731,0 days 02:10:44.364767
24,2021-06-19,psantagema,em 3a serie,162740,-1 days +23:52:18.170991
25,2021-06-19,psantagema,em 3a serie,162742,-1 days +23:54:47.437830
26,2021-06-19,psantagema,em 3a serie,162820,0 days 01:23:54.254289
0,2021-06-20,colegioeducallis,ef 3o ano,163009,0 days 05:09:12.295235
1,2021-06-20,villalobos,ef 4o ano,162943,0 days 04:32:47.791340
2,2021-06-20,villalobos,ef 4o ano,162946,0 days 04:11:27.220853
3,2021-06-20,educandarioterciocorreia,ef 5o ano,162938,-1 days +23:58:04.102549
4,2021-06-20,spdacruz,ef 6o ano,162955,0 days 00:00:58.636410
5,2021-06-20,spdacruz,ef 6o ano,162961,-1 days +23:36:32.227103
6,2021-06-20,spdacruz,ef 6o ano,162967,0 days 00:08:54.001769
7,2021-06-20,spdacruz,ef 6o ano,163183,0 days 00:05:58.691552
8,2021-06-20,spdacruz,ef 6o ano,163202,-1 days +23:43:07.609870
9,2021-06-20,educandarioterciocorreia,ef 6o ano,163215,0 days 00:03:45.387696
10,2021-06-20,pioxi,ef 7o ano,162935,0 days 01:01:22.831574
11,2021-06-20,spdacruz,ef 7o ano,162951,-1 days +23:53:34.905220
12,2021-06-20,pioxi,ef 7o ano,162982,0 days 00:12:55.293726
13,2021-06-20,educandarioterciocorreia,ef 7o ano,163006,-1 days +23:56:49.647562
14,2021-06-20,colegioup,ef 7o ano,163065,0 days 04:08:24.083044
15,2021-06-20,educandarioterciocorreia,ef 7o ano,163166,1 days 21:09:33.874463
16,2021-06-20,colegiofuturageracao,ef 7o ano,163247,0 days 00:13:09.063551
17,2021-06-20,einsteinassis,ef 8o ano,162929,0 days 01:17:41.269530
18,2021-06-20,integradaeducativa,ef 8o ano,162945,0 days 00:23:57.182104
19,2021-06-20,spdacruz,ef 8o ano,162947,-1 days +23:56:58.200002
20,2021-06-20,colegioup,ef 8o ano,162992,0 days 00:08:11.959522
21,2021-06-20,colegioup,ef 8o ano,163055,0 days 00:03:18.303750
22,2021-06-20,integradaeducativa,ef 8o ano,163154,0 days 00:08:24.447073
23,2021-06-20,spdacruz,ef 8o ano,163157,0 days 00:02:15.033170
24,2021-06-20,spdacruz,ef 8o ano,163177,-1 days +23:54:55.714030
25,2021-06-20,colegiofuturageracao,ef 8o ano,163211,-1 days +23:58:33.243175
26,2021-06-20,colegioalphaunis,ef 9o ano,162863,0 days 01:39:26.119263
27,2021-06-20,colegioalphaunis,ef 9o ano,162877,0 days 01:42:18.876938
28,2021-06-20,colegioalphaunis,ef 9o ano,163070,0 days 00:12:11.770715
29,2021-06-20,spdacruz,ef 9o ano,163153,16 days 08:18:30.534170
30,2021-06-20,spdacruz,ef 9o ano,163198,0 days 09:40:41.526834
31,2021-06-20,spdacruz,ef 9o ano,163208,0 days 10:29:52.470604
32,2021-06-20,psantagema,em 1a serie,162978,20 days 14:46:00.815026
33,2021-06-20,colegioflamingo,em 1a serie,163225,-1 days +23:59:53.979731
34,2021-06-20,colegioup,em 2a serie,162898,0 days 00:42:39.292697
35,2021-06-20,psantagema,em 2a serie,162958,4 days 04:20:28.919939
36,2021-06-20,colegioup,em 2a serie,163030,0 days 01:07:39.284455
37,2021-06-20,colegioup,em 2a serie,163066,0 days 00:42:36.362340
38,2021-06-20,psantagema,em 3a serie,162975,2 days 23:32:50.957863
39,2021-06-20,psantagema,em 3a serie,162976,2 days 23:32:35.283641
40,2021-06-20,prismapatrocinio,outro,162927,0 days 00:33:18.001454
0,2021-06-21,colegioup,ef 6o ano,163293,0 days 03:59:04.253612
1,2021-06-21,educandarioterciocorreia,ef 7o ano,163326,0 days 01:45:37.755114
2,2021-06-21,colegiobatistaindependente,ef 9o ano,163389,-1 days +23:59:53.192962
3,2021-06-21,colegioup,em 2a serie,163452,0 days 01:19:24.687642
4,2021-06-21,educandarioterciocorreia,ef 8o ano,163578,0 days 05:29:21.680031
5,2021-06-21,psantagema,ef 6o ano,163605,2 days 23:31:10.204636
6,2021-06-21,psantagema,ef 6o ano,163610,2 days 23:22:13.088562
7,2021-06-21,porto,em 2a serie,163648,0 days 01:13:08.087399
8,2021-06-21,integradaeducativa,ef 7o ano,163649,-1 days +23:33:14.794888
9,2021-06-21,spdacruz,ef 6o ano,163673,0 days 00:45:32.674042
10,2021-06-21,colegioup,ef 6o ano,163679,0 days 02:55:18.412784
11,2021-06-21,pioxi,ef 8o ano,163692,0 days 00:24:46.217734
12,2021-06-21,colegiofuturageracao,ef 6o ano,163693,-1 days +23:59:58.052321
13,2021-06-21,spdacruz,ef 6o ano,163718,0 days 00:03:59.637831
14,2021-06-21,acessosantafelicidade,ef 8o ano,163741,1 days 01:59:08.894315
15,2021-06-21,colegiodasamericas,ef 8o ano,163796,0 days 02:01:26.365472
16,2021-06-21,acessocampolargo,ef 7o ano,163806,0 days 00:48:34.418824
17,2021-06-21,acessohauer,ef 7o ano,163807,0 days 00:07:44.611070
18,2021-06-21,acessocampolargo,ef 8o ano,163815,0 days 02:06:16.861330
19,2021-06-21,acessofazendariogrande,ef 5o ano,163816,0 days 01:35:06.817641
20,2021-06-21,acessocampolargokids,ef 5o ano,163818,0 days 00:02:20.466770
21,2021-06-21,acessocampolargo,ef 9o ano,163829,0 days 01:51:41.329873
22,2021-06-21,acessocampolargo,em 1a serie,163836,0 days 01:08:55.578722
23,2021-06-21,acessocampolargo,em 2a serie,163843,0 days 01:07:40.755514
24,2021-06-21,acessocampolargo,em 1a serie,163850,0 days 02:58:45.677601
25,2021-06-21,acessocampolargo,em 2a serie,163860,0 days 02:44:37.660434
26,2021-06-21,colegiofuturageracao,ef 6o ano,163862,0 days 00:03:28.858675
27,2021-06-21,spdacruz,em 2a serie,163896,0 days 02:03:10.165311
28,2021-06-21,spdacruz,em 2a serie,163917,0 days 02:39:07.644008
29,2021-06-21,integradaeducativa,ef 6o ano,163920,0 days 00:56:06.010061
30,2021-06-21,spdacruz,em 3a serie,163954,0 days 02:07:00.328486
31,2021-06-21,colegioup,em 2a serie,163964,0 days 00:38:39.856278
32,2021-06-21,ceespacolivre,em 2a serie,163969,0 days 00:47:39.767045
33,2021-06-21,spdacruz,em 3a serie,163982,0 days 02:40:17.220450
34,2021-06-21,colegioup,em 2a serie,163983,0 days 00:28:28.140542
35,2021-06-21,colegiofuturageracao,ef 6o ano,164002,0 days 01:00:14.999874
36,2021-06-21,colegioup,em 2a serie,164016,0 days 00:37:28.009103
37,2021-06-21,spdacruz,ef 9o ano,164020,0 days 00:52:06.840353
38,2021-06-21,spdacruz,em 2a serie,164022,0 days 00:57:43.751309
39,2021-06-21,spdacruz,em 2a serie,164026,0 days 04:59:22.981844
40,2021-06-21,educandarioterciocorreia,ef 3o ano,164027,-1 days +23:57:22.777049
41,2021-06-21,spdacruz,ef 9o ano,164028,0 days 00:48:23.449178
42,2021-06-21,colegiofuturageracao,ef 7o ano,164036,0 days 02:04:45.491037
43,2021-06-21,educandarioterciocorreia,ef 9o ano,164041,0 days 00:43:21.770867
44,2021-06-21,pioxi,ef 6o ano,164044,0 days 00:38:28.810554
45,2021-06-21,colegiojoaopaulo,em 1a serie,164050,0 days 01:22:57.194588
46,2021-06-21,colegiojoaopaulo,em 2a serie,164059,0 days 01:24:01.271565
47,2021-06-21,spdacruz,ef 9o ano,164104,0 days 11:55:59.416241
0,2021-06-22,spdacruz,ef 9o ano,164135,0 days 00:53:53.764336
1,2021-06-22,integradaeducativa,ef 7o ano,164139,0 days 04:33:25.957488
2,2021-06-22,pioxi,ef 8o ano,164142,0 days 00:20:59.257217
3,2021-06-22,educandarioterciocorreia,ef 6o ano,164148,0 days 16:39:23.932733
4,2021-06-22,integradaeducativa,ef 7o ano,164151,0 days 09:25:57.769576
5,2021-06-22,integradaeducativa,ef 7o ano,164152,0 days 01:07:49.867227
6,2021-06-22,colegioflamingo,em 1a serie,164159,0 days 07:04:29.503051
7,2021-06-22,colegioglobal,em 2a serie,164171,0 days 00:45:36.381617
8,2021-06-22,einsteinassis,em 1a serie,164198,0 days 02:18:26.656244
9,2021-06-22,colegiofuturageracao,ef 3o ano,164201,0 days 02:46:20.442715
10,2021-06-22,colegiobatistaindependente,ef 7o ano,164212,-1 days +23:59:56.546618
11,2021-06-22,colegiofuturageracao,ef 5o ano,164225,0 days 02:49:35.898590
12,2021-06-22,provaspoliedro,em 2a serie,164234,0 days 05:39:36.764239
13,2021-06-22,psantagema,ef 8o ano,164253,0 days 03:58:53.670986
14,2021-06-22,colegioup,ef 7o ano,164284,0 days 16:45:19.479096
15,2021-06-22,psantagema,ef 7o ano,164312,0 days 02:30:23.906440
16,2021-06-22,pioxi,ef 7o ano,164379,0 days 00:29:53.777189
17,2021-06-22,pioxi,ef 6o ano,164384,0 days 00:23:58.687146
18,2021-06-22,colegioup,ef 9o ano,164411,0 days 03:58:15.711575
19,2021-06-22,spdacruz,ef 6o ano,164446,0 days 17:41:32.869193
20,2021-06-22,spdacruz,ef 6o ano,164521,0 days 00:12:18.403120
21,2021-06-22,colegioup,em 2a serie,164543,0 days 01:02:57.407724
22,2021-06-22,spdacruz,ef 6o ano,164552,0 days 01:53:47.332026
23,2021-06-22,pioxi,ef 7o ano,164573,0 days 01:14:53.825966
24,2021-06-22,spdacruz,ef 7o ano,164582,0 days 00:57:36.837086
25,2021-06-22,integra,ef 5o ano,164587,1 days 06:46:17.636268
26,2021-06-22,spdacruz,ef 8o ano,164599,0 days 00:40:12.057309
27,2021-06-22,spdacruz,ef 8o ano,164600,0 days 00:28:01.961249
28,2021-06-22,integradaeducativa,ef 8o ano,164641,0 days 05:01:37.281083
29,2021-06-22,villalobos,em 3a serie,164672,0 days 02:39:01.613857
0,2021-06-23,colegiouniverso,ef 6o ano,164897,0 days 05:48:58.043820
1,2021-06-23,colegioup,ef 6o ano,164946,0 days 00:02:11.441949
2,2021-06-23,spdacruz,ef 6o ano,164989,0 days 07:13:21.133700
3,2021-06-23,spdacruz,ef 6o ano,164994,0 days 12:18:16.025045
4,2021-06-23,colegiouniverso,ef 6o ano,165065,0 days 01:07:54.161214
5,2021-06-23,colegioeducallis,ef 6o ano,165200,0 days 06:07:46.934188
6,2021-06-23,colegioup,ef 7o ano,164950,0 days 00:02:31.753049
7,2021-06-23,eccos,ef 7o ano,165017,0 days 01:21:47.345884
8,2021-06-23,colegiofuturageracao,ef 7o ano,165164,0 days 00:02:44.546574
9,2021-06-23,colegiobatistaindependente,ef 7o ano,165169,0 days 00:00:07.219108
10,2021-06-23,colegiobatistaindependente,ef 7o ano,165242,0 days 01:25:53.830881
11,2021-06-23,integradaeducativa,ef 8o ano,164803,0 days 08:47:07.534720
12,2021-06-23,colegioeducallis,ef 8o ano,164823,1 days 01:50:11.667398
13,2021-06-23,colegiouniverso,ef 8o ano,164951,0 days 04:12:38.031354
14,2021-06-23,colegiofuturageracao,ef 8o ano,165070,0 days 00:15:56.669292
15,2021-06-23,colegiouniverso,ef 8o ano,165132,0 days 00:01:07.134935
16,2021-06-23,colegiobetelbrasileirosp,ef 8o ano,165162,0 days 00:22:10.625549
17,2021-06-23,colegiofuturageracao,ef 8o ano,165233,0 days 06:10:53.585258
18,2021-06-23,colegioalphaunis,ef 9o ano,164748,0 days 00:21:44.975215
19,2021-06-23,provaspoliedro,ef 9o ano,164941,0 days 00:25:41.721469
20,2021-06-23,spdacruz,ef 9o ano,165005,0 days 04:21:41.513405
21,2021-06-23,integradaeducativa,ef 9o ano,165063,0 days 08:26:26.864195
22,2021-06-23,colegiofuturageracao,ef 9o ano,165108,0 days 00:02:21.638907
23,2021-06-23,colegiofuturageracao,ef 9o ano,165238,0 days 08:25:45.480539
24,2021-06-23,colegiobatistaindependente,em 1a serie,165019,0 days 00:17:50.820324
25,2021-06-23,colegioplanck,em 1a serie,165062,0 days 10:30:25.350208
26,2021-06-23,colegioup,em 2a serie,164816,0 days 12:19:29.742750
27,2021-06-23,colegioplanck,em 2a serie,165143,0 days 05:15:16.720540
28,2021-06-23,colegioflamingo,em 3a serie,165235,0 days 01:44:31.857770
29,2021-06-23,provaspoliedro,outro,165060,1 days 07:49:15.164650
30,2021-06-23,provaspoliedro,outro,165068,1 days 03:25:39.722432
31,2021-06-23,provaspoliedro,outro,165145,4 days 08:08:19.209116
32,2021-06-23,provaspoliedro,outro,165149,2 days 11:59:14.331897
33,2021-06-23,provaspoliedro,outro,165174,4 days 00:19:00.785384
34,2021-06-23,provaspoliedro,outro,165183,4 days 05:56:40.949204
0,2021-06-24,spdacruz,ef 6o ano,165328,12 days 15:04:38.608166
1,2021-06-24,spdacruz,ef 6o ano,165329,12 days 12:59:13.592353
2,2021-06-24,colegioplanck,ef 6o ano,165462,0 days 04:02:18.058000
3,2021-06-24,colegiouniverso,ef 6o ano,165742,0 days 00:09:28.676281
4,2021-06-24,spdacruz,ef 7o ano,165331,6 days 07:29:19.861409
5,2021-06-24,colegioplanck,ef 7o ano,165470,0 days 02:00:25.710426
6,2021-06-24,colegiobetelbrasileirosp,ef 7o ano,165573,0 days 10:47:26.836025
7,2021-06-24,colegioeducallis,ef 7o ano,165794,0 days 15:40:06.652199
8,2021-06-24,colegioeducallis,ef 7o ano,165846,0 days 15:41:11.142154
9,2021-06-24,colegioeducallis,ef 8o ano,165710,0 days 10:21:06.741538
10,2021-06-24,colegiouniverso,ef 8o ano,165761,0 days 00:07:13.025150
11,2021-06-24,colegiopremium,ef 8o ano,165775,6 days 02:18:46.407508
12,2021-06-24,colegiobetelbrasileirosp,ef 9o ano,165297,0 days 14:53:36.214727
13,2021-06-24,spdacruz,ef 9o ano,165332,13 days 19:18:56.265147
14,2021-06-24,colegioeducallis,ef 9o ano,165416,1 days 00:33:00.848298
15,2021-06-24,colegioplanck,ef 9o ano,165489,0 days 04:22:36.739895
16,2021-06-24,colegiobetelbrasileirosp,ef 9o ano,165562,0 days 04:30:18.050293
17,2021-06-24,colegiobatistaindependente,ef 9o ano,165745,0 days 00:32:04.419499
18,2021-06-24,colegioensitec,ef 9o ano,165767,0 days 00:11:18.398222
19,2021-06-24,colegioeducallis,ef 9o ano,165844,0 days 19:48:19.023375
20,2021-06-24,colegioplanck,em 1a serie,165508,0 days 05:12:33.470381
21,2021-06-24,colegiobetelbrasileirosp,em 1a serie,165718,-1 days +23:59:38.614239
22,2021-06-24,colegiojoaopaulo,em 1a serie,165726,1 days 05:31:22.099715
23,2021-06-24,colegiobetelbrasileirosp,em 2a serie,165722,0 days 02:38:36.210989
24,2021-06-24,colegiojoaopaulo,em 2a serie,165728,3 days 01:38:29.824777
25,2021-06-24,colegioeducallis,em 2a serie,165798,6 days 23:38:13.064852
26,2021-06-24,provaspoliedro,outro,165381,0 days 02:42:07.451482
27,2021-06-24,provaspoliedro,outro,165385,0 days 00:07:28.009688
28,2021-06-24,provaspoliedro,outro,165398,0 days 09:38:00.759700
29,2021-06-24,provaspoliedro,outro,165461,0 days 00:23:35.526300
30,2021-06-24,provaspoliedro,outro,165471,0 days 00:27:03.393578
0,2021-06-25,integradaeducativa,ef 6o ano,166157,0 days 03:39:37.952317
1,2021-06-25,educandarioterciocorreia,ef 7o ano,165859,0 days 00:31:16.079384
2,2021-06-25,colegioeducallis,ef 7o ano,166044,0 days 23:32:51.029832
3,2021-06-25,integradaeducativa,ef 7o ano,166183,0 days 03:39:21.488312
4,2021-06-25,integradaeducativa,ef 7o ano,166186,0 days 03:50:30.201843
5,2021-06-25,integradaeducativa,ef 7o ano,166189,0 days 02:39:46.376437
6,2021-06-25,pioxi,ef 7o ano,166204,0 days 00:41:09.138894
7,2021-06-25,spdacruz,ef 8o ano,165877,0 days 00:15:59.993944
8,2021-06-25,spdacruz,ef 8o ano,165882,0 days 03:46:35.064417
9,2021-06-25,colegioalphaunis,ef 8o ano,166201,0 days 05:54:50.275854
10,2021-06-25,colegioup,ef 8o ano,166232,0 days 00:33:36.127769
11,2021-06-25,colegioup,ef 8o ano,166238,0 days 00:17:03.745402
12,2021-06-25,colegioeducallis,ef 9o ano,165923,2 days 15:18:02.312483
13,2021-06-25,colegioeducallis,em 1a serie,166081,2 days 14:42:25.250313
14,2021-06-25,colegioeducallis,em 1a serie,166123,1 days 03:02:41.413256
15,2021-06-25,colegioeducallis,em 2a serie,166048,0 days 14:40:01.976270
16,2021-06-25,colegioeducallis,em 2a serie,166130,1 days 03:02:11.035253
17,2021-06-25,colegioeducallis,em 2a serie,166131,20 days 13:34:21.014386
18,2021-06-25,colegioup,em 2a serie,166198,0 days 00:29:31.311351
0,2021-06-26,educandarioterciocorreia,ef 3o ano,166393,0 days 08:42:26.208773
1,2021-06-26,educandarioterciocorreia,ef 6o ano,166391,-1 days +15:37:22.299807
2,2021-06-26,educandarioterciocorreia,ef 6o ano,166405,0 days 00:17:54.422669
3,2021-06-26,colegioup,ef 6o ano,166413,0 days 00:40:18.813153
4,2021-06-26,spdacruz,ef 7o ano,166379,0 days 14:00:44.473282
5,2021-06-26,educandarioterciocorreia,ef 8o ano,166377,-1 days +23:09:55.249181
6,2021-06-26,spdacruz,ef 8o ano,166397,0 days 12:44:36.031340
7,2021-06-26,educandarioterciocorreia,ef 9o ano,166406,0 days 02:34:56.911867
8,2021-06-26,colegioup,em 1a serie,166256,0 days 00:03:05.182019
9,2021-06-26,colegioup,em 2a serie,166363,0 days 00:32:59.068956
0,2021-06-27,integradaeducativa,ef 6o ano,166610,0 days 00:00:02.033787
1,2021-06-27,colegioup,ef 7o ano,166415,0 days 01:11:59.215622
2,2021-06-27,colegiobatistaindependente,ef 7o ano,166446,-1 days +23:56:30.505949
3,2021-06-27,integradaeducativa,ef 7o ano,166616,-1 days +23:59:57.699084
4,2021-06-27,integradaeducativa,ef 7o ano,166617,0 days 06:30:15.648404
5,2021-06-27,integradaeducativa,ef 7o ano,166618,0 days 06:51:05.822823
6,2021-06-27,integradaeducativa,ef 8o ano,166620,0 days 03:09:43.191391
7,2021-06-27,integradaeducativa,ef 9o ano,166629,0 days 05:01:38.384136
8,2021-06-27,colegioalphaunis,ef 9o ano,166692,0 days 00:48:38.962489
9,2021-06-27,eccos,ef 9o ano,166710,64 days 11:38:54.445379
10,2021-06-27,colegioup,em 1a serie,166419,0 days 00:00:05.025713
11,2021-06-27,integradaeducativa,em 1a serie,166602,0 days 00:40:44.069611
12,2021-06-27,colegioup,em 2a serie,166421,0 days 00:13:05.304054
13,2021-06-27,colegioup,em 2a serie,166531,0 days 00:21:17.751080
14,2021-06-27,colegiobatistaindependente,em 2a serie,166659,0 days 01:13:40.045981
15,2021-06-27,integradaeducativa,em 3a serie,166674,0 days 00:24:11.892572
0,2021-06-28,colegioglobal,ef 5o ano,167111,0 days 10:23:26.239177
1,2021-06-28,colegioglobal,ef 5o ano,167147,0 days 22:15:35.931936
2,2021-06-28,colegioglobal,ef 5o ano,167156,1 days 04:26:28.503707
3,2021-06-28,educandarioterciocorreia,ef 6o ano,166746,0 days 08:34:24.989341
4,2021-06-28,colegioup,ef 6o ano,166873,0 days 00:33:40.784267
5,2021-06-28,colegioup,ef 6o ano,167381,0 days 00:30:25.230418
6,2021-06-28,colegiodasamericas,ef 7o ano,166859,0 days 00:15:15.915336
7,2021-06-28,colegioup,ef 7o ano,166898,0 days 00:40:26.130433
8,2021-06-28,colegiobatistaindependente,ef 7o ano,167177,0 days 00:00:31.903161
9,2021-06-28,colegioup,ef 7o ano,167195,0 days 00:31:13.401730
10,2021-06-28,spdacruz,ef 7o ano,167348,0 days 00:39:39.623761
11,2021-06-28,colegiopremium,ef 8o ano,166829,5 days 17:23:10.068223
12,2021-06-28,colegioup,ef 8o ano,166908,0 days 00:26:09.135863
13,2021-06-28,colegiobatistaindependente,ef 8o ano,167184,0 days 00:10:37.238977
14,2021-06-28,colegioup,ef 8o ano,167206,0 days 00:29:10.095105
15,2021-06-28,integradaeducativa,ef 8o ano,167414,0 days 04:35:00.611699
16,2021-06-28,colegiopremium,ef 9o ano,166834,3 days 17:29:12.996042
17,2021-06-28,colegiodasamericas,ef 9o ano,166867,0 days 00:33:14.035724
18,2021-06-28,colegiodasamericas,ef 9o ano,166871,0 days 05:42:55.215413
19,2021-06-28,integradaeducativa,ef 9o ano,167416,0 days 04:13:40.290422
20,2021-06-28,colegiodasamericas,em 1a serie,166847,-1 days +23:28:33.055717
21,2021-06-28,colegiodasamericas,em 1a serie,166849,0 days 00:01:17.812847
22,2021-06-28,colegiobatistaindependente,em 1a serie,166937,0 days 00:04:32.933868
23,2021-06-28,colegioup,em 1a serie,166963,0 days 00:27:28.852439
24,2021-06-28,colegioup,em 1a serie,167157,0 days 00:24:00.896417
25,2021-06-28,colegioup,em 2a serie,167041,0 days 00:11:12.754162
26,2021-06-28,colegioup,em 2a serie,167138,0 days 00:05:20.822340
27,2021-06-28,colegiobatistaindependente,em 2a serie,167304,0 days 00:17:52.658229
28,2021-06-28,colegiodasamericas,em 3a serie,166856,-1 days +23:58:17.915555
29,2021-06-28,colegioup,em 3a serie,167244,0 days 00:22:48.544175
30,2021-06-28,colegioup,em 3a serie,167254,0 days 00:01:15.539793
0,2021-06-29,educandarioterciocorreia,ef 3o ano,167493,0 days 10:56:29.462952
1,2021-06-29,educandarioterciocorreia,ef 3o ano,167999,-1 days +23:59:43.913154
2,2021-06-29,colegioup,ef 6o ano,167588,0 days 00:25:16.192601
3,2021-06-29,colegioup,ef 6o ano,167820,0 days 12:08:18.405550
4,2021-06-29,colegiobatistaindependente,ef 7o ano,167498,0 days 00:01:53.224612
5,2021-06-29,colegioup,ef 7o ano,167614,0 days 00:43:17.655580
6,2021-06-29,colegioup,ef 7o ano,167677,0 days 00:28:17.956370
7,2021-06-29,integradaeducativa,ef 7o ano,168020,0 days 04:51:50.877330
8,2021-06-29,integradaeducativa,ef 8o ano,167444,0 days 06:59:05.524204
9,2021-06-29,educandarioterciocorreia,ef 8o ano,167495,-1 days +23:58:12.761292
10,2021-06-29,colegioup,ef 8o ano,167688,0 days 00:17:18.275018
11,2021-06-29,colegioup,ef 8o ano,167692,0 days 00:15:34.598901
12,2021-06-29,colegiopremium,ef 8o ano,167936,3 days 10:18:42.995841
13,2021-06-29,colegioalphaunis,ef 8o ano,167993,0 days 00:55:49.246731
14,2021-06-29,integradaeducativa,ef 8o ano,168021,0 days 06:45:35.730947
15,2021-06-29,educandarioterciocorreia,ef 9o ano,167485,0 days 15:47:39.893906
16,2021-06-29,acessocampolargo,ef 9o ano,167646,0 days 01:03:18.392155
17,2021-06-29,acessosjpinhais,ef 9o ano,167668,0 days 01:04:50.502981
18,2021-06-29,colegiopremium,ef 9o ano,167671,5 days 12:16:38.140698
19,2021-06-29,colegiobatistaindependente,ef 9o ano,167938,0 days 05:57:53.406077
20,2021-06-29,acessoalmirantetamandare,em 1a serie,167649,0 days 02:22:47.477453
21,2021-06-29,acessocampolargo,em 1a serie,167650,0 days 00:26:51.496684
22,2021-06-29,colegioup,em 1a serie,167743,0 days 00:19:00.798503
23,2021-06-29,acessocampolargo,em 2a serie,167657,0 days 00:26:02.899134
24,2021-06-29,colegioup,em 3a serie,167443,0 days 00:25:36.530037
25,2021-06-29,colegioup,em 3a serie,167772,0 days 00:02:37.142424
26,2021-06-29,colegioup,em 3a serie,167816,0 days 00:00:04.614722
0,2021-06-30,educandarioterciocorreia,ef 3o ano,168318,0 days 06:45:17.511885
1,2021-06-30,educandarioterciocorreia,ef 7o ano,168027,-2 days +18:04:05.694419
2,2021-06-30,integradaeducativa,ef 7o ano,168050,0 days 04:04:59.591362
3,2021-06-30,integradaeducativa,ef 8o ano,168035,0 days 07:07:21.549931
4,2021-06-30,educandarioterciocorreia,ef 8o ano,168066,0 days 20:27:50.909150
5,2021-06-30,educandarioterciocorreia,ef 8o ano,168067,0 days 18:24:21.476600
6,2021-06-30,educandarioterciocorreia,ef 9o ano,168071,1 days 04:54:19.417971
7,2021-06-30,educandarioterciocorreia,ef 9o ano,168127,-1 days +23:55:12.200860
8,2021-06-30,colegiobatistaindependente,em 1a serie,168042,1 days 02:16:55.280022
9,2021-06-30,colegiopremium,em 2a serie,168132,0 days 12:39:05.154964
0,2021-07-01,invictus,em 1a serie,168528,0 days 04:32:08.144503
1,2021-07-01,crb,em 1a serie,168646,0 days 00:05:26.476559
2,2021-07-01,invictus,em 2a serie,168566,0 days 04:29:37.629557
3,2021-07-01,colegiodasamericas,outro,168444,1 days 10:31:54.893645
0,2021-07-02,colegiobatistaindependente,outro,168772,-1 days +23:59:54.278129
0,2021-07-03,ceespacolivre,em 1a serie,168871,0 days 04:50:10.466822
0,2021-07-04,ceespacolivre,em 2a serie,168909,0 days 01:45:26.027598
0,2021-07-05,progressaoig,ef 6o ano,169068,0 days 13:46:17.481051
1,2021-07-05,ceespacolivre,em 2a serie,168927,0 days 01:44:54.417385
0,2021-07-06,acessofazendariogrande,ef 5o ano,169222,0 days 08:22:35.077812
1,2021-07-06,acessoalmirantetamandare,ef 6o ano,169186,0 days 02:12:06.481268
2,2021-07-06,acessoalmirantetamandare,ef 6o ano,169205,0 days 10:16:07.471842
3,2021-07-06,acessocampolargo,ef 7o ano,169190,0 days 05:59:34.743632
4,2021-07-06,acessohauer,ef 7o ano,169193,0 days 02:09:53.626992
5,2021-07-06,acessosjpinhais,ef 7o ano,169202,0 days 04:07:49.364407
6,2021-07-06,acessocampolargo,ef 7o ano,169209,0 days 00:47:29.986741
7,2021-07-06,acessohauer,ef 7o ano,169213,0 days 02:00:09.012344
8,2021-07-06,acessosjpinhais,ef 7o ano,169226,0 days 00:01:43.625701
9,2021-07-06,acessosantafelicidade,ef 8o ano,169152,0 days 00:44:03.010914
10,2021-07-06,acessosantafelicidade,ef 8o ano,169165,0 days 02:38:12.319100
11,2021-07-06,acessofazendariogrande,ef 8o ano,169198,0 days 12:48:12.220508
12,2021-07-06,acessofazendariogrande,ef 8o ano,169217,0 days 02:19:59.147040
13,2021-07-06,colegioalphaunis,ef 9o ano,169313,0 days 01:21:45.463021
14,2021-07-06,colegiobatistaindependente,em 1a serie,169115,0 days 20:40:30.622150
15,2021-07-06,ceespacolivre,em 1a serie,169323,0 days 06:24:01.416742
16,2021-07-06,ceespacolivre,em 1a serie,169327,0 days 06:39:39.450928
17,2021-07-06,ceespacolivre,em 2a serie,169325,0 days 01:20:40.762254
18,2021-07-06,ceespacolivre,em 2a serie,169328,0 days 00:00:43.776227
0,2021-07-07,portinari,ef 4o ano,169401,0 days 02:22:18.158422
1,2021-07-07,colegioalphaunis,ef 6o ano,169370,0 days 12:25:50.999400
2,2021-07-07,colegioalphaunis,ef 7o ano,169369,0 days 07:32:07.670142
3,2021-07-07,colegioalphaunis,ef 8o ano,169586,0 days 05:36:25.798496
4,2021-07-07,colegioalphaunis,ef 8o ano,169590,0 days 11:31:00.662668
0,2021-07-12,ceespacolivre,ef 5o ano,170187,0 days 07:29:55.208023
1,2021-07-12,portinari,ef 9o ano,170182,-1 days +23:56:15.606255
0,2021-07-16,portinari,ef 5o ano,170928,0 days 02:28:29.894674
0,2021-07-20,colegioensitec,ef 2o ano,171046,0 days 00:35:13.195177
1,2021-07-20,colegioensitec,ef 4o ano,171058,0 days 00:37:35.587400
2,2021-07-20,colegioensitec,ef 5o ano,171061,0 days 00:08:18.820269
3,2021-07-20,portinari,ef 7o ano,171075,-1 days +23:59:58.407265
0,2021-07-21,amadeus,ef 9o ano,171201,2 days 03:29:15.707920
0,2021-07-22,portinari,ef 5o ano,171278,0 days 00:37:38.746017
1,2021-07-22,colegiobilac,ef 9o ano,171340,0 days 00:43:36.428138
0,2021-07-23,colegiointegral,em 3a serie,171362,0 days 02:26:07.306349
0,2021-07-24,portinari,ef 5o ano,171464,-1 days +23:59:56.650182
0,2021-07-25,colegioensitec,ef 4o ano,171487,0 days 00:28:49.547462
0,2021-07-26,colegiobilac,ef 8o ano,171523,0 days 00:03:15.078312
1,2021-07-26,colegiobilac,ef 8o ano,171593,0 days 00:02:48.625833
0,2021-07-27,colegioensitec,ef 5o ano,171629,0 days 00:18:35.281721
1,2021-07-27,colegioensitec,ef 5o ano,171638,0 days 00:17:41.779473
2,2021-07-27,colegiobilac,ef 6o ano,171674,-1 days +23:59:59.856113
3,2021-07-27,colegiobilac,ef 9o ano,171711,0 days 00:00:40.358708
0,2021-07-28,progressaoig,ef 6o ano,171846,0 days 01:30:14.553773
1,2021-07-28,colegiobilac,ef 6o ano,171848,0 days 01:13:41.403828
0,2021-07-29,magister,ef 5o ano,172087,0 days 00:31:08.727325
1,2021-07-29,magister,ef 5o ano,172090,0 days 01:04:19.484238
2,2021-07-29,colegiodasamericas,ef 6o ano,172002,0 days 00:08:08.012709
3,2021-07-29,colegiodasamericas,ef 6o ano,172003,0 days 03:54:12.311345
4,2021-07-29,colegiodasamericas,ef 6o ano,172005,-1 days +22:53:15.932370
5,2021-07-29,colegiodasamericas,ef 6o ano,172112,0 days 03:00:55.728912
6,2021-07-29,colegiobilac,ef 9o ano,171901,0 days 07:44:55.576044
7,2021-07-29,crescercampinas,ef 9o ano,171919,0 days 02:43:48.600753
8,2021-07-29,colegiodasamericas,ef 9o ano,172020,0 days 09:54:22.700228
9,2021-07-29,colegiodasamericas,ef 9o ano,172023,0 days 09:00:15.742124
10,2021-07-29,colegiodasamericas,ef 9o ano,172026,0 days 01:35:41.988032
11,2021-07-29,colegiodasamericas,ef 9o ano,172028,0 days 01:04:15.932787
12,2021-07-29,colegiodasamericas,ef 9o ano,172029,0 days 00:07:24.328629
13,2021-07-29,colegiodasamericas,em 1a serie,171966,0 days 16:21:07.159816
14,2021-07-29,colegiodasamericas,em 2a serie,171975,0 days 02:51:23.687469
15,2021-07-29,colegiodasamericas,em 2a serie,171976,0 days 19:37:47.178244
16,2021-07-29,colegiodasamericas,em 2a serie,171977,0 days 06:20:31.609510
17,2021-07-29,colegiodasamericas,em 2a serie,171978,0 days 03:02:40.496034
18,2021-07-29,colegiodasamericas,em 2a serie,171979,0 days 01:04:44.868192
19,2021-07-29,colegiodasamericas,em 2a serie,171980,0 days 07:01:13.528996
20,2021-07-29,colegiodasamericas,em 2a serie,171981,0 days 00:11:31.438931
21,2021-07-29,colegiodasamericas,em 2a serie,171982,0 days 00:02:03.516408
22,2021-07-29,colegiodasamericas,em 2a serie,171987,0 days 16:23:18.997656
23,2021-07-29,colegiodasamericas,em 3a serie,171988,0 days 01:44:06.049834
24,2021-07-29,colegiodasamericas,em 3a serie,171990,0 days 15:51:35.602811
25,2021-07-29,colegiodasamericas,em 3a serie,171991,0 days 01:31:57.697771
26,2021-07-29,colegiodasamericas,em 3a serie,171993,0 days 07:02:17.723061
27,2021-07-29,colegiointegral,em 3a serie,172085,0 days 01:51:02.226476
28,2021-07-29,colegiointegral,em 3a serie,172089,0 days 19:14:19.140425
29,2021-07-29,colegiointegral,em 3a serie,172092,0 days 02:19:46.316259
0,2021-07-30,magister,ef 5o ano,172192,0 days 00:09:44.559834
1,2021-07-30,colegiobilac,ef 6o ano,172184,0 days 00:13:34.017240
2,2021-07-30,colegiobilac,ef 9o ano,172154,0 days 00:00:01.557248
3,2021-07-30,amadeus,ef 9o ano,172234,0 days 02:20:14.594680
4,2021-07-30,colegiointegral,em 3a serie,172170,0 days 09:30:37.205982
5,2021-07-30,colegiointegral,em 3a serie,172179,0 days 05:42:24.697813
6,2021-07-30,colegiodasamericas,em 3a serie,172261,0 days 00:39:37.226285
0,2021-08-01,magister,ef 3o ano,172449,0 days 01:36:39.734900
1,2021-08-01,colegiobilac,ef 8o ano,172400,0 days 02:04:42.315665
0,2021-08-02,colegiobilac,ef 4o ano,172649,0 days 00:21:24.731258
1,2021-08-02,provaspoliedro,ef 6o ano,172509,0 days 01:08:11.754212
2,2021-08-02,colegiobilac,ef 6o ano,172663,0 days 01:00:53.127987
3,2021-08-02,colegiobilac,ef 6o ano,172668,-1 days +23:59:39.923654
4,2021-08-02,spdacruz,ef 6o ano,172678,0 days 00:00:01.082515
0,2021-08-03,maplebearslz,ef 4o ano,172984,0 days 00:09:20.198614
1,2021-08-03,maplebearslz,ef 5o ano,172960,0 days 01:45:22.861294
2,2021-08-03,villalobos,ef 7o ano,172880,0 days 01:19:47.732291
3,2021-08-03,integradaeducativa,ef 8o ano,172740,0 days 01:04:37.327975
4,2021-08-03,educandarioterciocorreia,ef 8o ano,172778,0 days 05:33:26.404076
5,2021-08-03,colegiobilac,ef 8o ano,172876,0 days 09:08:12.664523
6,2021-08-03,colegiobilac,ef 8o ano,172980,0 days 00:00:05.939780
7,2021-08-03,pioxiicolegio,em 1a serie,172969,0 days 00:07:45.010196
0,2021-08-04,aescobjetivo,ef 4o ano,173070,0 days 00:08:06.219848
1,2021-08-04,portinari,ef 4o ano,173485,0 days 00:07:44.167592
2,2021-08-04,portinari,ef 4o ano,173510,0 days 01:09:14.681811
3,2021-08-04,acessosantafelicidade,ef 5o ano,173180,0 days 01:06:26.492872
4,2021-08-04,acessocampolargokids,ef 5o ano,173258,0 days 00:37:44.912210
5,2021-08-04,acessohauer,ef 5o ano,173261,0 days 02:16:17.875453
6,2021-08-04,colegiocb,ef 6o ano,173350,0 days 03:45:31.951193
7,2021-08-04,acessohauer,ef 7o ano,173212,0 days 00:00:18.666881
8,2021-08-04,acessosjpinhais,ef 7o ano,173213,0 days 01:40:57.999844
9,2021-08-04,acessoalmirantetamandare,ef 7o ano,173223,0 days 01:24:31.664797
10,2021-08-04,acessohauer,ef 7o ano,173226,0 days 02:21:20.727417
11,2021-08-04,crb,ef 7o ano,173378,0 days 10:18:37.102138
12,2021-08-04,colegioeducallis,ef 7o ano,173458,0 days 04:10:22.236112
13,2021-08-04,crb,ef 8o ano,173314,0 days 00:38:05.536481
14,2021-08-04,crb,ef 8o ano,173379,0 days 04:18:31.657689
15,2021-08-04,colegiodasamericas,ef 8o ano,173461,1 days 05:02:26.504067
16,2021-08-04,colegiobilac,ef 9o ano,173079,0 days 09:48:25.630759
17,2021-08-04,crb,ef 9o ano,173270,5 days 07:35:20.341099
18,2021-08-04,crb,ef 9o ano,173385,2 days 16:44:15.352330
19,2021-08-04,crb,em 1a serie,173320,3 days 09:57:31.177416
20,2021-08-04,colegiodasamericas,em 2a serie,173454,4 days 19:57:03.055472
21,2021-08-04,colegiodasamericas,em 3a serie,173448,1 days 05:07:03.938505
22,2021-08-04,progressaodc,em 3a serie,173468,0 days 18:36:27.710436
0,2021-08-05,maplebearslz,ef 5o ano,173619,0 days 04:12:21.371011
1,2021-08-05,eccos,ef 5o ano,173633,0 days 02:21:48.329309
2,2021-08-05,colegioeducallis,ef 8o ano,173601,0 days 12:10:39.056920
3,2021-08-05,colegiobilac,ef 8o ano,173701,0 days 00:06:20.736141
4,2021-08-05,colegiobilac,ef 9o ano,173624,0 days 02:11:30.366512
0,2021-08-06,aescobjetivo,ef 2o ano,173941,0 days 00:46:00.007460
1,2021-08-06,maplebearslz,ef 4o ano,173970,0 days 00:12:05.921048
2,2021-08-06,maplebearslz,ef 4o ano,173974,-1 days +23:47:14.605760
3,2021-08-06,colegiobilac,ef 4o ano,174031,0 days 00:03:54.553883
4,2021-08-06,acessohauer,ef 5o ano,173918,0 days 01:54:29.272806
5,2021-08-06,provaspoliedro,ef 6o ano,173988,0 days 00:16:15.358169
6,2021-08-06,colegiopremium,ef 8o ano,173927,0 days 20:29:02.990594
7,2021-08-06,provaspoliedro,ef 8o ano,173943,0 days 13:26:13.674750
8,2021-08-06,colegiopremium,ef 9o ano,173933,0 days 19:26:37.670593
9,2021-08-06,colegiodasamericas,ef 9o ano,173957,-1 days +22:50:03.240205
10,2021-08-06,colegiopremium,em 1a serie,173979,0 days 10:32:51.698721
11,2021-08-06,colegiopremium,em 2a serie,173940,0 days 14:25:41.282209
0,2021-08-07,colegiobilac,ef 9o ano,174181,0 days 00:00:01.624949
0,2021-08-08,colegioensitec,ef 4o ano,174293,0 days 00:03:10.102010
1,2021-08-08,eccos,ef 8o ano,174348,0 days 12:15:57.577988
2,2021-08-08,villalobos,em 1a serie,174361,0 days 00:39:43.814809
3,2021-08-08,santoamerico,outro,174260,-1 days +23:49:58.041453
0,2021-08-09,eccos,ef 5o ano,174659,0 days 03:47:11.667647
1,2021-08-09,colegioeducallis,ef 6o ano,174638,0 days 04:26:08.177884
2,2021-08-09,eccos,ef 6o ano,174662,0 days 02:22:17.042761
3,2021-08-09,spdacruz,ef 6o ano,174875,0 days 00:34:03.861920
4,2021-08-09,spdacruz,ef 6o ano,174882,0 days 23:37:16.771338
5,2021-08-09,spdacruz,ef 6o ano,174883,0 days 00:57:31.905034
6,2021-08-09,spdacruz,ef 6o ano,174884,0 days 20:43:56.621912
7,2021-08-09,crescercampinas,ef 6o ano,174925,-1 days +23:29:02.684613
8,2021-08-09,porto,ef 7o ano,174516,-1 days +22:56:22.150674
9,2021-08-09,spdacruz,ef 7o ano,174888,3 days 23:58:42.642594
10,2021-08-09,eccos,ef 8o ano,174491,0 days 13:16:13.009808
11,2021-08-09,crb,ef 8o ano,174546,0 days 00:13:51.939218
12,2021-08-09,crb,ef 8o ano,174579,0 days 03:05:50.225383
13,2021-08-09,crb,ef 9o ano,174500,3 days 21:27:16.439043
14,2021-08-09,crb,ef 9o ano,174534,1 days 06:43:36.815008
15,2021-08-09,crb,ef 9o ano,174547,1 days 16:36:53.390212
16,2021-08-09,amadeus,ef 9o ano,174791,2 days 04:43:11.263505
17,2021-08-09,crb,em 1a serie,174552,0 days 08:13:16.867732
18,2021-08-09,spdacruz,em 1a serie,174663,0 days 00:56:29.080398
19,2021-08-09,crb,em 1a serie,174678,0 days 08:16:45.896376
20,2021-08-09,spdacruz,em 1a serie,174681,0 days 01:21:26.023555
21,2021-08-09,spdacruz,em 2a serie,174723,0 days 00:52:51.350390
22,2021-08-09,spdacruz,em 2a serie,174746,0 days 08:16:27.065950
23,2021-08-09,pioxiicolegio,em 2a serie,174902,0 days 01:54:22.348640
24,2021-08-09,pioxiicolegio,em 2a serie,174910,0 days 02:02:04.436759
25,2021-08-09,spdacruz,em 3a serie,174769,0 days 00:34:52.758060
26,2021-08-09,spdacruz,em 3a serie,174782,0 days 06:47:15.622030
27,2021-08-09,pioxiicolegio,em 3a serie,174932,0 days 01:32:03.549557
0,2021-08-10,colegioensitec,ef 4o ano,175125,0 days 00:01:15.277220
1,2021-08-10,magister,ef 4o ano,175287,0 days 02:17:56.859981
2,2021-08-10,colegioensitec,ef 5o ano,174971,0 days 00:05:26.509067
3,2021-08-10,eccos,ef 5o ano,175111,0 days 03:42:38.512453
4,2021-08-10,eccos,ef 5o ano,175112,0 days 04:40:53.923889
5,2021-08-10,colegioensitec,ef 5o ano,175162,0 days 00:25:52.260088
6,2021-08-10,crescercampinas,ef 6o ano,174961,0 days 18:52:36.759888
7,2021-08-10,spdacruz,ef 6o ano,174988,0 days 00:59:39.804185
8,2021-08-10,spdacruz,ef 6o ano,174990,0 days 21:33:41.765673
9,2021-08-10,spdacruz,ef 6o ano,175226,0 days 02:25:10.522898
10,2021-08-10,spdacruz,ef 6o ano,175248,0 days 02:12:20.608805
11,2021-08-10,spdacruz,ef 6o ano,175254,0 days 00:14:01.204890
12,2021-08-10,colegiobetelbrasileirosp,ef 8o ano,175269,0 days 02:17:19.908498
13,2021-08-10,spdacruz,ef 9o ano,174956,0 days 01:07:40.349021
14,2021-08-10,amadeus,ef 9o ano,175190,2 days 09:41:58.263777
15,2021-08-10,amadeus,ef 9o ano,175192,1 days 07:34:16.773888
16,2021-08-10,amadeus,ef 9o ano,175194,1 days 07:16:42.418581
17,2021-08-10,villalobos,em 1a serie,174945,0 days 02:19:54.513955
18,2021-08-10,spdacruz,em 3a serie,175329,0 days 00:35:03.353894
19,2021-08-10,spdacruz,em 3a serie,175335,0 days 00:18:31.689141
0,2021-08-11,spdacruz,ef 6o ano,175463,2 days 00:22:12.124963
1,2021-08-11,eccos,ef 6o ano,175524,0 days 12:17:32.808277
2,2021-08-11,spdacruz,ef 6o ano,175556,0 days 01:20:21.878575
3,2021-08-11,spdacruz,ef 6o ano,175574,0 days 02:12:14.792037
4,2021-08-11,eccos,ef 6o ano,175797,0 days 12:54:08.350933
5,2021-08-11,provaspoliedro,ef 7o ano,175659,0 days 00:34:49.525987
6,2021-08-11,colegioeducallis,ef 8o ano,175779,0 days 10:07:46.843533
7,2021-08-11,crescercampinas,ef 9o ano,175582,0 days 04:47:14.970022
8,2021-08-11,villalobos,ef 9o ano,175668,0 days 00:01:57.243748
9,2021-08-11,acessoalmirantetamandare,em 1a serie,175719,0 days 02:35:57.087109
10,2021-08-11,colegiobrasilia,em 1a serie,175855,0 days 01:20:05.682933
11,2021-08-11,spdacruz,em 1a serie,175873,0 days 01:53:39.652039
12,2021-08-11,spdacruz,em 1a serie,175881,0 days 00:23:53.205360
13,2021-08-11,acessosjpinhais,em 2a serie,175729,0 days 00:10:11.841452
14,2021-08-11,psantagema,outro,175815,0 days 01:14:35.453937
0,2021-08-12,aescobjetivo,ef 2o ano,176033,0 days 00:21:29.778105
1,2021-08-12,magister,ef 3o ano,176051,0 days 00:01:07.590362
2,2021-08-12,colegioeducallis,ef 4o ano,176307,0 days 11:53:26.862836
3,2021-08-12,eccos,ef 5o ano,176026,0 days 06:10:58.845636
4,2021-08-12,eccos,ef 5o ano,176042,0 days 09:27:37.098794
5,2021-08-12,colegiocb,ef 6o ano,176193,0 days 00:03:08.600116
6,2021-08-12,spdacruz,ef 6o ano,176332,2 days 01:46:31.385452
7,2021-08-12,crescercampinas,ef 6o ano,176372,0 days 02:06:01.517930
8,2021-08-12,colegiobetelbrasileirosp,ef 7o ano,175945,0 days 00:58:45.487772
9,2021-08-12,spdacruz,ef 7o ano,175973,0 days 00:11:35.772335
10,2021-08-12,spdacruz,ef 7o ano,176188,0 days 09:55:04.398985
11,2021-08-12,crescercampinas,ef 7o ano,176365,0 days 01:53:36.687798
12,2021-08-12,spdacruz,ef 8o ano,175926,0 days 00:53:26.347299
13,2021-08-12,spdacruz,ef 8o ano,175941,0 days 09:04:27.907885
14,2021-08-12,psantagema,ef 8o ano,175953,0 days 15:25:42.948817
15,2021-08-12,spdacruz,ef 8o ano,176202,0 days 19:05:47.089460
16,2021-08-12,provaspoliedro,ef 8o ano,176327,1 days 07:12:14.382073
17,2021-08-12,provaspoliedro,ef 8o ano,176330,2 days 00:08:55.573965
18,2021-08-12,spdacruz,ef 9o ano,175914,0 days 00:28:34.778358
19,2021-08-12,spdacruz,ef 9o ano,175924,1 days 12:09:21.077794
20,2021-08-12,colegiocb,ef 9o ano,176189,0 days 00:02:12.083966
21,2021-08-12,colegioeducallis,em 1a serie,176006,0 days 04:34:05.927536
22,2021-08-12,crb,em 1a serie,176209,1 days 12:13:57.404695
23,2021-08-12,colegioeducallis,em 2a serie,176011,0 days 05:25:59.732242
24,2021-08-12,spdacruz,em 2a serie,176157,0 days 00:53:47.373578
25,2021-08-12,spdacruz,em 2a serie,176159,0 days 02:23:23.302110
26,2021-08-12,psantagema,em 3a serie,175959,1 days 07:50:19.310375
27,2021-08-12,spdacruz,em 3a serie,176242,0 days 12:44:20.638741
0,2021-08-13,portinari,ef 4o ano,176681,0 days 00:25:43.734347
1,2021-08-13,eccos,ef 5o ano,176464,0 days 07:12:41.627526
2,2021-08-13,magister,ef 5o ano,176611,0 days 00:00:09.938608
3,2021-08-13,crescercampinas,ef 6o ano,176526,0 days 08:29:17.773951
4,2021-08-13,colegioeducallis,ef 7o ano,176385,4 days 04:36:03.449220
5,2021-08-13,colegioeducallis,ef 7o ano,176445,4 days 04:11:48.297204
6,2021-08-13,provaspoliedro,ef 7o ano,176487,0 days 15:40:44.208557
7,2021-08-13,colegioeducallis,ef 8o ano,176387,2 days 19:10:47.382016
8,2021-08-13,provaspoliedro,ef 8o ano,176437,0 days 20:00:29.583827
9,2021-08-13,provaspoliedro,ef 8o ano,176439,2 days 01:29:23.841356
10,2021-08-13,integradaeducativa,ef 8o ano,176585,0 days 05:42:09.499537
11,2021-08-13,colegiobetelbrasileirosp,ef 8o ano,176655,0 days 01:56:38.973791
12,2021-08-13,crescercampinas,ef 9o ano,176409,0 days 12:18:39.569573
13,2021-08-13,colegioeducallis,ef 9o ano,176443,2 days 08:49:54.605007
14,2021-08-13,provaspoliedro,ef 9o ano,176455,0 days 05:43:18.566403
15,2021-08-13,provaspoliedro,ef 9o ano,176465,0 days 08:42:52.261488
16,2021-08-13,provaspoliedro,ef 9o ano,176469,1 days 23:49:05.713016
17,2021-08-13,provaspoliedro,ef 9o ano,176480,0 days 07:49:19.453383
18,2021-08-13,provaspoliedro,ef 9o ano,176482,0 days 07:27:43.718456
19,2021-08-13,provaspoliedro,ef 9o ano,176483,1 days 06:29:47.440310
20,2021-08-13,colegioeducallis,ef 9o ano,176499,4 days 15:09:52.114337
21,2021-08-13,provaspoliedro,ef 9o ano,176514,0 days 21:33:46.863650
22,2021-08-13,colegioglobal,ef 9o ano,176530,0 days 01:31:57.928892
23,2021-08-13,amadeus,ef 9o ano,176537,15 days 13:53:23.363648
24,2021-08-13,eccos,ef 9o ano,176599,0 days 10:07:42.537908
25,2021-08-13,colegioeducallis,em 1a serie,176618,1 days 03:13:49.167142
26,2021-08-13,spdacruz,em 1a serie,176640,0 days 01:40:29.851689
27,2021-08-13,ceespacolivre,em 2a serie,176498,1 days 07:45:56.196224
28,2021-08-13,integradaeducativa,em 2a serie,176589,0 days 20:47:28.079278
29,2021-08-13,spdacruz,em 2a serie,176636,0 days 01:48:43.563203
30,2021-08-13,integradaeducativa,em 2a serie,176651,0 days 11:51:50.059089
31,2021-08-13,spdacruz,em 2a serie,176669,0 days 00:36:43.250138
32,2021-08-13,spdacruz,em 2a serie,176671,0 days 02:31:19.842330
33,2021-08-13,spdacruz,em 3a serie,176654,0 days 00:51:48.289153
34,2021-08-13,spdacruz,em 3a serie,176687,0 days 00:28:55.394065
35,2021-08-13,spdacruz,em 3a serie,176691,0 days 02:06:22.092817
0,2021-08-14,colegiofuturageracao,ef 4o ano,176714,0 days 01:43:18.945725
1,2021-08-14,colegiofuturageracao,ef 4o ano,176835,0 days 03:36:57.236566
2,2021-08-14,colegiofuturageracao,ef 4o ano,176882,0 days 00:40:43.770087
3,2021-08-14,portinari,ef 5o ano,176720,0 days 00:35:03.461130
4,2021-08-14,colegiofuturageracao,ef 5o ano,176730,0 days 00:00:36.903367
5,2021-08-14,colegiofuturageracao,ef 5o ano,176874,0 days 00:06:01.474333
6,2021-08-14,colegiofuturageracao,ef 5o ano,176889,0 days 00:08:27.616117
7,2021-08-14,colegiofuturageracao,ef 5o ano,176910,0 days 00:08:36.552108
8,2021-08-14,spdacruz,ef 6o ano,176781,0 days 00:18:57.999894
9,2021-08-14,spdacruz,ef 6o ano,176787,0 days 00:31:56.438912
10,2021-08-14,spdacruz,ef 7o ano,176799,0 days 01:54:13.360827
11,2021-08-14,spdacruz,ef 8o ano,176808,0 days 00:14:05.062719
12,2021-08-14,spdacruz,ef 8o ano,176810,0 days 03:19:41.809844
13,2021-08-14,acessoalmirantetamandare,ef 9o ano,176846,0 days 01:06:06.360122
14,2021-08-14,portinari,ef 9o ano,176847,0 days 00:00:43.576782
15,2021-08-14,acessosjpinhais,ef 9o ano,176857,0 days 00:19:12.419866
16,2021-08-14,ceespacolivre,em 2a serie,176876,0 days 12:24:46.429550
17,2021-08-14,psantagema,em 3a serie,176764,1 days 09:55:11.574085
18,2021-08-14,psantagema,em 3a serie,176925,0 days 05:04:09.567961
0,2021-08-15,aescobjetivo,ef 2o ano,177064,0 days 00:45:06.819695
1,2021-08-15,aescobjetivo,ef 2o ano,177068,0 days 00:37:20.131673
2,2021-08-15,colegiofuturageracao,ef 4o ano,177078,0 days 00:02:01.640134
3,2021-08-15,colegiofuturageracao,ef 4o ano,177107,0 days 00:44:13.255002
4,2021-08-15,colegiofuturageracao,ef 5o ano,177135,0 days 00:07:25.060410
5,2021-08-15,colegioglobal,ef 7o ano,177039,0 days 00:04:28.058833
6,2021-08-15,integradaeducativa,em 2a serie,177024,0 days 01:41:35.099388
7,2021-08-15,ceespacolivre,em 2a serie,177067,1 days 20:41:53.940333
8,2021-08-15,ceespacolivre,em 2a serie,177208,0 days 06:41:33.914470
0,2021-08-16,aescobjetivo,ef 1o ano,177694,0 days 01:58:20.234811
1,2021-08-16,colegioeducallis,ef 2o ano,177284,0 days 01:16:07.447895
2,2021-08-16,aescobjetivo,ef 3o ano,177266,0 days 00:31:11.643383
3,2021-08-16,spdacruz,ef 6o ano,177434,0 days 00:04:18.105683
4,2021-08-16,spdacruz,ef 6o ano,177436,0 days 00:03:01.808203
5,2021-08-16,colegiofuturageracao,ef 6o ano,177666,0 days 00:02:10.785155
6,2021-08-16,ceespacolivre,ef 7o ano,177454,0 days 23:03:11.420230
7,2021-08-16,spdacruz,ef 7o ano,177472,0 days 01:13:14.436074
8,2021-08-16,colegiobatistaindependente,ef 7o ano,177511,0 days 18:08:34.810127
9,2021-08-16,eccos,ef 7o ano,177715,0 days 08:05:45.510710
10,2021-08-16,spdacruz,ef 8o ano,177287,0 days 00:02:36.028214
11,2021-08-16,colegioglobal,ef 8o ano,177319,0 days 02:11:25.574683
12,2021-08-16,spdacruz,ef 8o ano,177395,0 days 00:20:37.412367
13,2021-08-16,stellamarisjuveve,ef 8o ano,177400,0 days 01:14:07.281540
14,2021-08-16,spdacruz,ef 8o ano,177484,0 days 04:55:43.641434
15,2021-08-16,colegiobatistaindependente,ef 8o ano,177517,6 days 23:34:54.677527
16,2021-08-16,spdacruz,ef 8o ano,177615,0 days 01:11:21.492904
17,2021-08-16,colegioglobal,ef 8o ano,177716,0 days 02:34:51.315363
18,2021-08-16,amadeus,ef 9o ano,177321,15 days 12:50:31.932240
19,2021-08-16,amadeus,ef 9o ano,177323,15 days 12:45:27.681988
20,2021-08-16,amadeus,ef 9o ano,177324,15 days 11:38:50.067820
21,2021-08-16,amadeus,ef 9o ano,177325,15 days 11:41:57.283631
22,2021-08-16,provaspoliedro,ef 9o ano,177342,0 days 00:52:12.191651
23,2021-08-16,crb,ef 9o ano,177485,1 days 01:24:00.589135
24,2021-08-16,spdacruz,ef 9o ano,177612,0 days 00:13:16.289981
25,2021-08-16,integradaeducativa,ef 9o ano,177623,0 days 12:28:12.155173
26,2021-08-16,spdacruz,ef 9o ano,177631,1 days 06:16:18.300720
27,2021-08-16,spdacruz,ef 9o ano,177690,0 days 02:47:10.952893
28,2021-08-16,colegioeducallis,em 1a serie,177528,0 days 00:50:49.187561
29,2021-08-16,colegioeducallis,em 1a serie,177546,0 days 03:55:31.066409
30,2021-08-16,ceespacolivre,em 2a serie,177693,1 days 23:58:02.707218
31,2021-08-16,colegiointegral,outro,177489,0 days 19:29:28.079364
0,2021-08-17,magister,ef 5o ano,178110,0 days 00:02:41.195615
1,2021-08-17,colegioglobal,ef 6o ano,177882,0 days 01:54:22.114640
2,2021-08-17,provaspoliedro,ef 6o ano,177947,0 days 09:32:16.249052
3,2021-08-17,educandarioterciocorreia,ef 6o ano,178359,0 days 01:21:02.130312
4,2021-08-17,integradaeducativa,ef 6o ano,178384,0 days 03:35:58.984568
5,2021-08-17,provaspoliedro,ef 7o ano,177961,0 days 10:57:24.517239
6,2021-08-17,ceespacolivre,ef 7o ano,178205,0 days 10:45:32.938466
7,2021-08-17,ceespacolivre,ef 7o ano,178250,0 days 16:38:23.281877
8,2021-08-17,integradaeducativa,ef 7o ano,178395,0 days 00:15:19.399729
9,2021-08-17,ceespacolivre,ef 7o ano,178404,1 days 01:42:55.503147
10,2021-08-17,spdacruz,ef 8o ano,177943,0 days 00:17:07.333774
11,2021-08-17,psantagema,ef 8o ano,178085,0 days 21:38:25.661169
12,2021-08-17,psantagema,ef 8o ano,178090,1 days 22:44:17.844986
13,2021-08-17,colegioalphaunis,ef 8o ano,178121,0 days 00:54:00.314152
14,2021-08-17,colegioglobal,ef 8o ano,178281,0 days 01:12:57.763668
15,2021-08-17,colegioalphaunis,ef 9o ano,178179,0 days 01:34:51.235265
16,2021-08-17,crb,em 1a serie,178169,0 days 23:43:11.792792
17,2021-08-17,colegioeducallis,em 2a serie,177953,0 days 06:04:06.587295
18,2021-08-17,spdacruz,em 2a serie,178378,0 days 00:41:05.237684
19,2021-08-17,spdacruz,em 3a serie,177760,0 days 00:05:31.875255
20,2021-08-17,psantagema,em 3a serie,177887,0 days 21:03:31.654927
21,2021-08-17,spdacruz,em 3a serie,178049,0 days 00:42:32.772833
22,2021-08-17,colegiointegral,outro,178109,0 days 01:38:24.237360
23,2021-08-17,colegiointegral,outro,178163,0 days 00:42:11.195159
24,2021-08-17,colegiointegral,outro,178171,0 days 01:38:04.779142
25,2021-08-17,colegiodasamericas,outro,178184,0 days 04:15:22.179167
26,2021-08-17,colegiodasamericas,outro,178188,-5 days +22:39:46.194609
27,2021-08-17,colegiointegral,outro,178297,0 days 01:43:42.344099
0,2021-08-18,magister,ef 3o ano,178718,-1 days +23:07:43.737217
1,2021-08-18,portinari,ef 4o ano,178847,0 days 00:01:06.343778
2,2021-08-18,crescercampinas,ef 6o ano,178843,0 days 11:32:47.433573
3,2021-08-18,crescercampinas,ef 6o ano,178857,2 days 09:56:32.472486
4,2021-08-18,crescercampinas,ef 7o ano,178767,0 days 19:21:18.133811
5,2021-08-18,colegioeducallis,ef 7o ano,178878,0 days 03:11:44.518485
6,2021-08-18,colegiofuturageracao,ef 8o ano,178521,0 days 00:13:08.667724
7,2021-08-18,provaspoliedro,ef 8o ano,178820,0 days 02:08:09.918834
8,2021-08-18,colegioalphaunis,ef 8o ano,179032,0 days 01:50:52.605960
9,2021-08-18,villalobos,ef 9o ano,178577,0 days 06:20:13.653120
10,2021-08-18,villalobos,ef 9o ano,178726,0 days 14:28:08.487072
11,2021-08-18,crescercampinas,ef 9o ano,178846,1 days 15:08:50.129633
12,2021-08-18,invictus,em 1a serie,178461,0 days 19:44:49.183424
13,2021-08-18,villalobos,em 1a serie,178579,0 days 20:14:24.863393
14,2021-08-18,villalobos,em 1a serie,178580,0 days 10:58:05.812133
15,2021-08-18,spdacruz,em 1a serie,178695,0 days 21:33:06.082259
16,2021-08-18,villalobos,em 1a serie,178732,0 days 00:02:51.290365
17,2021-08-18,spdacruz,em 1a serie,179045,0 days 01:33:22.084156
18,2021-08-18,colegioeducallis,em 2a serie,178449,0 days 03:09:45.237948
19,2021-08-18,invictus,em 2a serie,178459,0 days 20:27:31.593263
20,2021-08-18,spdacruz,em 2a serie,178558,0 days 00:21:51.958483
21,2021-08-18,spdacruz,em 2a serie,178560,0 days 04:08:20.850588
22,2021-08-18,provaspoliedro,em 2a serie,178671,4 days 01:25:17.806028
23,2021-08-18,integradaeducativa,em 2a serie,178694,0 days 00:14:07.154882
24,2021-08-18,spdacruz,em 2a serie,178703,0 days 08:36:01.388717
25,2021-08-18,psantagema,em 3a serie,178912,0 days 07:07:36.734072
26,2021-08-18,spdacruz,em 3a serie,179001,0 days 10:41:40.571269
27,2021-08-18,colegiointegral,outro,178837,0 days 04:44:31.845245
28,2021-08-18,colegiointegral,outro,178962,0 days 01:39:27.000950
29,2021-08-18,colegiointegral,outro,179039,0 days 04:53:42.933285
0,2021-08-19,colegioeducallis,ef 4o ano,179336,0 days 16:30:44.118163
1,2021-08-19,acessohauer,ef 5o ano,179212,0 days 00:36:14.425896
2,2021-08-19,acessohauer,ef 5o ano,179259,0 days 01:18:04.317933
3,2021-08-19,acessocampolargokids,ef 5o ano,179261,-1 days +23:21:27.661970
4,2021-08-19,crescercampinas,ef 6o ano,179098,0 days 11:59:03.449176
5,2021-08-19,acessoalmirantetamandare,ef 6o ano,179243,0 days 01:52:56.133463
6,2021-08-19,crescercampinas,ef 6o ano,179547,0 days 10:02:59.292414
7,2021-08-19,eccos,ef 7o ano,179140,0 days 10:20:15.581834
8,2021-08-19,acessocampolargo,ef 7o ano,179246,0 days 01:00:41.967943
9,2021-08-19,acessoalmirantetamandare,ef 7o ano,179248,0 days 01:33:48.675263
10,2021-08-19,acessohauer,ef 7o ano,179249,0 days 00:36:15.866912
11,2021-08-19,acessosjpinhais,ef 7o ano,179266,0 days 00:10:24.597832
12,2021-08-19,acessohauer,ef 7o ano,179267,0 days 01:42:55.296434
13,2021-08-19,progressaoig,ef 7o ano,179327,0 days 00:12:01.434861
14,2021-08-19,eccos,ef 8o ano,179116,1 days 04:01:41.527092
15,2021-08-19,acessocampolargo,ef 8o ano,179253,0 days 01:08:45.673430
16,2021-08-19,colegioglobal,ef 8o ano,179407,0 days 00:03:04.062287
17,2021-08-19,colegioalphaunis,ef 8o ano,179451,0 days 02:28:04.644355
18,2021-08-19,provaspoliedro,ef 8o ano,179463,0 days 04:02:15.924790
19,2021-08-19,provaspoliedro,ef 8o ano,179489,0 days 10:50:00.147827
20,2021-08-19,provaspoliedro,ef 8o ano,179506,0 days 05:09:08.456381
21,2021-08-19,provaspoliedro,ef 8o ano,179516,0 days 05:07:44.946802
22,2021-08-19,provaspoliedro,ef 8o ano,179520,0 days 01:12:37.286262
23,2021-08-19,colegioalphaunis,ef 8o ano,179551,0 days 01:07:22.157373
24,2021-08-19,colegiointegral,ef 8o ano,179576,0 days 05:27:17.380227
25,2021-08-19,colegioglobal,ef 9o ano,179323,0 days 00:00:36.208655
26,2021-08-19,provaspoliedro,ef 9o ano,179468,0 days 10:33:17.142014
27,2021-08-19,provaspoliedro,ef 9o ano,179484,0 days 07:07:44.302301
28,2021-08-19,colegiointegral,ef 9o ano,179573,1 days 08:10:50.761661
29,2021-08-19,integradaeducativa,em 2a serie,179066,0 days 12:16:26.990161
30,2021-08-19,spdacruz,em 3a serie,179314,0 days 01:32:47.476698
31,2021-08-19,spdacruz,em 3a serie,179414,0 days 01:51:43.800912
32,2021-08-19,spdacruz,em 3a serie,179416,0 days 01:23:02.226427
33,2021-08-19,spdacruz,em 3a serie,179419,0 days 08:36:28.238495
34,2021-08-19,progressaodc,em 3a serie,179548,0 days 03:52:58.576567
35,2021-08-19,colegiointegral,outro,179047,0 days 05:48:16.414090
36,2021-08-19,provaspoliedro,outro,179330,0 days 04:14:06.992925
37,2021-08-19,provaspoliedro,outro,179338,0 days 08:17:10.030110
38,2021-08-19,provaspoliedro,outro,179351,1 days 09:11:15.445428
39,2021-08-19,provaspoliedro,outro,179361,0 days 18:48:47.115200
0,2021-08-20,educandarioterciocorreia,ef 5o ano,179665,-1 days +23:21:39.605344
1,2021-08-20,integradaeducativa,ef 6o ano,179813,1 days 22:34:16.160814
2,2021-08-20,colegioglobal,ef 6o ano,179997,0 days 01:29:02.303750
3,2021-08-20,provaspoliedro,ef 8o ano,179831,0 days 02:26:50.494978
4,2021-08-20,provaspoliedro,ef 8o ano,179845,0 days 12:09:13.670526
5,2021-08-20,provaspoliedro,ef 8o ano,179855,0 days 02:59:36.797043
6,2021-08-20,provaspoliedro,ef 9o ano,179868,0 days 04:52:54.080244
7,2021-08-20,spdacruz,ef 9o ano,179877,0 days 01:02:22.850355
8,2021-08-20,spdacruz,ef 9o ano,179925,0 days 01:07:45.068838
9,2021-08-20,spdacruz,ef 9o ano,179926,0 days 01:02:40.420486
10,2021-08-20,spdacruz,ef 9o ano,179931,0 days 20:14:59.065298
11,2021-08-20,colegiointegral,ef 9o ano,180102,0 days 07:40:27.926671
12,2021-08-20,colegioglobal,em 2a serie,180108,0 days 03:01:38.404896
13,2021-08-20,provaspoliedro,outro,179872,1 days 03:41:41.249263
0,2021-08-21,ciadosaber,ef 6o ano,180260,0 days 20:21:35.009736
1,2021-08-21,spdacruz,ef 6o ano,180344,0 days 00:09:54.797248
2,2021-08-21,spdacruz,ef 6o ano,180346,-1 days +23:31:47.524126
3,2021-08-21,spdacruz,ef 6o ano,180348,0 days 05:53:30.020832
4,2021-08-21,spdacruz,ef 7o ano,180339,0 days 02:25:40.919292
5,2021-08-21,colegiointegral,ef 8o ano,180451,0 days 00:56:38.125206
6,2021-08-21,villalobos,em 1a serie,180350,0 days 00:08:09.840808
0,2021-08-22,portinari,ef 5o ano,180740,0 days 00:48:02.810697
1,2021-08-22,santoamerico,ef 6o ano,180489,0 days 00:05:03.471360
2,2021-08-22,santoamerico,ef 6o ano,180496,0 days 00:21:15.181125
3,2021-08-22,spdacruz,ef 6o ano,180547,0 days 00:00:25.786895
4,2021-08-22,progressaoig,ef 6o ano,180573,0 days 00:39:18.050543
5,2021-08-22,eccos,ef 6o ano,180610,0 days 20:19:21.563473
6,2021-08-22,santoamerico,ef 7o ano,180503,0 days 01:21:52.618591
7,2021-08-22,santoamerico,ef 7o ano,180506,-1 days +23:48:56.683428
8,2021-08-22,progressaoig,ef 7o ano,180552,0 days 00:32:19.933499
9,2021-08-22,ceespacolivre,ef 7o ano,180616,0 days 07:35:42.614351
10,2021-08-22,colegiobatistaindependente,ef 7o ano,180688,0 days 02:43:50.107758
11,2021-08-22,eccos,ef 9o ano,180581,0 days 20:29:08.540960
12,2021-08-22,colegiofuturageracao,ef 9o ano,180655,0 days 00:01:24.348631
13,2021-08-22,portinari,ef 9o ano,180686,-1 days +23:55:32.590812
14,2021-08-22,colegiobetelbrasileirosp,em 1a serie,180671,0 days 09:37:56.236609
15,2021-08-22,colegiobetelbrasileirosp,em 2a serie,180689,0 days 04:57:29.924409
16,2021-08-22,ceespacolivre,em 2a serie,180727,0 days 05:16:01.583236
17,2021-08-22,colegiobetelbrasileirosp,em 3a serie,180707,1 days 13:07:13.747508
0,2021-08-23,eccos,ef 5o ano,181218,0 days 00:16:48.304782
1,2021-08-23,integradaeducativa,ef 6o ano,180818,0 days 00:06:39.673776
2,2021-08-23,colegioeducallis,ef 6o ano,180931,0 days 00:01:39.649845
3,2021-08-23,provaspoliedro,ef 6o ano,181129,0 days 00:07:55.110776
4,2021-08-23,colegiobilac,ef 6o ano,181242,0 days 01:06:08.605099
5,2021-08-23,integradaeducativa,ef 7o ano,180765,0 days 01:42:54.631664
6,2021-08-23,eccos,ef 7o ano,181133,0 days 00:07:54.513970
7,2021-08-23,provaspoliedro,ef 7o ano,181145,0 days 00:06:24.948189
8,2021-08-23,colegiobatistaindependente,ef 7o ano,181181,-1 days +23:58:21.725919
9,2021-08-23,colegioeducallis,ef 8o ano,180966,0 days 01:05:23.703380
10,2021-08-23,stellamarisjuveve,ef 8o ano,181112,0 days 00:16:22.567781
11,2021-08-23,colegiobatistaindependente,ef 8o ano,181185,-1 days +23:49:31.356632
12,2021-08-23,spdacruz,ef 9o ano,180837,0 days 03:13:53.047386
13,2021-08-23,colegioeducallis,ef 9o ano,181013,0 days 00:23:25.374817
14,2021-08-23,colegioeducallis,ef 9o ano,181020,0 days 00:41:01.928118
15,2021-08-23,colegiobatistaindependente,ef 9o ano,181192,-1 days +23:59:38.477932
16,2021-08-23,colegiointegral,outro,180828,0 days 05:12:48.912938
0,2021-08-24,eccos,ef 3o ano,181568,0 days 21:16:23.758541
1,2021-08-24,santoamerico,ef 6o ano,181479,0 days 00:26:56.544900
2,2021-08-24,colegiobatistaindependente,ef 7o ano,181406,0 days 00:11:43.483699
3,2021-08-24,colegioglobal,ef 7o ano,181408,0 days 01:23:57.406112
4,2021-08-24,eccos,ef 7o ano,181806,0 days 00:16:06.492702
5,2021-08-24,colegioeducallis,ef 8o ano,181595,0 days 17:59:02.068470
6,2021-08-24,provaspoliedro,ef 8o ano,181688,0 days 09:30:53.788827
7,2021-08-24,provaspoliedro,ef 8o ano,181693,0 days 04:31:26.323664
8,2021-08-24,provaspoliedro,ef 8o ano,181697,0 days 02:47:33.732073
9,2021-08-24,psantagema,ef 8o ano,181732,0 days 02:25:58.121544
10,2021-08-24,provaspoliedro,ef 9o ano,181736,0 days 04:07:39.875489
11,2021-08-24,colegioflamingo,em 1a serie,181400,0 days 03:12:11.438373
12,2021-08-24,colegioflamingo,em 1a serie,181402,0 days 01:28:49.636603
13,2021-08-24,colegiobetelbrasileirosp,em 1a serie,181714,0 days 14:13:01.509634
14,2021-08-24,colegioglobal,em 2a serie,181410,0 days 02:58:48.637053
15,2021-08-24,colegioglobal,em 2a serie,181427,0 days 01:32:51.795009
16,2021-08-24,colegiobetelbrasileirosp,em 2a serie,181720,0 days 14:27:12.326328
17,2021-08-24,colegiobetelbrasileirosp,em 3a serie,181725,1 days 05:12:00.648327
18,2021-08-24,provaspoliedro,outro,181484,1 days 04:10:44.622697
0,2021-08-25,colegioglobal,ef 3o ano,182338,-1 days +23:36:12.371414
1,2021-08-25,colegioeducallis,ef 3o ano,182396,0 days 00:12:38.651923
2,2021-08-25,colegioeducallis,ef 4o ano,182195,0 days 04:45:59.952028
3,2021-08-25,eccos,ef 6o ano,182272,0 days 05:25:48.754262
4,2021-08-25,provaspoliedro,ef 6o ano,182350,0 days 01:32:29.156743
5,2021-08-25,provaspoliedro,ef 6o ano,182357,0 days 02:23:56.629042
6,2021-08-25,colegiobatistaindependente,ef 7o ano,182016,0 days 00:00:01.250939
7,2021-08-25,colegiointegral,ef 7o ano,182221,0 days 07:06:22.256312
8,2021-08-25,colegioglobal,ef 7o ano,182279,0 days 02:15:11.999145
9,2021-08-25,provaspoliedro,ef 7o ano,182290,1 days 06:05:47.701445
10,2021-08-25,provaspoliedro,ef 7o ano,182360,0 days 00:22:14.248989
11,2021-08-25,provaspoliedro,ef 7o ano,182361,0 days 02:46:46.226316
12,2021-08-25,colegiofuturageracao,ef 7o ano,182452,0 days 01:35:03.215245
13,2021-08-25,colegiobatistaindependente,ef 8o ano,182135,0 days 04:31:09.230522
14,2021-08-25,colegiofuturageracao,ef 8o ano,182443,-1 days +23:58:24.008978
15,2021-08-25,colegioglobal,ef 9o ano,181869,0 days 00:34:13.496121
16,2021-08-25,eccos,ef 9o ano,182047,0 days 00:47:36.213027
17,2021-08-25,provaspoliedro,ef 9o ano,182102,0 days 01:09:31.651630
18,2021-08-25,eccos,ef 9o ano,182121,0 days 00:20:12.219178
19,2021-08-25,eccos,ef 9o ano,182136,-1 days +23:36:41.293190
20,2021-08-25,colegiobatistaindependente,ef 9o ano,182196,0 days 00:03:03.121996
21,2021-08-25,provaspoliedro,ef 9o ano,182274,1 days 00:54:42.580199
22,2021-08-25,colegioalphaunis,ef 9o ano,182414,0 days 00:02:49.506340
23,2021-08-25,colegioeducallis,em 2a serie,182081,0 days 02:22:54.699148
24,2021-08-25,colegioeducallis,em 2a serie,182083,0 days 01:14:02.077454
25,2021-08-25,ceespacolivre,em 2a serie,182156,0 days 06:20:46.384873
26,2021-08-25,ceespacolivre,em 2a serie,182301,0 days 11:11:20.754486
0,2021-08-26,eccos,ef 3o ano,183027,0 days 07:52:34.057263
1,2021-08-26,acessohauer,ef 5o ano,182585,0 days 00:36:33.003824
2,2021-08-26,acessohauer,ef 5o ano,182608,0 days 00:33:49.091877
3,2021-08-26,acessocampolargokids,ef 5o ano,182609,0 days 00:01:35.502204
4,2021-08-26,acessoalmirantetamandare,ef 6o ano,182590,0 days 00:58:25.080462
5,2021-08-26,crescercampinas,ef 6o ano,182769,0 days 09:49:03.662955
6,2021-08-26,eccos,ef 7o ano,182518,0 days 00:33:25.062659
7,2021-08-26,provaspoliedro,ef 7o ano,182562,0 days 01:55:02.786041
8,2021-08-26,acessocampolargo,ef 7o ano,182597,0 days 00:18:33.316964
9,2021-08-26,acessohauer,ef 7o ano,182598,0 days 00:20:41.514411
10,2021-08-26,acessohauer,ef 7o ano,182615,0 days 00:46:31.555324
11,2021-08-26,eccos,ef 7o ano,182952,0 days 01:09:32.122258
12,2021-08-26,provaspoliedro,ef 8o ano,182904,0 days 01:17:31.634823
13,2021-08-26,colegioglobal,ef 9o ano,182503,0 days 01:06:19.917715
14,2021-08-26,eccos,ef 9o ano,182811,-1 days +23:52:37.813352
0,2021-08-27,colegioglobal,ef 6o ano,183063,0 days 03:04:32.571852
1,2021-08-27,provaspoliedro,ef 8o ano,183207,0 days 00:13:00.820301
2,2021-08-27,provaspoliedro,ef 8o ano,183246,0 days 15:20:20.275867
3,2021-08-27,provaspoliedro,ef 8o ano,183252,0 days 00:56:27.928017
4,2021-08-27,provaspoliedro,ef 8o ano,183266,0 days 05:03:21.566135
5,2021-08-27,colegioeducallis,ef 9o ano,183164,0 days 23:29:18.097237
6,2021-08-27,provaspoliedro,ef 9o ano,183225,0 days 00:36:43.662914
7,2021-08-27,provaspoliedro,ef 9o ano,183281,0 days 03:06:20.663038
8,2021-08-27,provaspoliedro,ef 9o ano,183354,0 days 02:12:21.136153
9,2021-08-27,provaspoliedro,ef 9o ano,183357,0 days 15:20:37.933220
10,2021-08-27,provaspoliedro,ef 9o ano,183361,0 days 15:05:43.773235
11,2021-08-27,provaspoliedro,ef 9o ano,183363,0 days 04:55:30.443751
12,2021-08-27,provaspoliedro,ef 9o ano,183369,0 days 07:15:20.932074
13,2021-08-27,colegioeducallis,em 2a serie,183199,1 days 00:38:34.253754
0,2021-08-28,colegiocb,ef 8o ano,183600,-1 days +23:59:19.435364
1,2021-08-28,colegiocb,ef 9o ano,183488,0 days 00:00:15.576417
0,2021-08-29,colegioeducallis,ef 3o ano,183819,0 days 00:58:53.863908
1,2021-08-29,colegiocb,ef 6o ano,183716,0 days 00:01:43.162882
2,2021-08-29,colegiocb,ef 8o ano,183742,-1 days +23:55:22.598495
3,2021-08-29,colegiocb,ef 9o ano,183843,0 days 01:40:27.987840
0,2021-08-30,provaspoliedro,ef 7o ano,184077,0 days 00:19:32.054838
1,2021-08-30,provaspoliedro,ef 7o ano,184109,0 days 00:19:58.087123
2,2021-08-30,colegiobatistaindependente,ef 7o ano,184369,-1 days +23:59:48.225951
3,2021-08-30,colegiocb,em 2a serie,183890,0 days 00:15:59.707206
4,2021-08-30,colegiocb,em 2a serie,183893,0 days 01:31:17.596530
5,2021-08-30,ceespacolivre,em 2a serie,184299,0 days 05:30:06.084224
0,2021-08-31,colegiojoaopaulo,ef 4o ano,184380,0 days 00:17:09.882848
1,2021-08-31,progressaoig,ef 7o ano,184407,0 days 03:55:03.846200
2,2021-08-31,provaspoliedro,ef 7o ano,184658,0 days 01:02:22.197067
3,2021-08-31,colegiocb,em 3a serie,184676,0 days 01:21:58.057523
4,2021-08-31,colegiocb,em 3a serie,184692,0 days 02:01:28.318193
0,2021-09-01,colegiojoaopaulo,ef 4o ano,185463,0 days 00:06:58.471740
1,2021-09-01,eccos,ef 6o ano,185141,0 days 01:22:59.626672
2,2021-09-01,colegiocb,ef 7o ano,185216,0 days 00:40:02.945964
3,2021-09-01,colegiofuturageracao,ef 9o ano,184973,0 days 00:42:26.596622
0,2021-09-02,maplebearslz,ef 4o ano,185814,0 days 00:20:17.358237
1,2021-09-02,colegioeducallis,ef 4o ano,185995,0 days 03:27:59.041734
2,2021-09-02,colegiofuturageracao,ef 7o ano,185586,0 days 02:32:11.272330
