,namespace,Unnamed: 0,Porcentagem de administradores que visualizaram relat√≥rios de AD
0,dommga,1,1.0
1,porto,4,0.75
2,beityaacov,3,0.6666666666666666
3,jardimsaopaulo,3,0.6666666666666666
4,colegiocb,4,0.5
5,equipe,2,0.5
6,ismart,3,0.3333333333333333
7,saberviver,3,0.3333333333333333
8,institutoeurofarma,7,0.2857142857142857
9,aescobjetivo,19,0.2631578947368421
10,ceabb,4,0.25
11,colegioalphaunis,4,0.25
12,francobrasileiro,4,0.25
13,colegiomundial,9,0.2222222222222222
14,colegionovageracao,5,0.2
15,colegiobilac,5,0.2
16,magister,16,0.1875
17,ceespacolivre,6,0.16666666666666666
18,physicscidadenova,32,0.15625
19,santoamerico,7,0.14285714285714285
20,colegioflamingo,7,0.14285714285714285
21,souhabilis,7,0.14285714285714285
22,colegioglobal,8,0.125
23,physicsconselheirofurtado,26,0.11538461538461539
24,physicsalcindocacela,26,0.11538461538461539
25,spdacruz,9,0.1111111111111111
26,physicsumarizal,27,0.1111111111111111
27,sas,36,0.1111111111111111
28,physicsalmirantebarroso,45,0.1111111111111111
29,portinari,36,0.1111111111111111
30,stellamarisjuveve,38,0.10526315789473684
31,acessoalmirantetamandare,29,0.10344827586206896
32,acessopinhais,30,0.1
33,eccos,11,0.09090909090909091
34,acessosantafelicidade,34,0.08823529411764706
35,physicsmacapa,23,0.08695652173913043
36,master,93,0.08602150537634409
37,casdinhosjc,36,0.08333333333333333
38,universitariolondrina,49,0.08163265306122448
39,colegioarena,16,0.0625
40,colegioplanck,16,0.0625
41,acessoboqueirao,34,0.058823529411764705
42,alpha,21,0.047619047619047616
43,elitecuritibaemilianoperneta,22,0.045454545454545456
44,stellamarisaguaverde,22,0.045454545454545456
45,colegiosete,22,0.045454545454545456
46,overjoaopessoa,23,0.043478260869565216
47,contemporaneocidadeverde,24,0.041666666666666664
48,contemporaneolagoanova,26,0.038461538461538464
49,acessofazendariogrande,30,0.03333333333333333
50,overabelcabral,30,0.03333333333333333
51,acessocampolargo,30,0.03333333333333333
52,colegiobrasilia,35,0.02857142857142857
53,crb,295,0.013559322033898305
54,novotempo,112,0.008928571428571428
55,luminaedu,2,0.0
56,maanaim,1,0.0
57,mariaaugusta,1,0.0
58,lumiere,1,0.0
59,lumen,3,0.0
60,marciliopires,3,0.0
61,luizgonzaga,48,0.0
62,marcosfreitas,2,0.0
63,lucasmadsen,1,0.0
64,lourencofilho,1,0.0
65,lourdinascg,1,0.0
66,losango,1,0.0
67,macbrasiliaint,2,0.0
68,maplebearslz,17,0.0
69,machadodeassispicos,3,0.0
70,mackenziebrasilia,4,0.0
71,marcelinasbotucatu,1,0.0
72,manoelqueiroz,11,0.0
73,manoelpereira,1,0.0
74,manoelmarcelino,11,0.0
75,marcelochumer,1,0.0
76,manoelfrancisco,9,0.0
77,manoelbernardino,12,0.0
78,manoelbatista,11,0.0
79,magnumagostiniano,4,0.0
80,magnum,2,0.0
81,magno,4,0.0
82,magna,5,0.0
83,logicareforcoescolar,1,0.0
84,maper,2,0.0
85,madretereza,2,0.0
86,madresavina,1,0.0
87,macvest,30,0.0
88,mackenzietambore,9,0.0
89,mackenziesaopaulo,17,0.0
90,magma,1,0.0
91,abb,1,0.0
92,llesser,1,0.0
93,juarezwanderley,3,0.0
94,labatualidades,1,0.0
95,kzdireitodigital,1,0.0
96,kuadro,3,0.0
97,kl3,3,0.0
98,kiujo,1,0.0
99,kijuj,1,0.0
100,kidsbaby,2,0.0
101,khanacademy,1,0.0
102,kerygma,1,0.0
103,kepler,1,0.0
104,juntos,2,0.0
105,jpathias,1,0.0
106,livreaprender,1,0.0
107,josesoares,3,0.0
108,josepinheiro,12,0.0
109,josemelo,5,0.0
110,josemariano,2,0.0
111,josehumbertoborges,3,0.0
112,joseflorencio,2,0.0
113,josecesario,1,0.0
114,josecabral,2,0.0
115,joracycruz,1,0.0
116,joaoxxiii,15,0.0
117,joaosampaio,49,0.0
118,laboratoriosromildo,2,0.0
119,lagracia,1,0.0
120,lamark,1,0.0
121,lapiseartes,2,0.0
122,liviasoares,2,0.0
123,liviacarneiro,10,0.0
124,litteratus,5,0.0
125,linkandlearn,3,0.0
126,lighthouse,2,0.0
127,liessinbarra,3,0.0
128,liessin,4,0.0
129,liderasas,2,0.0
130,lidera,9,0.0
131,mariacarmo,14,0.0
132,liceujardim,10,0.0
133,liceufranco,1,0.0
134,libanobrasileiro,2,0.0
135,lerote,2,0.0
136,lepetitsp,2,0.0
137,leonor,1,0.0
138,leme,1,0.0
139,lealecarvalho,2,0.0
140,lavraguedes,2,0.0
141,lasallesp,3,0.0
142,lasalledores,7,0.0
143,lasalleaguasclaras,1,0.0
144,lapisnamao,1,0.0
145,liceusalesiano,1,0.0
146,masterbezerra,3,0.0
147,mariaeunice,49,0.0
148,novavisao,2,0.0
149,novadimensao,3,0.0
150,novaalianca,4,0.0
151,nova,2,0.0
152,notredame,4,0.0
153,nossasenhoradesion,2,0.0
154,nilip,1,0.0
155,nihongogakkou,1,0.0
156,nextgestor,1,0.0
157,newtonpaiva,1,0.0
158,nesfa,3,0.0
159,nep,3,0.0
160,necicem,2,0.0
161,navegasas,3,0.0
162,naia,1,0.0
163,nageljewishacademy,1,0.0
164,mutiraodesaomarcos,1,0.0
165,murilorocha,49,0.0
166,mupi,1,0.0
167,mundoencantado,1,0.0
168,mundodeplatao,4,0.0
169,mundialfranciscobeltrao,6,0.0
170,mundialcc,2,0.0
171,msofia,2,0.0
172,novaepoca,1,0.0
173,novoemlasalle,1,0.0
174,mov,2,0.0
175,novooriente,1,0.0
176,objetivoteresina,2,0.0
177,objetivosorocaba,1,0.0
178,objetivosjc,1,0.0
179,objetivoportal,1,0.0
180,objetivolorena,19,0.0
181,objetivohortolandia,2,0.0
182,objetivogurupi,1,0.0
183,objetivoguaxupe,2,0.0
184,objetivocentro,2,0.0
185,objetivoamericana,5,0.0
186,nuvemvoadora,2,0.0
187,nucleopva,2,0.0
188,nucleocriativo,4,0.0
189,nucleo,4,0.0
190,nucec,3,0.0
191,nsressureicao,1,0.0
192,nsgloria,4,0.0
193,nsfatima,48,0.0
194,nsdosagradocoracao,2,0.0
195,nsdasneves,1,0.0
196,nsdasgracas,2,0.0
197,nsconceicao,3,0.0
198,nsaparecida,1,0.0
199,msetemporario,2,0.0
200,motivacao,2,0.0
201,marialaura,49,0.0
202,medcel,2,0.0
203,maxime,2,0.0
204,maxeducacional,1,0.0
205,matriz,18,0.0
206,mathmind,3,0.0
207,materdei,2,0.0
208,materamabilis,3,0.0
209,mastersul,3,0.0
210,mastersolucoes,10,0.0
211,masternatal,3,0.0
212,joaopedrodealmeida,2,0.0
213,marqueslima,1,0.0
214,marketing,1,0.0
215,maristajoaopauloii,2,0.0
216,maristadomsilverio,11,0.0
217,maristacolatina,1,0.0
218,maristacentronorte,1,0.0
219,marinanascimento,1,0.0
220,mariliamattoso,24,0.0
221,mariaolinda,48,0.0
222,marianair,2,0.0
223,mariamerces,11,0.0
224,marialuiza,2,0.0
225,marialeao,11,0.0
226,mayrink,2,0.0
227,melquiadescamelo,47,0.0
228,motiva,3,0.0
229,meninojesuspe,2,0.0
230,moria,2,0.0
231,moppe,12,0.0
232,montessori,16,0.0
233,montedasoliveiras,4,0.0
234,monsenhorgoncalo,50,0.0
235,monsenhorfrancisco,48,0.0
236,moniquebarreto,2,0.0
237,mocinhagomes,9,0.0
238,mobile,3,0.0
239,moaciralves,49,0.0
240,mls,2,0.0
241,miraflores,2,0.0
242,minhalista,3,0.0
243,milhaense,1,0.0
244,migueldecervantes,4,0.0
245,mfecursos,4,0.0
246,metodocerto,6,0.0
247,metodistadosul,1,0.0
248,meta,11,0.0
249,mestrezecaamancio,1,0.0
250,mestre,1,0.0
251,mesalva,6,0.0
252,mentoring,2,0.0
253,joaorosa,47,0.0
254,ivantotola,1,0.0
255,joaolyrafilho,1,0.0
256,finalizandabagaca,2,0.0
257,galileugalilei,1,0.0
258,gaga,2,0.0
259,gacc,3,0.0
260,gabrielrtaliuli,1,0.0
261,futuroeducacional,1,0.0
262,fundacaoeducar,8,0.0
263,fundacaobradesco,1,0.0
264,ftec,3,0.0
265,ftd,9,0.0
266,fsjb,2,0.0
267,franciscopinto,9,0.0
268,franciscoperes,48,0.0
269,franciscanopioxii,4,0.0
270,forumcultural,2,0.0
271,formacao,2,0.0
272,fontenova,1,0.0
273,fmu,2,0.0
274,fmit,4,0.0
275,florestasenadorcanedo,2,0.0
276,flordenicedacosta,2,0.0
277,fleming,1,0.0
278,fito,5,0.0
279,fisicamarginal,1,0.0
280,fisicainloco,3,0.0
281,fisicadf,3,0.0
282,galois,3,0.0
283,gamt,7,0.0
284,garra,1,0.0
285,giramundo,2,0.0
286,guilhermefilho,50,0.0
287,guidotti,1,0.0
288,gualberto,1,0.0
289,grupopreve,1,0.0
290,grupoiep,3,0.0
291,grandepasso,4,0.0
292,granbery,1,0.0
293,gracinha,1,0.0
294,goncalomartins,48,0.0
295,gislainerosati,2,0.0
296,girassolcrecheescola,1,0.0
297,ginasiodeeducacaodavinci,3,0.0
298,gaylussac,2,0.0
299,ginasioanchieta,2,0.0
300,gestaodenegocios,1,0.0
301,geraeduca,3,0.0
302,geracaocolegioecurso,2,0.0
303,gerabixo,8,0.0
304,genius,1,0.0
305,genesisstellamaris,1,0.0
306,genesislife,1,0.0
307,genesiscolegioecurso,4,0.0
308,gef,1,0.0
309,gdv,2,0.0
310,fip,1,0.0
311,fiep,2,0.0
312,joaohmendonca,3,0.0
313,fide,1,0.0
314,etaf,1,0.0
315,estudar,1,0.0
316,estreladedavi,3,0.0
317,esteioeducacaoadventista,2,0.0
318,estantemagica,39,0.0
319,estantefix,1,0.0
320,esramada,4,0.0
321,esperoqueestesejaok,2,0.0
322,esperanza,2,0.0
323,especificocn,2,0.0
324,espacolivre,4,0.0
325,espacoeducar,3,0.0
326,espacoamais,3,0.0
327,esmg,2,0.0
328,escreva,2,0.0
329,escolinhacaca,1,0.0
330,escolazeferino,1,0.0
331,escolavitoriaregia,4,0.0
332,escolavida,4,0.0
333,escolatecnicadoimperador,1,0.0
334,escolasoito,1,0.0
335,escolasementesdoamanha,2,0.0
336,escolasapiencia,4,0.0
337,escolasanti,2,0.0
338,escolasantamarta,1,0.0
339,etepsjc,1,0.0
340,etsaomatheus,1,0.0
341,eucorrijo,1,0.0
342,faculdadeamadeus,13,0.0
343,fernaogaivota,1,0.0
344,fepcrato,2,0.0
345,felipemanoelcampos,3,0.0
346,febave,3,0.0
347,fazeducacao,5,0.0
348,fatene,1,0.0
349,fariasbrito,3,0.0
350,faculdadeterranordeste,2,0.0
351,faculdadejaguariuna,1,0.0
352,faculdadeguarai,2,0.0
353,faculdadeflamingo,17,0.0
354,facesp,1,0.0
355,eurekacolegio,2,0.0
356,facens,1,0.0
357,experimentacaogratuita,1,0.0
358,experimentacao,1,0.0
359,exitoinstituto,2,0.0
360,exato,2,0.0
361,evolucao,5,0.0
362,evangelicoce,2,0.0
363,evangelicobetel,4,0.0
364,evangelicobebedouro,2,0.0
365,evangelicagoianesia,5,0.0
366,evangcriancafeliz,4,0.0
367,guroo,1,0.0
368,habilis,1,0.0
369,habilisescolaecurso,3,0.0
370,habillis,1,0.0
371,ipepirai,5,0.0
372,ipeonline,1,0.0
373,ipenilopolis,5,0.0
374,ipemg,5,0.0
375,ipeeducacao,1,0.0
376,ipeccotia,2,0.0
377,ipec,4,0.0
378,ipdhsolucoes,2,0.0
379,ipcf,3,0.0
380,ipcabofrio,4,0.0
381,ipanemanotredame,1,0.0
382,ipae,2,0.0
383,ios,2,0.0
384,invictus,6,0.0
385,intensivaocomalu,1,0.0
386,integraformacoes,4,0.0
387,integradaruibarbosa,2,0.0
388,integradaeducativa,5,0.0
389,integra,14,0.0
390,institutosaojose,1,0.0
391,institutopandavas,2,0.0
392,institutomuda,1,0.0
393,institutomontessori,1,0.0
394,institutomeninodedeus,2,0.0
395,institutomariobragancamg,2,0.0
396,iperesende,3,0.0
397,ipesimonton,5,0.0
398,ipetucurui,5,0.0
399,iter,1,0.0
400,joaoferreira,48,0.0
401,joaobelem,48,0.0
402,jhg,1,0.0
403,jesusmariajose,3,0.0
404,jeanpiaget,2,0.0
405,jeanjacquesrousseau,2,0.0
406,jazzvestibular,2,0.0
407,jam,2,0.0
408,jaimekratz,3,0.0
409,ivv,1,0.0
410,obrasilparacristo,5,0.0
411,itamarati,22,0.0
412,ipi,1,0.0
413,italo,1,0.0
414,ispindorama,2,0.0
415,isemear,7,0.0
416,isem,6,0.0
417,isec,3,0.0
418,isaacnewtonsp,3,0.0
419,iraciveiga,1,0.0
420,iracilvianunes,4,0.0
421,iracemarufino,49,0.0
422,ipresbiterianocf,1,0.0
423,ipirangasesi,2,0.0
424,institutomariaauxiliadora,8,0.0
425,institutokairos,5,0.0
426,institutoideia,10,0.0
427,iceducacao,2,0.0
428,iftmparacatu,1,0.0
429,ifaba,2,0.0
430,iesg,1,0.0
431,iescamp,1,0.0
432,iepam,1,0.0
433,ienh,1,0.0
434,ienec,2,0.0
435,idealsagradocoracaodejesus,1,0.0
436,idealbsb,2,0.0
437,idb,2,0.0
438,idaam,43,0.0
439,ias,1,0.0
440,imaculada,2,0.0
441,iacs,4,0.0
442,iabcd,5,0.0
443,humbertocampos,1,0.0
444,hubeducacional,2,0.0
445,https://colegiomastersp,1,0.0
446,hogwarts,1,0.0
447,highline,12,0.0
448,herciliovilanova,2,0.0
449,harmoniabilingue,1,0.0
450,hamiltondarocha,11,0.0
451,hackiandoaeduc,2,0.0
452,igmk,4,0.0
453,imep,3,0.0
454,institutoeducacionalsuperacao,1,0.0
455,inspiresjc,1,0.0
456,institutoeducacionalflorence,1,0.0
457,institutoeducacionaldeamericana,2,0.0
458,institutoeducacionalanaoliveira,2,0.0
459,institutoeducacaosp,2,0.0
460,institutocristaoma,2,0.0
461,institutocristaoeducacao,1,0.0
462,institutocristao,1,0.0
463,institutocolorir,1,0.0
464,institutocaminhar,7,0.0
465,institutoauxiliadoradf,1,0.0
466,institutoadventus,3,0.0
467,inspire,4,0.0
468,imhpicos,3,0.0
469,inspira,1,0.0
470,insgmacae,3,0.0
471,insef,2,0.0
472,insa,5,0.0
473,inovar,1,0.0
474,ingenious,2,0.0
475,informacao,3,0.0
476,imundoideal,2,0.0
477,implantacao,3,0.0
478,impactofloriano,1,0.0
479,imjedu,1,0.0
480,objetivozonanorte,1,0.0
481,overmossoro,25,0.0
482,oficinadoestudante,22,0.0
483,sesitatuape,1,0.0
484,simuladoenem2016,1,0.0
485,simplificaquepassa,2,0.0
486,simontonsapezal,4,0.0
487,simontondf,2,0.0
488,simonealmeida,1,0.0
489,simbios,16,0.0
490,sigmacursoecolegio,2,0.0
491,sidarta,4,0.0
492,shekinah,3,0.0
493,shalomblumenau,4,0.0
494,sesitaubate,4,0.0
495,sesisumare,4,0.0
496,simulados,1,0.0
497,sesisjdoriopreto,5,0.0
498,sesisjc,1,0.0
499,sesisbc,5,0.0
500,sesisaomigueldooeste,1,0.0
501,sesisaocarlos,4,0.0
502,sesiportoferreira,1,0.0
503,sesipinda,3,0.0
504,sesiparaguacupaulista,4,0.0
505,sesilimeira,1,0.0
506,sesijacarei,3,0.0
507,sesiitatiba,3,0.0
508,simuladoita,12,0.0
509,sincroniza,3,0.0
510,soueducativa,3,0.0
511,smeipebotucatu,4,0.0
512,sonhomeu,1,0.0
513,sonhodecrianca,2,0.0
514,solarcursinho,1,0.0
515,sociedadebread,2,0.0
516,sobral,3,0.0
517,smetatui,2,0.0
518,smerousseau,1,0.0
519,smepresbiterianopprudente,3,0.0
520,smemhorebe,2,0.0
521,smelemeitapeva,7,0.0
522,smeisaacnewton,1,0.0
523,smecristaodecastro,1,0.0
524,singularidades,4,0.0
525,smecolegioevangelicoluz,2,0.0
526,sme,9,0.0
527,smartz,2,0.0
528,sjoseegito,3,0.0
529,sistemaprima,9,0.0
530,sistemamaster,1,0.0
531,sistemaincentivo,13,0.0
532,sistemafb,3,0.0
533,sistemaeducacionalmaster,3,0.0
534,sistemadeensinogpi,1,0.0
535,siqueirafelix,1,0.0
536,sesiipiranga,4,0.0
537,sesiigaracudotiete,5,0.0
538,sesihorto,5,0.0
539,saoluiz,4,0.0
540,secretariadealagoas,2,0.0
541,scoredu,1,0.0
542,saturninopereira,1,0.0
543,saseducacao,30,0.0
544,sasadaptrelatorios,31,0.0
545,sasadaptfund,4,0.0
546,sasadaptem,4,0.0
547,sasadapt,10,0.0
548,sap,7,0.0
549,saosebastiao,2,0.0
550,saoroque,2,0.0
551,saojosecaxiasdosul,2,0.0
552,sesigru,4,0.0
553,saojosecaxias,2,0.0
554,saojoseal,1,0.0
555,saojoaoilhabela,1,0.0
556,saobento,2,0.0
557,santoantoniojesus,1,0.0
558,santoantonio,4,0.0
559,santoamericoteste,3,0.0
560,santoagostinhomg,4,0.0
561,santoagostinholeblon,2,0.0
562,santoagostinho,3,0.0
563,santissimosenhor,3,0.0
564,seculo,1,0.0
565,segurancadigital,1,0.0
566,seletivoeducallis,7,0.0
567,semearjacarei,2,0.0
568,sesigama,3,0.0
569,sesidescalvado,7,0.0
570,sesicruzeiro,5,0.0
571,sesicrixas,1,0.0
572,sesicotia,4,0.0
573,sesicic,1,0.0
574,sesicampinas,4,0.0
575,sesicacapava,3,0.0
576,sesibarrabonita,5,0.0
577,sesiapucarana,2,0.0
578,sesiamericana,10,0.0
579,sesialvaresmachado,4,0.0
580,sesi376,1,0.0
581,sersorocaba,5,0.0
582,serios,2,0.0
583,seomega,2,0.0
584,senninha,4,0.0
585,senhorbonfim,48,0.0
586,senaismo,1,0.0
587,senaiserra,1,0.0
588,senaiourobranco,1,0.0
589,senacsc,1,0.0
590,sementes,1,0.0
591,sosmamaecoruja,1,0.0
592,spe,1,0.0
593,santarita,3,0.0
594,vanessaramos,1,0.0
595,viaquatro,1,0.0
596,viadeacesso,8,0.0
597,vetorbrasil,1,0.0
598,vetor,1,0.0
599,vestibularcidadao,11,0.0
600,vertice,3,0.0
601,veramagaldi,2,0.0
602,veracruz,2,0.0
603,venceslauchaves,3,0.0
604,vencermelhor,3,0.0
605,vcmaker,14,0.0
606,valsaab,1,0.0
607,vieiraeducacional,1,0.0
608,valdemiracoelho,49,0.0
609,vaivaivaivaivai,1,0.0
610,usj,1,0.0
611,ursinhofeliz,3,0.0
612,uri,2,0.0
613,universos,3,0.0
614,universobarcarena,22,0.0
615,universitas,5,0.0
616,universitario,8,0.0
617,universidademetodistasp,1,0.0
618,uninter,4,0.0
619,vicentecravo,9,0.0
620,vieirasantos,2,0.0
621,stellamaris,7,0.0
622,walfridocampos,1,0.0
623,zecarioca,14,0.0
624,zacariasliberato,9,0.0
625,yduqs,3,0.0
626,xvdenovembro,1,0.0
627,www,5,0.0
628,witidiomas,2,0.0
629,wisecash,2,0.0
630,wise,1,0.0
631,wilsondeandradebarreto,1,0.0
632,wererockingitbabe,1,0.0
633,webinars,1,0.0
634,vronlineschool,1,0.0
635,viladainfanciaeusebio,3,0.0
636,vivap,3,0.0
637,vitaldidonet,2,0.0
638,vitalbrazil,3,0.0
639,vitae,6,0.0
640,visaorecife,2,0.0
641,virgempoderosa,3,0.0
642,villalobos,19,0.0
643,vilaolimpia,2,0.0
644,vilagelin,3,0.0
645,viladasletras,1,0.0
646,viladainfanciafortaleza,4,0.0
647,unilan,1,0.0
648,unificado,18,0.0
649,unicursos,1,0.0
650,teofilorezende,1,0.0
651,testeiory,1,0.0
652,testeguilherme,1,0.0
653,testedozeset,1,0.0
654,testedetoken,1,0.0
655,testeconquista,1,0.0
656,teste,6,0.0
657,tesadsajda,1,0.0
658,terezaverzeri,1,0.0
659,terceiromilenio,2,0.0
660,terceiradimensao,1,0.0
661,teotonioneto,4,0.0
662,teles,1,0.0
663,unicep,1,0.0
664,tdd,1,0.0
665,tableautaubate,1,0.0
666,tabernaculo,3,0.0
667,superpasso,1,0.0
668,supergeeks,1,0.0
669,superar,2,0.0
670,suellenenglishteacher,1,0.0
671,suelenenglishteacher,1,0.0
672,studos,1,0.0
673,stone,1,0.0
674,stellamarisxaxim,22,0.0
675,testeonzesetembro,2,0.0
676,testetvveconquista,2,0.0
677,textecnologia,1,0.0
678,tiaanamaria,2,0.0
679,uniaomissnorte,2,0.0
680,unevale,3,0.0
681,unbidiomasjapones,3,0.0
682,umnomequalquer,1,0.0
683,umdoisquatro,1,0.0
684,ultimavezeuespero,1,0.0
685,ulbraconcordia,2,0.0
686,ulbra,4,0.0
687,uirapuru,1,0.0
688,ufrpe,1,0.0
689,tuue,1,0.0
690,tutorio,2,0.0
691,tsukimi,1,0.0
692,trattoatelier,2,0.0
693,topgunverissimo,7,0.0
694,topguncolombo,7,0.0
695,topdelinha,2,0.0
696,tomazdeaquino,2,0.0
697,tomasdeaquino,2,0.0
698,todalicao,2,0.0
699,tiquinhodegente,2,0.0
700,tiathais,3,0.0
701,tialo,2,0.0
702,santenseadventista,1,0.0
703,santanavest,2,0.0
704,oiapoque,1,0.0
705,poiujkl,1,0.0
706,positivojardimambiental,4,0.0
707,positivoboavista,5,0.0
708,positivoaguaverde,5,0.0
709,positivo,2,0.0
710,portoseguro,4,0.0
711,portalsas,2,0.0
712,portalceuaguiar,2,0.0
713,polisguimarania,1,0.0
714,poliedrotreinamento,5,0.0
715,poliedropv,45,0.0
716,poliedro,40,0.0
717,pointedu,1,0.0
718,positivojunior,5,0.0
719,podion,3,0.0
720,pluricrecheescola,2,0.0
721,plurecrecheescola,1,0.0
722,plural,1,0.0
723,pleno,1,0.0
724,playpen,3,0.0
725,plannetataboao,4,0.0
726,plannetaosasco,2,0.0
727,planneta,1,0.0
728,planetaencantado,2,0.0
729,pitagorasjuruti,3,0.0
730,positivojoinville,5,0.0
731,positivomaster,5,0.0
732,prisma,7,0.0
733,presbiterianoaraguaia,1,0.0
734,principedapaz,2,0.0
735,primeiromundo,9,0.0
736,primeirodemaio,5,0.0
737,primeirachance,2,0.0
738,prevest,4,0.0
739,presbpatominas,2,0.0
740,presbjuina,2,0.0
741,presbiterianotatui,4,0.0
742,presbiterianopresidenteprudente,1,0.0
743,presbiterianomacae,2,0.0
744,presbiterianodepiumhi,4,0.0
745,presbiterianajdsaovicente,3,0.0
746,positivoon,4,0.0
747,presbiterianadogama,3,0.0
748,presbiterianacastanheira,3,0.0
749,presbfmc,2,0.0
750,presbericocardoso,2,0.0
751,preparavest,4,0.0
752,preparatec,2,0.0
753,preparacursos,2,0.0
754,potenciacao,1,0.0
755,positivosemeador,5,0.0
756,positivosantamaria,5,0.0
757,positivopassocerto,5,0.0
758,pitagorasjc,1,0.0
759,pitagorascidadejardim,2,0.0
760,piracicabaeducacaoadventista,2,0.0
761,escolasantamaria,3,0.0
762,patriciafreitas,1,0.0
763,patriciafigueiredo,2,0.0
764,parceiros,1,0.0
765,paraisodosaber,1,0.0
766,palmares,2,0.0
767,palasatena,2,0.0
768,padreeustaquio,9,0.0
769,ovquim,2,0.0
770,overzonanorte,23,0.0
771,overpontanegra,25,0.0
772,overnascimentodecastro,26,0.0
773,overmarciliofurtado,25,0.0
774,pioxiicolegio,8,0.0
775,overlimaesilva,20,0.0
776,overcolegioecurso,2,0.0
777,over,7,0.0
778,ouse,4,0.0
779,oswalddeandrade,4,0.0
780,oswald,2,0.0
781,osequim,2,0.0
782,opet,1,0.0
783,ongcidadededeus,2,0.0
784,oliveiranetto,1,0.0
785,olavonunes,2,0.0
786,patronatosaojose,1,0.0
787,paulofreire,2,0.0
788,paulovi,2,0.0
789,pauloviana,9,0.0
790,pioxii,5,0.0
791,pioxi,15,0.0
792,pinheirosonline,2,0.0
793,piemonte,3,0.0
794,physicstrescoracoes,7,0.0
795,physicsbatistacampos,30,0.0
796,physicsaugustomontenegro,21,0.0
797,physics,18,0.0
798,phoenixeducacional,3,0.0
799,pesenglish,16,0.0
800,pertinhodanatureza,1,0.0
801,personalvestibulares,2,0.0
802,peresguimaraes,1,0.0
803,pequenospassos,1,0.0
804,pequenosamuel,4,0.0
805,pentagono,27,0.0
806,pensemac,2,0.0
807,pensecursos,10,0.0
808,pencantado,1,0.0
809,pedromurilo,4,0.0
810,pedrocamelo,48,0.0
811,pearson,2,0.0
812,pcf,1,0.0
813,principius,14,0.0
814,prismapatrocinio,6,0.0
815,santamariacn,1,0.0
816,reges,3,0.0
817,rosadesaron,1,0.0
818,rogeriolourenco,1,0.0
819,rodrigogabrielcursosonline,1,0.0
820,robertomarcal,1,0.0
821,riscorabisco,1,0.0
822,riobrancocampinas,2,0.0
823,ricardowobeto,1,0.0
824,renascer,1,0.0
825,renascenca,2,0.0
826,relacionamento,1,0.0
827,reisalomao,1,0.0
828,reforcotiacoruja,1,0.0
829,ruilima,1,0.0
830,reforcoescolarla,2,0.0
831,redhouse,3,0.0
832,redeprojecao,20,0.0
833,redemarista,1,0.0
834,redeisaacnewton,5,0.0
835,redeinspira,3,0.0
836,redefilhasdejesus,2,0.0
837,redeclarissas,1,0.0
838,redeapogeu,2,0.0
839,rede,2,0.0
840,redacaointerativa,1,0.0
841,ruibarbosa,1,0.0
842,ruthgomesfigueira,4,0.0
843,proa,2,0.0
844,sanar,1,0.0
845,santamaria,2,0.0
846,santamarcelina,2,0.0
847,santaizabel,2,0.0
848,santahelena,1,0.0
849,santagertrudes,1,0.0
850,santadoroteia,5,0.0
851,santacruz,2,0.0
852,santaclara,1,0.0
853,santacatarinaes,3,0.0
854,santaamalia,2,0.0
855,sandraoliveira,2,0.0
856,salinhadogui,1,0.0
857,sabixao,1,0.0
858,salesianodosalvador,2,0.0
859,salesianocampos,1,0.0
860,salesianoaracaju,2,0.0
861,saladeexatas,1,0.0
862,saladacristiane,1,0.0
863,saintmartin,1,0.0
864,saintgobain,3,0.0
865,sagradocoracaodejesus,2,0.0
866,sagradafamilia,3,0.0
867,saedigital,1,0.0
868,saea,2,0.0
869,recriar,2,0.0
870,recreiochristianschool,1,0.0
871,recantointerativo,2,0.0
872,professoraleila,2,0.0
873,projetomoa,1,0.0
874,projetogauss,3,0.0
875,projetodeventoempopa,3,0.0
876,progressaoig,10,0.0
877,progressaoeducacao,1,0.0
878,progressaodc,10,0.0
879,profroberta,1,0.0
880,profluizbilac,1,0.0
881,profilton,1,0.0
882,professormarciodarlen,1,0.0
883,professorgilberto,1,0.0
884,professorale,1,0.0
885,recantodosaber,3,0.0
886,professoragleise,1,0.0
887,professoradechines,1,0.0
888,professor,1,0.0
889,profeduardo,1,0.0
890,profederal,13,0.0
891,profdouglas,1,0.0
892,profdiego,2,0.0
893,profcrisfranco,1,0.0
894,profcelso,1,0.0
895,proens,1,0.0
896,prodteste,9,0.0
897,projetoventoepopa,3,0.0
898,projetovida,12,0.0
899,projetovinteeum,1,0.0
900,propostaatual,2,0.0
901,rcaidiomas,2,0.0
902,raphaeldisanto,4,0.0
903,raphaelaulasparticulares,1,0.0
904,raizeducacao,6,0.0
905,raiodesol,2,0.0
906,raimundoalves,9,0.0
907,radial,1,0.0
908,quimicanadosecerta,1,0.0
909,questoesvitae,1,0.0
910,queroaprender,2,0.0
911,qmdoismildez,1,0.0
912,qi,21,0.0
913,qescola,100,0.0
914,qeducadores,1,0.0
915,purissimo,3,0.0
916,pulamuralha,1,0.0
917,pucsp,2,0.0
918,puccampinas,1,0.0
919,psantagema,6,0.0
920,prudentedemorais,2,0.0
921,providencia,2,0.0
922,provaspoliedro,43,0.0
923,prosperi,1,0.0
924,escolasantamariagoretti,1,0.0
925,escolaparticularmaxime,3,0.0
926,escolasantaclara,2,0.0
927,cfsantoantonio,1,0.0
928,cieb,2,0.0
929,cidadaniaevida,4,0.0
930,cicerofranklin,3,0.0
931,ciadosaber,3,0.0
932,christianschool,4,0.0
933,chegadeficartestando,1,0.0
934,chcardoso,2,0.0
935,charlesdarwin,2,0.0
936,chamberlain,2,0.0
937,challenge,1,0.0
938,chacaravivaavida,1,0.0
939,cfimaculadaconceicao,1,0.0
940,classea,2,0.0
941,cfc,4,0.0
942,cevip,4,0.0
943,cevangelicoagj,2,0.0
944,cetutores,2,0.0
945,ceteb,2,0.0
946,cesimoesfilho,1,0.0
947,cesilvapaiva,1,0.0
948,cesilvamachado,2,0.0
949,cesemeando,5,0.0
950,cesc,3,0.0
951,cesaber,3,0.0
952,ckadima,2,0.0
953,clubedopimpolho,4,0.0
954,cermac,16,0.0
955,cnsl,1,0.0
956,colegio1mundo,2,0.0
957,colbrasileiro,1,0.0
958,colband,11,0.0
959,cognitivo,3,0.0
960,cognita,3,0.0
961,coelgiocardeal,1,0.0
962,cocunidsul,2,0.0
963,cocaraucaria,1,0.0
964,coc,5,0.0
965,cnsr,2,0.0
966,cnslpb,9,0.0
967,cnsd,2,0.0
968,cmariaimaculada,1,0.0
969,cnsco,1,0.0
970,cnscarmo,2,0.0
971,cnsasjc,3,0.0
972,cnn,1,0.0
973,cnecporangatu,2,0.0
974,cnecnovamutum,1,0.0
975,cmsaipiau,4,0.0
976,cmpalmas,2,0.0
977,cmodelo,1,0.0
978,cmdpii,1,0.0
979,cmc,2,0.0
980,certus,4,0.0
981,ceribeirogil,3,0.0
982,colegioabre,14,0.0
983,cemonza,2,0.0
984,centrodeensinosementinhadofuturo,1,0.0
985,centrodeensinomoderno,2,0.0
986,centroarcadenoe,2,0.0
987,centreensinoetreinamento,1,0.0
988,centec,2,0.0
989,censic,4,0.0
990,cenpec,2,0.0
991,cenic,2,0.0
992,cenecistaml,1,0.0
993,cenaza,1,0.0
994,cempacanguaretamarn,1,0.0
995,cemluciamayvore,2,0.0
996,centroeaviv,2,0.0
997,cemj,3,0.0
998,cemaristasaojose,2,0.0
999,cemardf,1,0.0
1000,cemanoelgoncalves,3,0.0
1001,cema,2,0.0
1002,cem,7,0.0
1003,celp,3,0.0
1004,celauracabral,1,0.0
1005,cekerigma,3,0.0
1006,cejosueroberto,1,0.0
1007,ceivanilsoncosta,4,0.0
1008,centrodeensinoserrano,1,0.0
1009,centroedcordeiro,1,0.0
1010,cerecantointerativo,2,0.0
1011,cepaulista,1,0.0
1012,cepvilhena,3,0.0
1013,ceprojetar,3,0.0
1014,ceprimeiromundo,32,0.0
1015,cepresbiterianodebayeux,2,0.0
1016,ceprabotucatu,2,0.0
1017,cepquinzedenovembro,1,0.0
1018,cepotencial,2,0.0
1019,ceportoseguro,3,0.0
1020,cepep,1,0.0
1021,cepe,3,0.0
1022,cepaulofreire,1,0.0
1023,cep,1,0.0
1024,centroeditalva,1,0.0
1025,centrosuperiordetecnologia,2,0.0
1026,centroescolaranamelia,4,0.0
1027,centroedupincelmagico,1,0.0
1028,centroeducacionalsonhodedeus,2,0.0
1029,centroeducacionalmeta,3,0.0
1030,centroeducacionalkolping,2,0.0
1031,centroeducacionalinovacao,1,0.0
1032,centroeducacionalimpar,3,0.0
1033,centroeducacionalbrasileirinho,2,0.0
1034,centroeducacionalaviv,1,0.0
1035,centroeducacionalaprendiz,4,0.0
1036,colegioabgar,2,0.0
1037,colegioadventista,2,0.0
1038,cei,2,0.0
1039,colegiodarwin,1,0.0
1040,colegiodoctum,1,0.0
1041,colegiodivinosalvador,1,0.0
1042,colegiodimensao,2,0.0
1043,colegiodigital,4,0.0
1044,colegiodiaspora,2,0.0
1045,colegiodeovolente,3,0.0
1046,colegiodeltaserrinha,2,0.0
1047,colegiodelta,2,0.0
1048,colegiodelrey,4,0.0
1049,colegiodasamericas,18,0.0
1050,colegiodasagradafamilia,1,0.0
1051,colegiodantealighieri,1,0.0
1052,colegiodompedrosegundo,1,0.0
1053,colegiodante,1,0.0
1054,colegiocristaopr,1,0.0
1055,colegiocristaomoc,1,0.0
1056,colegiocristaoaquas,2,0.0
1057,colegiocriativo,5,0.0
1058,colegiocriancaecia,2,0.0
1059,colegiocrescer,5,0.0
1060,colegiocpm,6,0.0
1061,colegioconexaosaber,1,0.0
1062,colegioconexao,1,0.0
1063,colegiocognos,33,0.0
1064,colegiodombosco,1,0.0
1065,colegiodosalvador,9,0.0
1066,colegioclarassoti,2,0.0
1067,colegioelshadday,1,0.0
1068,colegioexponencial,1,0.0
1069,colegioexatus,2,0.0
1070,colegioevoluir,3,0.0
1071,colegioevolucaoce,1,0.0
1072,colegioeverest,8,0.0
1073,colegioestrutural,3,0.0
1074,colegioesmeraldas,2,0.0
1075,colegioequipeba,3,0.0
1076,colegioequipe,1,0.0
1077,colegioensitec,5,0.0
1078,colegioenergiaativa,1,0.0
1079,colegioelshadai,2,0.0
1080,colegiodosjesuitas,2,0.0
1081,colegioelo,2,0.0
1082,colegioeducare,2,0.0
1083,colegioeducallis,27,0.0
1084,colegioeduardomarques,2,0.0
1085,colegioedsonmonteiro,4,0.0
1086,colegioecursoprogressao,14,0.0
1087,colegioecursomeninojesus,2,0.0
1088,colegioecursomagma,2,0.0
1089,colegioecursodesafio,18,0.0
1090,colegioeccos,2,0.0
1091,colegioeag,7,0.0
1092,colegiocoesi,2,0.0
1093,colegiockids,2,0.0
1094,colegioadventus,2,0.0
1095,colegioanchietai,4,0.0
1096,colegioassembleiadedeus,1,0.0
1097,colegioasas,1,0.0
1098,colegioarturferreira,1,0.0
1099,colegioarca,1,0.0
1100,colegioaprendiz,1,0.0
1101,colegioapoiomg,5,0.0
1102,colegioapogeu,1,0.0
1103,colegioantoninaramos,2,0.0
1104,colegioanisio,2,0.0
1105,colegioanglomorumbi,2,0.0
1106,colegioanchietaii,4,0.0
1107,colegioanaliafranco,2,0.0
1108,colegioatheneu,1,0.0
1109,colegioamparosurubim,3,0.0
1110,colegioamericana,1,0.0
1111,colegioalvaromelo,6,0.0
1112,colegioalub,3,0.0
1113,colegioalternativo,2,0.0
1114,colegioalexandra,2,0.0
1115,colegioalbertsabin,2,0.0
1116,colegioalberteinsten,1,0.0
1117,colegioalberteinstein,7,0.0
1118,colegioaguiabelojardim,2,0.0
1119,colegioages,2,0.0
1120,colegioathena,2,0.0
1121,colegioatibaia,1,0.0
1122,colegiocepe,1,0.0
1123,colegiobianguloiv,3,0.0
1124,colegiocenecistamarica,2,0.0
1125,colegioceman,2,0.0
1126,colegiocebrapi,4,0.0
1127,colegiocatamara,2,0.0
1128,colegiocastelosp,2,0.0
1129,colegiocastelodosaber,1,0.0
1130,colegiocastelo,5,0.0
1131,colegiocarbonell,1,0.0
1132,colegiocanarinho,3,0.0
1133,colegiocaetano,2,0.0
1134,colegioboasnovas,2,0.0
1135,colegiobiangulo,4,0.0
1136,colegioatitude,1,0.0
1137,colegiobetelbrasileirosp,10,0.0
1138,colegiobatistavr,2,0.0
1139,colegiobatistamineiro,6,0.0
1140,colegiobatistaindependente,3,0.0
1141,colegiobatistadesantarem,3,0.0
1142,colegiobatistadepalmas,1,0.0
1143,colegiobatistadeipiau,2,0.0
1144,colegiobaraodemaua,3,0.0
1145,colegiobal,4,0.0
1146,colegioavanco,2,0.0
1147,colegioauxiliadora,3,0.0
1148,ceitaipaiva,1,0.0
1149,cegetsemani,6,0.0
1150,escolasantacatarina,2,0.0
1151,anyway,1,0.0
1152,apogeuparademinas,5,0.0
1153,apogeunovohorizonte,7,0.0
1154,apogeumbcursos,6,0.0
1155,apogeudivinopolis,5,0.0
1156,apogeucemap,5,0.0
1157,apogeubenfica,6,0.0
1158,apogeuarcoiris,5,0.0
1159,apogeu,97,0.0
1160,aog,1,0.0
1161,aocubovestibular,1,0.0
1162,aocubo,14,0.0
1163,antoniovieira,1,0.0
1164,apogeupousoalegre,6,0.0
1165,antonioportela,2,0.0
1166,antoniomelo,49,0.0
1167,antoniolima,49,0.0
1168,antoniocesar,2,0.0
1169,antoniairene,48,0.0
1170,antaresseisbocas,25,0.0
1171,antaressantosdumont,24,0.0
1172,antarespraiadeiracema,29,0.0
1173,antarespapicu,29,0.0
1174,antaresjardins,25,0.0
1175,antaresirmamaria,27,0.0
1176,apogeupiaget,5,0.0
1177,apogeustoantonio1,5,0.0
1178,antaresbarbosadefreitas,25,0.0
1179,arp,2,0.0
1180,atuall,1,0.0
1181,atmo,3,0.0
1182,ativaaprendizagem,1,0.0
1183,ateneulondrina,2,0.0
1184,assisbrasil,2,0.0
1185,asjiu,1,0.0
1186,asdfghfdsa,1,0.0
1187,asario,2,0.0
1188,arturtavares,12,0.0
1189,arturferreira,2,0.0
1190,arquidiocesano,1,0.0
1191,arlindocavalcanti,4,0.0
1192,apogeustoantonio2,26,0.0
1193,aridesa,2,0.0
1194,arena,2,0.0
1195,arco,10,0.0
1196,arcadenoe,2,0.0
1197,arbosscs,1,0.0
1198,arbos,1,0.0
1199,aprovest,4,0.0
1200,aprendemesmo,1,0.0
1201,aprendaquimica,4,0.0
1202,apotec,5,0.0
1203,apogeuuba,5,0.0
1204,antaresfatima,26,0.0
1205,anossaatmosfera,1,0.0
1206,aurora,1,0.0
1207,acessoemilianoperneta,11,0.0
1208,aees,2,0.0
1209,aeai,2,0.0
1210,adventus,2,0.0
1211,adventistacaxias,1,0.0
1212,adrianochan,13,0.0
1213,adilsonfranco,1,0.0
1214,adeajuda,2,0.0
1215,acqio,2,0.0
1216,acessosjpinhais,19,0.0
1217,acessoportao,11,0.0
1218,acessohauer,23,0.0
1219,acessocampolargokids,18,0.0
1220,agathos,2,0.0
1221,acessocampolardo,1,0.0
1222,acessoapogeu,5,0.0
1223,acesso,24,0.0
1224,academicgeek,1,0.0
1225,academiadasespecificas,2,0.0
1226,academiacrista,1,0.0
1227,academiaboaviagem,3,0.0
1228,academia,1,0.0
1229,abm,7,0.0
1230,abiliomartins,49,0.0
1231,abgarrenault,1,0.0
1232,agape,3,0.0
1233,agoramath,1,0.0
1234,animalnaopercebe,1,0.0
1235,alura,3,0.0
1236,anima,2,0.0
1237,anglojacarei,5,0.0
1238,anglocassianoricardo,8,0.0
1239,anchietaba,2,0.0
1240,anchieta,11,0.0
1241,analise,1,0.0
1242,americanobatistadapraiadacosta,1,0.0
1243,amaisteste,8,0.0
1244,amaismaker,1,0.0
1245,amais,100,0.0
1246,amadeus,38,0.0
1247,alternativocursoecolegio,2,0.0
1248,agostiniano,1,0.0
1249,alpheurosa,1,0.0
1250,alphaacompanhamento,2,0.0
1251,almirantebarroso,1,0.0
1252,alfeurosa,5,0.0
1253,alferomendes,1,0.0
1254,alfacembilingue,2,0.0
1255,albertsabin,2,0.0
1256,albertocabral,2,0.0
1257,akmaestra,1,0.0
1258,ahuscao,1,0.0
1259,aguiasdosaber,1,0.0
1260,augustolaranja,3,0.0
1261,autores,1,0.0
1262,cefa,1,0.0
1263,castroalves,1,0.0
1264,cbpalmas,4,0.0
1265,cbic,2,0.0
1266,cbbrasileiro,2,0.0
1267,cbatistanovasiao,2,0.0
1268,cbas,2,0.0
1269,cav,2,0.0
1270,caur,3,0.0
1271,cats,2,0.0
1272,catolica,1,0.0
1273,catarinense,3,0.0
1274,catamaravita,3,0.0
1275,castelodeeducacao,3,0.0
1276,ccdivitoriaregia,2,0.0
1277,castelinhodosaber,1,0.0
1278,casdvest,35,0.0
1279,cascavelense,1,0.0
1280,carpediem,1,0.0
1281,carlospicaza,2,0.0
1282,cardealarcoverde,2,0.0
1283,cappta,5,0.0
1284,capellakids,4,0.0
1285,capacitacaoinspira,12,0.0
1286,canalrevisao,2,0.0
1287,campossalles,18,0.0
1288,cbpdigital,12,0.0
1289,cce,1,0.0
1290,camp,3,0.0
1291,cebeijaflor,2,0.0
1292,ceescolita,3,0.0
1293,cedecisivo,1,0.0
1294,cedac,5,0.0
1295,cecharlesdarwin,1,0.0
1296,cecgama,3,0.0
1297,cecenecista,1,0.0
1298,ceccataguases,1,0.0
1299,cecbdf,1,0.0
1300,cecb,2,0.0
1301,cebnsa,3,0.0
1302,cebnossasenhoraaparecida,3,0.0
1303,ceasf,2,0.0
1304,cci,5,0.0
1305,cearacruz,2,0.0
1306,ceantoniocarlosmagalhaes,1,0.0
1307,ceantenorreis,2,0.0
1308,cealegriadesaber,1,0.0
1309,ceac,2,0.0
1310,cdi,8,0.0
1311,cdf,3,0.0
1312,cct,3,0.0
1313,ccserrinha,2,0.0
1314,ccpa,1,0.0
1315,ccncertificadora,2,0.0
1316,campeia,1,0.0
1317,camerinocursos,1,0.0
1318,auxiliadorarj,2,0.0
1319,batistadaprimeira,2,0.0
1320,benjaminconstant,3,0.0
1321,batistavistaalegre,5,0.0
1322,batistashalon,4,0.0
1323,batistasaovicente,2,0.0
1324,batistasantosdumont,2,0.0
1325,batistariopretense,5,0.0
1326,batistaregular,2,0.0
1327,batistanovasiao,5,0.0
1328,batistamaranata,5,0.0
1329,batistaindependente,5,0.0
1330,batistaibicui,4,0.0
1331,batistaburitis,1,0.0
1332,berlaar,1,0.0
1333,batistaagnusdei,4,0.0
1334,barradevbarranull,1,0.0
1335,barraazul,3,0.0
1336,barquinhodepapeldf,2,0.0
1337,baraodemaua,4,0.0
1338,bancodequestoesgratuito,1,0.0
1339,bancodequestoes,7,0.0
1340,bahema,2,0.0
1341,babyhouse,3,0.0
1342,babycamp,1,0.0
1343,avaliacaoapogeu,32,0.0
1344,benjamitacardona,13,0.0
1345,bernardosayao,12,0.0
1346,cam,7,0.0
1347,bosquemananciais,2,0.0
1348,calculo2,2,0.0
1349,cadern,1,0.0
1350,cacbab,1,0.0
1351,c7s,8,0.0
1352,buser,2,0.0
1353,bumerangeprofissoes,1,0.0
1354,buddys,2,0.0
1355,brasilsoft,1,0.0
1356,brasilcursinhos,17,0.0
1357,bragaenglish,1,0.0
1358,bozano,3,0.0
1359,borgesamorim,1,0.0
1360,bertelsmann,19,0.0
1361,borapassar,5,0.0
1362,bonfim,1,0.0
1363,bondienglish,1,0.0
1364,boaviagem,26,0.0
1365,blumenaucoc,1,0.0
1366,blueschooleducacional,3,0.0
1367,biologiaprofluis,1,0.0
1368,biologiabarauna,1,0.0
1369,bilac,1,0.0
1370,betuel,1,0.0
1371,betesda,4,0.0
1372,colegioexpressao,4,0.0
1373,colegiofarroupilha,3,0.0
1374,colegiofato,1,0.0
1375,edhumbertodecampos,3,0.0
1376,educandario,3,0.0
1377,educamob,4,0.0
1378,educamais,63,0.0
1379,educallesser,1,0.0
1380,educacionalsemear,6,0.0
1381,educacional,7,0.0
1382,educacaoinfantilsemear,2,0.0
1383,edlauravicuna,1,0.0
1384,edivancalixto,2,0.0
1385,editoracristaevangelica,2,0.0
1386,edificandogeracoes,4,0.0
1387,ecompo,3,0.0
1388,educandariogoncalvesdearaujo,3,0.0
1389,ecml,4,0.0
1390,ecatuparticipacoes,2,0.0
1391,ecaminhodosanjos,2,0.0
1392,eblighthouse,2,0.0
1393,ebei,4,0.0
1394,ebcd,3,0.0
1395,ebatistadeipiau,1,0.0
1396,earcadenoe,2,0.0
1397,eajam,1,0.0
1398,eag,3,0.0
1399,eadcmm,1,0.0
1400,educandariodosaber,2,0.0
1401,educandarionospassosdejesus,2,0.0
1402,eacorcovado,4,0.0
1403,eeheitor,1,0.0
1404,elev,3,0.0
1405,eletron,3,0.0
1406,eldapereira,48,0.0
1407,ejjg,2,0.0
1408,einsteinassis,16,0.0
1409,eicoracaodemaria,1,0.0
1410,egocg,2,0.0
1411,efaculdades,1,0.0
1412,eepensareagir,3,0.0
1413,eemariahelenadasilva,1,0.0
1414,eemanaus,2,0.0
1415,eeemba,2,0.0
1416,educandarioterciocorreia,3,0.0
1417,eeejds,1,0.0
1418,eeagm,1,0.0
1419,eeacg,3,0.0
1420,eduqualis,3,0.0
1421,eduqo,1,0.0
1422,educglauberrocha,1,0.0
1423,educativasaocarlos,1,0.0
1424,educarse,2,0.0
1425,educardpaschoal,1,0.0
1426,educaprime,2,0.0
1427,educandusilha,6,0.0
1428,eacs,3,0.0
1429,eabsf,1,0.0
1430,eliteemilianoperneta,7,0.0
1431,cursoequacao,3,0.0
1432,dbosco,5,0.0
1433,darwinvilavelha,3,0.0
1434,darwin,10,0.0
1435,dantealighieri,4,0.0
1436,dante,5,0.0
1437,cursosazambuja,13,0.0
1438,cursoprogressao,57,0.0
1439,cursologhus,1,0.0
1440,cursoleopoldo,3,0.0
1441,cursoisfera,4,0.0
1442,cursofap,1,0.0
1443,cursoenfase,21,0.0
1444,delta,1,0.0
1445,cursocn,2,0.0
1446,cursoclaudiomuniz,1,0.0
1447,cursobase,5,0.0
1448,cursoacre,3,0.0
1449,cursinhoines,1,0.0
1450,cursinhoeach,1,0.0
1451,culturainglesa,113,0.0
1452,ctem,7,0.0
1453,ctbmsa,1,0.0
1454,csvp,3,0.0
1455,cssg,3,0.0
1456,dcc,1,0.0
1457,deltaeducacional,5,0.0
1458,e24h,3,0.0
1459,domboscogru,1,0.0
1460,duquecastilho,5,0.0
1461,duque,2,0.0
1462,dsjujy,1,0.0
1463,dpaschoal,1,0.0
1464,dorothea,2,0.0
1465,domus,16,0.0
1466,dominusprincipius,1,0.0
1467,dominiusprincipius,3,0.0
1468,dominius,21,0.0
1469,domhelder,11,0.0
1470,domboscoos,1,0.0
1471,dombosco,5,0.0
1472,descomplica,1,0.0
1473,dom,1,0.0
1474,dokimos,5,0.0
1475,dlp,1,0.0
1476,djanirapereira,2,0.0
1477,djangogirls,1,0.0
1478,discere,2,0.0
1479,dionysia,3,0.0
1480,dimensaopa,1,0.0
1481,dimensao,1,0.0
1482,dialeticacursos,7,0.0
1483,devry,4,0.0
1484,elitecuritiba,22,0.0
1485,eliza,1,0.0
1486,colegiofenix,4,0.0
1487,escolagovernadorluiz,1,0.0
1488,escolajoaocalvino,2,0.0
1489,escolajardimdasnacoes,2,0.0
1490,escolainternacionalgoiania,1,0.0
1491,escolainternacional,2,0.0
1492,escolainovacao,1,0.0
1493,escolainewton,2,0.0
1494,escolaimpacto,8,0.0
1495,escolaidaam,2,0.0
1496,escolahwallon,2,0.0
1497,escolagregorio,2,0.0
1498,escolagpc,2,0.0
1499,escolagenesisbrejo,2,0.0
1500,escolajoseflorencio,1,0.0
1501,escolagenesis,2,0.0
1502,escolagappe,1,0.0
1503,escolaformacao,4,0.0
1504,escolafamiliaagricula,2,0.0
1505,escolaespacoeducacao,1,0.0
1506,escolaesfera,1,0.0
1507,escolaeducativa,1,0.0
1508,escolaeboasnovas,6,0.0
1509,escoladomingossavio,5,0.0
1510,escoladofuturo,2,0.0
1511,escoladinamicaiturama,1,0.0
1512,escolajoseamerico,1,0.0
1513,escolakadima,4,0.0
1514,escoladauri,1,0.0
1515,escolapaulofreire,1,0.0
1516,escolargf,1,0.0
1517,escolarealeza,1,0.0
1518,escolaraulpilla,2,0.0
1519,escolaraiodeluz,1,0.0
1520,escolaprofessorxavier,1,0.0
1521,escolapresblp,2,0.0
1522,escolapresbiterianadecanal,4,0.0
1523,escolapresb,4,0.0
1524,escolapppp,2,0.0
1525,escolaporprincipios,4,0.0
1526,escolapmundo,1,0.0
1527,abdiasmartins,50,0.0
1528,escolakodomo,2,0.0
1529,escolaolavonunes,2,0.0
1530,escolanormal,2,0.0
1531,escolanie,1,0.0
1532,escolamonza,2,0.0
1533,escolamonteirolobato,2,0.0
1534,escolamodelada,1,0.0
1535,escolamobile,1,0.0
1536,escolamaster,4,0.0
1537,escolamaritel,2,0.0
1538,escolamariabernarda,3,0.0
1539,escolaleticiateixeira,1,0.0
1540,escoladeimpacto,3,0.0
1541,escolacristorei,2,0.0
1542,eloeducacional,1,0.0
1543,englishclub,1,0.0
1544,equiperecife,3,0.0
1545,equipepontenova,2,0.0
1546,equipea,2,0.0
1547,equalizar,1,0.0
1548,eokiko,2,0.0
1549,entendabncc,1,0.0
1550,ensinoteclondrina,1,0.0
1551,ensinarbrasil,1,0.0
1552,ensinando,18,0.0
1553,ensinamais,2,0.0
1554,enovoalvo,2,0.0
1555,englishclass,2,0.0
1556,eremamaurydemedeiros,1,0.0
1557,engenhomoscou,11,0.0
1558,energiaativa,2,0.0
1559,enec,1,0.0
1560,emsaopedro,2,0.0
1561,emiliaferreiro,1,0.0
1562,emgovernadorleonelbrizola,2,0.0
1563,emefmaria,1,0.0
1564,emece,2,0.0
1565,embaixadores,15,0.0
1566,elvirabrandao,2,0.0
1567,eluneonline,2,0.0
1568,erasmobraga,3,0.0
1569,escola,1,0.0
1570,escolacristasumare,5,0.0
1571,escolaceciliameireles,5,0.0
1572,escolacristanavarzea,3,0.0
1573,escolacristal,2,0.0
1574,escolacristaempiedade,2,0.0
1575,escolacristaemaldeia,2,0.0
1576,escolacristacandeias,1,0.0
1577,escolacristaboaviagem,1,0.0
1578,escolacristaba,5,0.0
1579,escolacrescimento,1,0.0
1580,escolaceuazul,3,0.0
1581,escolacenesitaml,1,0.0
1582,escolacemepe,5,0.0
1583,escolacastroalves,1,0.0
1584,escolaagnusdei,2,0.0
1585,escolacastelokids,2,0.0
1586,escolacastanheiras,7,0.0
1587,escolabezerrademenezes,2,0.0
1588,escolabetuel,3,0.0
1589,escolabemmequer,3,0.0
1590,escolabedelandia,3,0.0
1591,escolabatistacriativa,1,0.0
1592,escolaarcasp,2,0.0
1593,escolaalpha,11,0.0
1594,escolaalencar,1,0.0
1595,escolaalecrim,1,0.0
1596,csmabh,2,0.0
1597,csjcanguaretamarn,1,0.0
1598,cscgo,2,0.0
1599,colegiometropolitan,4,0.0
1600,colegionobre,2,0.0
1601,colegionazareth,3,0.0
1602,colegionatureza,2,0.0
1603,colegiomundoideal,1,0.0
1604,colegiomotiva,2,0.0
1605,colegiomontessori,2,0.0
1606,colegiomontesclaros,4,0.0
1607,colegiomonjolo,4,0.0
1608,colegiomodulo,4,0.0
1609,colegiomodelo,4,0.0
1610,colegiomilitardompedroii,2,0.0
1611,colegiomeninojesus,2,0.0
1612,colegionotadez,1,0.0
1613,colegiomenezesesousa,2,0.0
1614,colegiomauriciosalles,2,0.0
1615,colegiomastersp,6,0.0
1616,colegiomasternatal,1,0.0
1617,colegiomaster,6,0.0
1618,colegiomartinus,2,0.0
1619,colegiomarthafalcao,2,0.0
1620,colegiomaristaparanaense,1,0.0
1621,colegiomarilia,6,0.0
1622,colegiomariahelena,2,0.0
1623,colegiomargirus,1,0.0
1624,colegionossasenhoradelourdes,1,0.0
1625,colegionovopatio,6,0.0
1626,colegiomarcioseno,3,0.0
1627,colegiopremium,6,0.0
1628,colegiorainhadobrasil,3,0.0
1629,colegioradar,1,0.0
1630,colegioquadrangular,2,0.0
1631,colegiopurissimo,11,0.0
1632,colegiopurificacao,2,0.0
1633,colegioprogresso,2,0.0
1634,colegioprimeiromundo,4,0.0
1635,colegioprevejau,1,0.0
1636,colegiopresbiterianosimonton,2,0.0
1637,colegiopresbiterianobras,2,0.0
1638,colegiopremiumgentil,3,0.0
1639,colegioportadosol,2,0.0
1640,colegioobjetivosorocaba,1,0.0
1641,colegioplus,3,0.0
1642,colegiopitagoraspe,7,0.0
1643,colegiopetropolis,1,0.0
1644,colegiopel,4,0.0
1645,colegiopassionista,6,0.0
1646,colegiopalmares,2,0.0
1647,colegiopadreeustaquio,2,0.0
1648,colegiootacilio,3,0.0
1649,colegioomega,2,0.0
1650,colegioodysseus,3,0.0
1651,colegioocteto,2,0.0
1652,colegiomarcondes,3,0.0
1653,colegiomagnum,32,0.0
1654,cscatarina,2,0.0
1655,colegiograciosa,2,0.0
1656,colegioincomar,1,0.0
1657,colegioinaci,1,0.0
1658,colegioimperial,2,0.0
1659,colegioiguatemy,12,0.0
1660,colegioidealbrasilia,2,0.0
1661,colegioideal,1,0.0
1662,colegiohelyos,2,0.0
1663,colegiohelioalonso,3,0.0
1664,colegiohbc,2,0.0
1665,colegioguilhermedealmeida,14,0.0
1666,colegiogradual,2,0.0
1667,colegiogracilianoramos,2,0.0
1668,colegiointegral,52,0.0
1669,colegiogibran,1,0.0
1670,colegiogetsemani,1,0.0
1671,colegiogarra,2,0.0
1672,colegiogamaliel,2,0.0
1673,colegiogalileu,7,0.0
1674,colegiofuturope,2,0.0
1675,colegiofuturomg,3,0.0
1676,colegiofuturageracao,4,0.0
1677,colegiofriburgo,1,0.0
1678,colegiofredericoozanam,1,0.0
1679,colegiofranciscanoreginapacis,2,0.0
1680,colegiointegracaoonline,1,0.0
1681,colegiointegralsolar,3,0.0
1682,colegiomagno,2,0.0
1683,colegiolemeitapeva,1,0.0
1684,colegiomadrededeus,1,0.0
1685,colegiolumiar,2,0.0
1686,colegioluizacora,3,0.0
1687,colegioloyola,2,0.0
1688,colegiolouveira,1,0.0
1689,colegiolobato,3,0.0
1690,colegiolimanogueira,2,0.0
1691,colegioliliental,2,0.0
1692,colegiolider,2,0.0
1693,colegioliceujardim,3,0.0
1694,colegioliceu,3,0.0
1695,colegiolegado,4,0.0
1696,colegiointensivo,4,0.0
1697,colegiolebiste,3,0.0
1698,colegiolasalleaguasclaras,2,0.0
1699,colegiolamarck,5,0.0
1700,colegiojosealencar,1,0.0
1701,colegiojoliveira,1,0.0
1702,colegiojoaopaulo,30,0.0
1703,colegiojk,3,0.0
1704,colegioitamarati,2,0.0
1705,colegioitalo,1,0.0
1706,colegioirmamariele,2,0.0
1707,colegioipe,5,0.0
1708,colegioraiodesol,3,0.0
1709,colegiorgf,4,0.0
1710,colegioriobranco,1,0.0
1711,conexao,2,0.0
1712,conteudos,1,0.0
1713,contemporaneo,4,0.0
1714,contec,4,0.0
1715,consepe,1,0.0
1716,conradochaves,48,0.0
1717,conosquinho,1,0.0
1718,conosco,1,0.0
1719,conib,2,0.0
1720,conhecereducacional,4,0.0
1721,confessionalmonza,2,0.0
1722,conexaosaber,6,0.0
1723,concordia,1,0.0
1724,cooedita,1,0.0
1725,comeniusuberaba,2,0.0
1726,comenius,1,0.0
1727,colsaojose,1,0.0
1728,colsantamaria,2,0.0
1729,colsantacatarina,1,0.0
1730,colsaberviver,1,0.0
1731,colprogressao,3,0.0
1732,coloniadosaber,4,0.0
1733,coleguium,1,0.0
1734,colegiozerohum,1,0.0
1735,colegiozenite,4,0.0
1736,conteudos6,1,0.0
1737,cooeduc,2,0.0
1738,colegiorodriguesdias,2,0.0
1739,cristadecuritiba,2,0.0
1740,csasp,1,0.0
1741,csaci,1,0.0
1742,csa,2,0.0
1743,cs,2,0.0
1744,cruzesousa,3,0.0
1745,cruzeiro,2,0.0
1746,crlicaoevida,1,0.0
1747,cristoreimarau,4,0.0
1748,cristaonovavida,2,0.0
1749,cristaodapenha,5,0.0
1750,cristaoantenorthomazi,5,0.0
1751,criancaesperanca,48,0.0
1752,coopeccaetite,3,0.0
1753,crescercampinas,14,0.0
1754,crecei,3,0.0
1755,cpvc,2,0.0
1756,cpv,1,0.0
1757,cpresbsp,1,0.0
1758,cpchamberlain,2,0.0
1759,cpcentenario,6,0.0
1760,cparaiso,2,0.0
1761,cotemig,14,0.0
1762,coopermundi,6,0.0
1763,coopenriopreto,2,0.0
1764,colegiovivopiracicaba,3,0.0
1765,colegiovitoriaregia,1,0.0
1766,colegiovitoria,3,0.0
1767,colegiosantamaria,1,0.0
1768,colegiosaoluis,2,0.0
1769,colegiosaolucas,1,0.0
1770,colegiosaojudas,2,0.0
1771,colegiosaojose,2,0.0
1772,colegiosaocarlos,2,0.0
1773,colegiosantotomasdeaquino,1,0.0
1774,colegiosantoandre,3,0.0
1775,colegiosantateresinha,2,0.0
1776,colegiosantanapr,1,0.0
1777,colegiosantamonicalimoeiro,2,0.0
1778,colegiosantamariaminas,2,0.0
1779,colegiosantamarcelina,1,0.0
1780,colegioveiga,2,0.0
1781,colegiosantaesmeralda,1,0.0
1782,colegiosantadoroteia,4,0.0
1783,colegiosantaclara,2,0.0
1784,colegiosantacecilia,2,0.0
1785,colegiosantacatarina,2,0.0
1786,colegiosantaangela,1,0.0
1787,colegiosaloni,2,0.0
1788,colegiosalesianorn,3,0.0
1789,colegiosagradocoracaobvp,1,0.0
1790,colegiosagradafamilia,3,0.0
1791,colegiosaberviver,1,0.0
1792,colegiosaomateus,1,0.0
1793,colegiosaomiguel,2,0.0
1794,colegiosaosalvador,1,0.0
1795,colegioseal,1,0.0
1796,colegiovalparaiso,3,0.0
1797,colegioup,8,0.0
1798,colegiouniverso,34,0.0
1799,colegiouniversitario,6,0.0
1800,colegiounirs,1,0.0
1801,colegiounidadejardim,11,0.0
1802,colegiouneouro,2,0.0
1803,colegiouirapuru,15,0.0
1804,colegiotravessia,3,0.0
1805,colegioteleyos,2,0.0
1806,colegiotelesmourabrasil,1,0.0
1807,colegiotelescastelao,3,0.0
1808,colegiosuzart,5,0.0
1809,colegiosussurana,4,0.0
1810,colegiosupremodaamazonia,2,0.0
1811,colegiosp,2,0.0
1812,colegiosincrona,2,0.0
1813,colegiosiglan,7,0.0
1814,colegioshalom,3,0.0
1815,colegioserecrescer,2,0.0
1816,colegioser,4,0.0
1817,colegiosepp,3,0.0
1818,colegiosenes,2,0.0
1819,zoe,1,0.0
