,namespace,Semana,Porcentagem de relat√≥rios de AA visualizados por docente
0,acessoalmirantetamandare,23,1.0
1,acessoalmirantetamandare,24,0.9523809523809523
2,acessoalmirantetamandare,25,1.0
3,acessoalmirantetamandare,26,1.0
4,acessoalmirantetamandare,27,0.9333333333333333
5,acessoalmirantetamandare,31,1.0
6,acessoalmirantetamandare,32,0.875
7,acessoalmirantetamandare,33,0.6
8,acessoalmirantetamandare,34,0.75
9,acessoalmirantetamandare,35,0.14285714285714285
10,acessoboqueirao,25,1.0
11,acessoboqueirao,29,1.0
12,acessoboqueirao,30,1.0
13,acessoboqueirao,31,1.0
14,acessoboqueirao,32,1.0
15,acessoboqueirao,33,1.0
16,acessoboqueirao,34,1.0
17,acessoboqueirao,35,1.0
18,acessocampolargo,24,1.0
19,acessocampolargo,25,0.5
20,acessocampolargo,26,1.0
21,acessocampolargo,32,0.0
22,acessocampolargo,35,1.0
23,acessocampolargokids,23,1.0
24,acessocampolargokids,24,1.0
25,acessocampolargokids,25,1.0
26,acessocampolargokids,26,1.0
27,acessocampolargokids,27,1.0
28,acessocampolargokids,31,1.0
29,acessocampolargokids,32,1.0
30,acessocampolargokids,33,1.0
31,acessocampolargokids,34,0.5
32,acessocampolargokids,35,0.0
33,acessofazendariogrande,23,1.0
34,acessofazendariogrande,24,1.0
35,acessofazendariogrande,25,0.8333333333333334
36,acessofazendariogrande,26,0.75
37,acessofazendariogrande,27,0.9375
38,acessofazendariogrande,31,0.75
39,acessofazendariogrande,32,0.8
40,acessofazendariogrande,33,1.0
41,acessofazendariogrande,34,0.6777777777777777
42,acessofazendariogrande,35,0.2
43,acessohauer,23,0.9
44,acessohauer,25,1.0
45,acessohauer,26,1.0
46,acessohauer,27,1.0
47,acessohauer,31,1.0
48,acessohauer,32,1.0
49,acessohauer,33,1.0
50,acessopinhais,24,0.9166666666666666
51,acessopinhais,25,1.0
52,acessopinhais,26,1.0
53,acessopinhais,27,0.9583333333333334
54,acessopinhais,35,1.0
55,acessosjpinhais,23,0.975
56,acessosjpinhais,24,0.9166666666666667
57,acessosjpinhais,25,0.6179365079365079
58,acessosjpinhais,26,0.9002976190476191
59,acessosjpinhais,27,0.8628747795414462
60,acessosjpinhais,28,1.0
61,acessosjpinhais,29,0.3333333333333333
62,acessosjpinhais,30,0.0
63,acessosjpinhais,31,0.9285714285714286
64,acessosjpinhais,32,0.7857142857142857
65,acessosjpinhais,33,0.5512820512820512
66,acessosjpinhais,34,0.8
67,acessosjpinhais,35,0.16170634920634921
68,adrianochan,23,0.6666666666666666
69,adrianochan,24,0.5555555555555556
70,adrianochan,25,1.0
71,adrianochan,26,0.6363636363636364
72,adrianochan,31,0.6666666666666666
73,adrianochan,32,0.5151515151515151
74,adrianochan,33,1.0
75,adrianochan,34,0.5454545454545454
76,adrianochan,35,0.45454545454545453
77,aescobjetivo,23,0.9635416666666667
78,aescobjetivo,24,0.9518518518518518
79,aescobjetivo,25,0.6022222222222222
80,aescobjetivo,26,0.2857142857142857
81,aescobjetivo,27,0.0
82,aescobjetivo,28,1.0
83,aescobjetivo,29,0.0
84,aescobjetivo,30,0.5555555555555556
85,aescobjetivo,31,0.6512939958592132
86,aescobjetivo,32,0.7761904761904762
87,aescobjetivo,33,0.7380952380952381
88,aescobjetivo,34,0.6592657342657343
89,aescobjetivo,35,0.4375
90,alfacembilingue,25,1.0
91,alpha,25,0.0
92,alpha,26,0.0
93,alpha,35,0.0
94,amadeus,23,0.8055555555555556
95,amadeus,24,0.6726190476190476
96,amadeus,29,0.5555555555555556
97,amadeus,30,0.4
98,amadeus,32,1.0
99,amadeus,33,0.8
100,amadeus,34,0.5809523809523809
101,amadeus,35,0.46153846153846156
102,amais,31,1.0
103,amaisteste,28,0.3333333333333333
104,amaisteste,30,0.0
105,anchietaba,30,0.5
106,antoniomelo,32,0.0
107,aprovest,27,0.0
108,aprovest,35,0.0
109,arlindocavalcanti,25,0.5
110,barraazul,32,0.0
111,beityaacov,23,1.0
112,brasilcursinhos,23,0.0
113,brasilcursinhos,24,0.0
114,brasilcursinhos,25,1.0
115,brasilcursinhos,27,1.0
116,casdinhosjc,23,0.75
117,casdinhosjc,25,0.5
118,castelobruxo,30,0.0
119,cats,30,0.16666666666666666
120,cats,34,1.0
121,cats,35,0.0
122,cbpdigital,23,0.6111111111111112
123,cbpdigital,24,0.756091832966244
124,cbpdigital,25,0.75
125,cbpdigital,31,0.8272727272727273
126,cbpdigital,32,0.9583333333333333
127,cbpdigital,33,0.15625
128,cbpdigital,34,0.2924679487179487
129,cbpdigital,35,0.6246084232509573
130,ceabb,26,1.0
131,ceabb,27,1.0
132,ceabb,31,0.25
133,ceabb,35,0.5087962962962963
134,ceespacolivre,23,1.0
135,ceespacolivre,24,0.8571428571428571
136,ceespacolivre,25,0.923611111111111
137,ceespacolivre,26,1.0
138,ceespacolivre,27,1.0
139,ceespacolivre,28,1.0
140,ceespacolivre,30,0.0
141,ceespacolivre,32,0.6944444444444445
142,ceespacolivre,33,0.9166666666666666
143,ceespacolivre,34,1.0
144,ceespacolivre,35,1.0
145,cem,23,0.8678571428571429
146,cem,24,0.95
147,cem,25,1.0
148,cem,31,1.0
149,cem,32,0.8236111111111111
150,cem,33,0.8029761904761905
151,cem,34,0.4166666666666667
152,cem,35,0.25
153,ceprimeiromundo,23,0.7555555555555556
154,ceprimeiromundo,24,0.6348484848484849
155,ceprimeiromundo,25,1.0
156,ceprimeiromundo,26,0.8333333333333334
157,ceprimeiromundo,27,0.75
158,ceprimeiromundo,28,0.875
159,ceprimeiromundo,29,1.0
160,ceprimeiromundo,30,1.0
161,ceprimeiromundo,31,0.7361111111111112
162,ceprimeiromundo,32,0.8203463203463203
163,ceprimeiromundo,33,0.832857142857143
164,ceprimeiromundo,34,0.6498511904761904
165,ceprimeiromundo,35,0.3794117647058824
166,charlesdarwin,24,0.0
167,charlesdarwin,27,0.0
168,ciadosaber,23,0.7744565217391304
169,ciadosaber,24,0.8030303030303031
170,ciadosaber,25,0.7718253968253969
171,ciadosaber,30,0.8333333333333333
172,ciadosaber,31,1.0
173,ciadosaber,32,0.7129629629629629
174,ciadosaber,33,0.9
175,ciadosaber,34,0.6095238095238095
176,cnslpb,23,0.8
177,cnslpb,24,1.0
178,cnslpb,25,0.8333333333333333
179,cnslpb,26,1.0
180,cnslpb,27,0.25
181,cnslpb,28,1.0
182,cnslpb,29,0.0
183,cnslpb,30,1.0
184,cnslpb,31,0.8083333333333332
185,cnslpb,32,0.75
186,cnslpb,33,0.16666666666666666
187,cnslpb,34,0.9166666666666666
188,cnslpb,35,0.625
189,cognitivo,32,0.0
190,colegioalphaunis,24,0.4099326599326599
191,colegioalphaunis,25,0.8772727272727273
192,colegioalphaunis,26,0.8111111111111111
193,colegioalphaunis,27,0.9285714285714286
194,colegioalphaunis,32,0.0
195,colegioalphaunis,33,0.5535087719298245
196,colegioalphaunis,34,1.0
197,colegioalphaunis,35,0.0
198,colegioarena,23,0.12731481481481483
199,colegioarena,24,0.018518518518518517
200,colegioarena,25,0.0
201,colegioarena,31,0.0
202,colegioarena,32,0.34722222222222215
203,colegioarena,33,0.1075
204,colegioarena,34,0.23431372549019608
205,colegioarena,35,0.04
206,colegiobatistaindependente,23,1.0
207,colegiobatistaindependente,24,0.6423076923076924
208,colegiobatistaindependente,25,0.7193858225108225
209,colegiobatistaindependente,26,0.9488888888888889
210,colegiobatistaindependente,27,0.8229166666666666
211,colegiobatistaindependente,28,0.5
212,colegiobatistaindependente,32,1.0
213,colegiobatistaindependente,33,0.8666666666666667
214,colegiobatistaindependente,34,0.7803030303030304
215,colegiobatistaindependente,35,1.0
216,colegiobetelbrasileirosp,23,0.9814814814814815
217,colegiobetelbrasileirosp,24,0.9761904761904762
218,colegiobetelbrasileirosp,25,1.0
219,colegiobetelbrasileirosp,26,0.0
220,colegiobetelbrasileirosp,31,1.0
221,colegiobetelbrasileirosp,32,0.9265873015873017
222,colegiobetelbrasileirosp,33,1.0
223,colegiobetelbrasileirosp,34,1.0
224,colegiobetelbrasileirosp,35,1.0
225,colegiobilac,23,0.8755555555555554
226,colegiobilac,24,0.8666666666666667
227,colegiobilac,29,0.8055555555555557
228,colegiobilac,30,0.8076923076923077
229,colegiobilac,31,0.7575757575757577
230,colegiobilac,32,1.0
231,colegiobilac,33,0.5
232,colegiobilac,34,0.824829931972789
233,colegiobilac,35,0.6666666666666667
234,colegiobrasilia,23,0.8395276292335114
235,colegiobrasilia,24,0.8852941176470589
236,colegiobrasilia,25,0.6874999999999999
237,colegiobrasilia,30,0.5
238,colegiobrasilia,31,0.7652116402116401
239,colegiobrasilia,32,0.8137860082304527
240,colegiobrasilia,33,0.8124894262825297
241,colegiobrasilia,34,0.6619047619047619
242,colegiobrasilia,35,0.4958513708513708
243,colegiocb,23,0.9255952380952381
244,colegiocb,24,0.8416666666666668
245,colegiocb,25,1.0
246,colegiocb,26,1.0
247,colegiocb,27,1.0
248,colegiocb,30,0.6666666666666666
249,colegiocb,31,0.9876543209876544
250,colegiocb,32,1.0
251,colegiocb,33,1.0
252,colegiocb,34,0.7857142857142858
253,colegiocb,35,0.7716450216450216
254,colegiodasamericas,23,0.0
255,colegiodasamericas,24,0.8077651515151515
256,colegiodasamericas,25,1.0
257,colegiodasamericas,26,0.6462962962962964
258,colegiodasamericas,30,0.9743589743589743
259,colegiodasamericas,31,0.6799999999999999
260,colegiodasamericas,33,1.0
261,colegiodasamericas,34,0.75
262,colegiodasamericas,35,0.4375
263,colegioeag,27,0.5
264,colegioeag,30,0.5714285714285714
265,colegioeag,33,1.0
266,colegioeag,34,1.0
267,colegioeag,35,0.0
268,colegioecursodesafio,23,0.7583307996351476
269,colegioecursodesafio,24,0.5769724556489263
270,colegioecursodesafio,25,0.6666666666666666
271,colegioecursodesafio,33,0.0
272,colegioecursodesafio,34,0.3333333333333333
273,colegioecursodesafio,35,0.23947105526052895
274,colegioecursoprogressao,23,0.9076858813700918
275,colegioecursoprogressao,24,0.9015625
276,colegioecursoprogressao,25,0.8421052631578947
277,colegioecursoprogressao,26,0.8952380952380953
278,colegioecursoprogressao,27,0.7888888888888889
279,colegioecursoprogressao,28,0.7894736842105263
280,colegioecursoprogressao,30,1.0
281,colegioecursoprogressao,31,0.8533834586466166
282,colegioecursoprogressao,32,0.7464285714285714
283,colegioecursoprogressao,33,0.8119047619047619
284,colegioecursoprogressao,34,0.8548644338118022
285,colegioecursoprogressao,35,0.7833333333333334
286,colegioeducallis,23,0.775268817204301
287,colegioeducallis,24,0.8275641025641026
288,colegioeducallis,25,0.7077777777777777
289,colegioeducallis,31,1.0
290,colegioeducallis,32,0.7946428571428571
291,colegioeducallis,33,0.6555555555555554
292,colegioeducallis,34,0.53125
293,colegioeducallis,35,0.3055555555555556
294,colegioensitec,23,0.9642857142857143
295,colegioensitec,24,1.0
296,colegioensitec,25,1.0
297,colegioensitec,28,1.0
298,colegioensitec,29,0.9333333333333333
299,colegioensitec,30,1.0
300,colegioensitec,31,0.96
301,colegioensitec,32,1.0
302,colegioensitec,33,0.75
303,colegioensitec,34,1.0
304,colegioensitec,35,1.0
305,colegioflamingo,23,0.0
306,colegioflamingo,24,1.0
307,colegioflamingo,25,0.9111111111111111
308,colegioflamingo,26,0.8571428571428571
309,colegioflamingo,32,1.0
310,colegioflamingo,33,0.7346938775510203
311,colegioflamingo,34,1.0
312,colegioflamingo,35,1.0
313,colegiofuturageracao,23,1.0
314,colegiofuturageracao,24,1.0
315,colegiofuturageracao,25,1.0
316,colegiofuturageracao,26,1.0
317,colegiofuturageracao,31,0.9
318,colegiofuturageracao,32,1.0
319,colegiofuturageracao,33,0.5961538461538461
320,colegiofuturageracao,34,0.9166666666666666
321,colegiofuturageracao,35,0.65
322,colegioglobal,23,0.9642857142857143
323,colegioglobal,24,0.566025641025641
324,colegioglobal,25,0.6666666666666666
325,colegioglobal,26,1.0
326,colegioglobal,29,0.0
327,colegioglobal,30,0.8333333333333333
328,colegioglobal,32,0.7685185185185186
329,colegioglobal,33,0.8777777777777778
330,colegioglobal,34,0.7999999999999999
331,colegioglobal,35,0.41666666666666663
332,colegioguilhermedealmeida,33,1.0
333,colegioguilhermedealmeida,34,1.0
334,colegioguilhermedealmeida,35,1.0
335,colegioiguatemy,23,0.5147579693034238
336,colegioiguatemy,24,0.6666666666666666
337,colegioiguatemy,25,0.6206349206349205
338,colegioiguatemy,26,0.8657407407407407
339,colegioiguatemy,27,1.0
340,colegioiguatemy,30,1.0
341,colegioiguatemy,31,0.9523809523809524
342,colegioiguatemy,32,0.9134199134199135
343,colegioiguatemy,33,0.8214285714285714
344,colegioiguatemy,34,0.4696969696969697
345,colegioiguatemy,35,0.025
346,colegiointegral,23,0.5026881720430108
347,colegiointegral,24,0.4807692307692308
348,colegiointegral,26,0.8
349,colegiointegral,27,0.3076923076923077
350,colegiointegral,28,0.6176470588235293
351,colegiointegral,29,0.540299823633157
352,colegiointegral,30,0.7005140692640693
353,colegiointegral,31,0.5685763888888888
354,colegiointegral,32,0.45669666590719216
355,colegiointegral,33,0.5597826086956521
356,colegiointegral,34,0.4128048780487804
357,colegiointegral,35,0.22905982905982908
358,colegiojoaopaulo,23,0.7616071428571428
359,colegiojoaopaulo,24,0.8361111111111111
360,colegiojoaopaulo,25,0.9761904761904762
361,colegiojoaopaulo,26,0.8622448979591837
362,colegiojoaopaulo,27,0.8861111111111111
363,colegiojoaopaulo,28,0.6373015873015874
364,colegiojoaopaulo,29,0.5
365,colegiojoaopaulo,30,0.6666666666666666
366,colegiojoaopaulo,31,0.7116666666666667
367,colegiojoaopaulo,32,0.8597222222222222
368,colegiojoaopaulo,33,0.8015238095238095
369,colegiojoaopaulo,34,1.0
370,colegiojoaopaulo,35,0.5666666666666667
371,colegiomagnum,24,0.0
372,colegiomagnum,35,0.0
373,colegiomartinus,23,0.0
374,colegionobre,30,1.0
375,colegionobre,34,1.0
376,colegionovageracao,35,0.0
377,colegiopremium,23,0.9411764705882353
378,colegiopremium,24,0.9466666666666665
379,colegiopremium,25,1.0
380,colegiopremium,26,0.9583333333333334
381,colegiopremium,31,0.625
382,colegiopremium,33,1.0
383,colegiopremium,35,0.0
384,colegioprogresso,28,0.0
385,colegioprogresso,29,0.0
386,colegioradar,33,0.0
387,colegiosantamaria,33,1.0
388,colegiosantamaria,34,0.5
389,colegioser,34,0.4
390,colegiosete,23,0.9194555444555446
391,colegiosete,24,0.9453463203463205
392,colegiosete,25,1.0
393,colegiosete,30,1.0
394,colegiosete,31,0.20833333333333331
395,colegiosete,32,0.8333333333333333
396,colegiosete,33,0.5083333333333333
397,colegiosete,34,0.0
398,colegiosete,35,0.0
399,colegiouirapuru,23,0.8626984126984127
400,colegiouirapuru,24,0.95625
401,colegiouirapuru,25,1.0
402,colegiouirapuru,26,1.0
403,colegiouirapuru,29,0.5
404,colegiouirapuru,31,1.0
405,colegiouirapuru,32,0.81875
406,colegiouirapuru,33,0.6015151515151516
407,colegiouirapuru,34,0.6111111111111112
408,colegiouirapuru,35,0.4
409,colegiouniverso,23,0.39166666666666666
410,colegiouniverso,24,0.8888888888888888
411,colegiouniverso,25,1.0
412,colegiouniverso,26,0.0
413,colegiouniverso,29,0.0
414,colegiouniverso,33,0.7000000000000001
415,colegioup,23,0.3796296296296296
416,colegioup,24,0.6921262893485115
417,colegioup,25,0.6411739693997758
418,colegioup,26,0.607620540379161
419,colegioup,27,0.5283730158730159
420,colegioup,28,0.5824481074481075
421,colegioup,31,0.0
422,colegioup,32,0.0
423,colegioup,33,0.08974358974358974
424,colegioup,34,0.0
425,colegioup,35,0.0
426,conexaosaber,23,0.8833333333333334
427,conexaosaber,24,1.0
428,conexaosaber,25,0.8511904761904763
429,conexaosaber,26,0.5
430,conexaosaber,33,0.78125
431,conexaosaber,34,0.5
432,conexaosaber,35,0.875
433,contemporaneo,31,0.6388888888888888
434,contemporaneo,32,0.5
435,contemporaneo,33,0.3333333333333333
436,contemporaneocidadeverde,28,0.75
437,contemporaneocidadeverde,31,0.8856209150326798
438,contemporaneocidadeverde,32,0.53875
439,contemporaneocidadeverde,33,0.7100340136054422
440,contemporaneocidadeverde,34,0.0
441,contemporaneocidadeverde,35,0.0
442,contemporaneolagoanova,30,1.0
443,contemporaneolagoanova,31,0.7552083333333333
444,contemporaneolagoanova,32,0.582936507936508
445,contemporaneolagoanova,33,0.85
446,contemporaneolagoanova,34,0.16666666666666666
447,contemporaneolagoanova,35,0.0
448,cparaiso,31,1.0
449,cparaiso,32,1.0
450,cparaiso,34,1.0
451,crescercampinas,23,0.875
452,crescercampinas,24,0.4444444444444444
453,crescercampinas,25,0.5833333333333333
454,crescercampinas,26,0.0
455,crescercampinas,29,0.0
456,crescercampinas,30,1.0
457,crescercampinas,31,0.5833333333333334
458,crescercampinas,32,0.42361111111111105
459,crescercampinas,33,0.5771585557299843
460,crescercampinas,34,0.5922619047619048
461,crescercampinas,35,0.17245989304812834
462,cursinhoeach,25,0.125
463,cursoenfase,24,0.5
464,cursoenfase,33,0.0
465,cursoenfase,34,0.0
466,cursoisfera,25,0.5
467,cursoisfera,34,0.0
468,cursosazambuja,24,0.08333333333333333
469,cursosazambuja,25,0.20909090909090908
470,cursosazambuja,26,0.0
471,cursosazambuja,27,1.0
472,cursosazambuja,28,0.6666666666666666
473,cursosazambuja,29,0.16666666666666666
474,cursosazambuja,30,0.0
475,cursosazambuja,33,0.0
476,cursosazambuja,34,0.3
477,cursosazambuja,35,0.3333333333333333
478,deltaeducacional,23,0.22916666666666666
479,deltaeducacional,24,0.2638888888888889
480,deltaeducacional,25,0.23333333333333334
481,deltaeducacional,26,0.18798076923076923
482,deltaeducacional,32,0.25
483,deltaeducacional,33,0.08333333333333333
484,deltaeducacional,34,0.10769230769230768
485,deltaeducacional,35,0.0
486,dommga,25,0.0
487,eacorcovado,23,0.7416666666666667
488,eacorcovado,24,0.875
489,eacorcovado,25,1.0
490,eacorcovado,31,1.0
491,eacorcovado,32,1.0
492,eacorcovado,33,0.3333333333333333
493,eacorcovado,35,0.0
494,eccos,24,1.0
495,eccos,25,0.8571428571428571
496,eccos,26,1.0
497,eccos,31,1.0
498,eccos,32,0.9722222222222222
499,eccos,33,1.0
500,eccos,34,0.9444444444444444
501,eccos,35,0.5
502,educamais,32,0.0
503,educamais,33,0.0
504,educamais,34,0.0
505,educandarioterciocorreia,23,0.5
506,educandarioterciocorreia,24,0.9629629629629631
507,educandarioterciocorreia,25,0.9761904761904762
508,educandarioterciocorreia,26,1.0
509,educandarioterciocorreia,31,1.0
510,educandarioterciocorreia,32,1.0
511,educandarioterciocorreia,33,0.91875
512,educandarioterciocorreia,34,0.9583333333333333
513,educandarioterciocorreia,35,1.0
514,educarse,29,0.1111111111111111
515,educarse,30,0.0
516,educarse,31,0.0
517,educarse,32,0.0
518,educarse,33,0.0
519,einsteinassis,23,0.66
520,einsteinassis,24,0.8571428571428571
521,einsteinassis,25,0.85
522,einsteinassis,31,0.0
523,einsteinassis,32,0.25
524,einsteinassis,35,0.0
525,elitecuritibaemilianoperneta,23,1.0
526,elitecuritibaemilianoperneta,24,1.0
527,elitecuritibaemilianoperneta,25,0.8636363636363636
528,elitecuritibaemilianoperneta,26,0.9166666666666666
529,elitecuritibaemilianoperneta,31,0.5
530,elitecuritibaemilianoperneta,32,0.5
531,elitecuritibaemilianoperneta,34,0.25
532,eluneonline,26,1.0
533,eluneonline,27,1.0
534,eluneonline,32,0.5
535,escolaceciliameireles,23,0.5
536,escolaceciliameireles,24,0.5
537,escolaceciliameireles,25,0.0
538,escolaceciliameireles,26,0.6666666666666666
539,escolaceciliameireles,27,0.6666666666666666
540,escolaceciliameireles,28,0.5
541,escolaceciliameireles,29,0.0
542,escolaceciliameireles,30,1.0
543,escolaceciliameireles,31,0.3333333333333333
544,escolaceciliameireles,32,0.4666666666666666
545,escolaceciliameireles,33,0.5
546,escolaceciliameireles,35,0.0
547,escolajardimdasnacoes,24,0.5
548,escolajardimdasnacoes,25,0.0
549,escolamaster,23,0.6933333333333332
550,escolamaster,24,1.0
551,escolamaster,25,0.8
552,escolamaster,26,0.5
553,escolamaster,27,1.0
554,escolamaster,31,1.0
555,esperanza,34,0.0
556,esperanza,35,0.0
557,estantemagica,31,0.0
558,estantemagica,32,0.0
559,estantemagica,35,0.0
560,faculdadeflamingo,23,0.9487179487179488
561,faculdadeflamingo,24,0.9615384615384616
562,faculdadeflamingo,25,0.9411764705882353
563,faculdadeflamingo,26,0.8333333333333334
564,faculdadeflamingo,30,1.0
565,faculdadeflamingo,31,0.75
566,faculdadeflamingo,32,1.0
567,faculdadeflamingo,33,0.8
568,faculdadeflamingo,34,0.6666666666666666
569,faculdadeflamingo,35,0.6825396825396824
570,franciscopinto,34,0.0
571,galois,28,0.0
572,garra,23,1.0
573,garra,24,0.5925925925925927
574,garra,30,0.4722222222222222
575,garra,31,0.265625
576,garra,35,0.0
577,gerabixo,24,1.0
578,gerabixo,25,0.0
579,gerabixo,28,0.0
580,gerabixo,32,0.0
581,gerabixo,33,1.0
582,gerabixo,35,0.0
583,goncalomartins,30,0.0
584,informacao,30,0.0
585,insa,23,0.28846153846153844
586,insa,24,0.1357142857142857
587,insa,25,0.619047619047619
588,insa,26,0.4236111111111111
589,insa,33,0.16360544217687073
590,insa,34,0.125
591,institutoauxiliadoradf,34,0.0
592,institutocristao,23,1.0
593,institutocristao,24,0.9814814814814814
594,institutocristao,25,0.8
595,institutocristao,26,0.9166666666666666
596,institutocristao,32,0.0
597,institutocristao,34,0.8333333333333333
598,institutoeurofarma,23,0.5
599,institutoeurofarma,24,1.0
600,institutoeurofarma,34,0.0
601,integra,23,1.0
602,integra,24,1.0
603,integra,25,1.0
604,integra,34,0.8461538461538461
605,integradaeducativa,23,1.0
606,integradaeducativa,24,0.9934640522875817
607,integradaeducativa,25,1.0
608,integradaeducativa,26,1.0
609,integradaeducativa,27,1.0
610,integradaeducativa,29,1.0
611,integradaeducativa,30,0.9375
612,integradaeducativa,31,1.0
613,integradaeducativa,32,0.7678571428571429
614,integradaeducativa,33,0.6947916666666667
615,integradaeducativa,34,0.580952380952381
616,integradaeducativa,35,0.0
617,invictus,23,0.3722222222222222
618,invictus,24,0.40659340659340654
619,invictus,25,0.5833333333333334
620,invictus,26,0.37661366817068564
621,invictus,27,0.5034013605442177
622,invictus,28,0.59375
623,invictus,32,0.6333333333333333
624,invictus,33,0.5347222222222222
625,invictus,34,0.48148148148148157
626,invictus,35,0.3541666666666667
627,iracemarufino,31,1.0
628,isem,23,1.0
629,isem,24,1.0
630,isem,25,0.7333333333333334
631,isem,26,0.9642857142857143
632,isem,27,0.9696969696969696
633,isem,28,0.9166666666666666
634,isem,30,0.875
635,isem,31,0.8
636,isem,32,0.76
637,isem,34,0.0
638,isem,35,0.27400793650793653
639,itamarati,25,1.0
640,itamarati,31,0.0
641,itamarati,34,1.0
642,itamarati,35,0.0
643,jardimsaopaulo,23,0.5
644,jeanpiaget,25,0.0
645,joaobelem,25,1.0
646,lasalleaguasclaras,33,1.0
647,liessinbarra,25,1.0
648,litteratus,31,0.0
649,litteratus,33,0.3333333333333333
650,magister,24,1.0
651,magister,25,0.0
652,magister,30,0.875
653,magister,31,1.0
654,magister,32,0.8047619047619047
655,magister,33,0.7285714285714285
656,magister,35,0.0
657,manoelbatista,24,1.0
658,manoelbatista,35,0.0
659,maplebearslz,23,0.5323529411764706
660,maplebearslz,24,0.797220323536113
661,maplebearslz,25,0.8703703703703705
662,maplebearslz,26,0.4583333333333333
663,maplebearslz,30,0.5595238095238095
664,maplebearslz,31,0.7580782312925172
665,maplebearslz,32,0.6827380952380951
666,maplebearslz,33,0.8053418803418804
667,maplebearslz,34,0.7571428571428571
668,maplebearslz,35,0.2037037037037037
669,mariliamattoso,23,0.9404761904761905
670,mariliamattoso,24,0.9435897435897437
671,mariliamattoso,25,0.9375
672,mariliamattoso,26,0.8453703703703703
673,mariliamattoso,27,0.875
674,mariliamattoso,28,0.75
675,mariliamattoso,29,0.8888888888888888
676,mariliamattoso,30,0.859090909090909
677,mariliamattoso,31,0.8571428571428571
678,mariliamattoso,32,0.9090909090909091
679,mariliamattoso,33,0.869047619047619
680,mariliamattoso,34,0.8823529411764706
681,mariliamattoso,35,0.5448717948717949
682,minhalista,24,0.5
683,minhalista,25,0.75
684,minhalista,26,0.8
685,minhalista,32,0.0
686,moaciralves,33,1.0
687,moaciralves,34,1.0
688,monsenhorgoncalo,30,0.0
689,monsenhorgoncalo,32,0.0
690,murilorocha,31,0.5
691,murilorocha,32,1.0
692,navegasas,26,1.0
693,navegasas,27,1.0
694,navegasas,33,0.0
695,novotempo,24,0.0
696,nucleocriativo,23,0.9285714285714286
697,nucleocriativo,24,0.9548611111111112
698,nucleocriativo,25,0.9813664596273293
699,nucleocriativo,32,1.0
700,nucleocriativo,34,0.8523809523809524
701,nucleocriativo,35,0.7178571428571429
702,objetivolorena,23,0.8051724137931034
703,objetivolorena,24,0.7685185185185185
704,objetivolorena,25,0.7261904761904763
705,objetivolorena,26,0.8628205128205129
706,objetivolorena,30,0.0
707,objetivolorena,31,0.5
708,objetivolorena,32,0.917948717948718
709,objetivolorena,33,0.8405797101449275
710,objetivolorena,34,0.6530864197530865
711,objetivolorena,35,0.4333333333333333
712,objetivoteresina,28,1.0
713,oficinadoestudante,23,1.0
714,oficinadoestudante,24,1.0
715,overabelcabral,23,0.8518518518518519
716,overabelcabral,24,0.9636554621848741
717,overabelcabral,25,0.8334523809523808
718,overabelcabral,26,0.8366666666666666
719,overabelcabral,27,0.0
720,overabelcabral,28,0.375
721,overabelcabral,29,0.5
722,overabelcabral,30,0.3333333333333333
723,overabelcabral,31,0.6590909090909091
724,overabelcabral,32,0.9285714285714286
725,overabelcabral,33,0.7307692307692307
726,overabelcabral,34,0.5997106481481481
727,overabelcabral,35,0.3974358974358974
728,overjoaopessoa,23,0.47916666666666663
729,overjoaopessoa,24,0.8573232323232323
730,overjoaopessoa,25,0.7825396825396826
731,overjoaopessoa,26,0.5238095238095238
732,overjoaopessoa,32,0.5
733,overjoaopessoa,33,0.625
734,overjoaopessoa,34,0.7
735,overjoaopessoa,35,0.125
736,overlimaesilva,23,1.0
737,overlimaesilva,24,1.0
738,overlimaesilva,25,1.0
739,overlimaesilva,26,1.0
740,overlimaesilva,31,0.5
741,overlimaesilva,32,1.0
742,overlimaesilva,33,0.9166666666666666
743,overlimaesilva,34,0.9356060606060606
744,overlimaesilva,35,0.9523809523809524
745,overmarciliofurtado,23,0.9545454545454546
746,overmarciliofurtado,24,0.8024436090225564
747,overmarciliofurtado,25,0.8302469135802468
748,overmarciliofurtado,26,0.5503246753246753
749,overmarciliofurtado,27,0.125
750,overmarciliofurtado,28,0.42857142857142855
751,overmarciliofurtado,29,0.42857142857142855
752,overmarciliofurtado,30,1.0
753,overmarciliofurtado,31,0.6291666666666667
754,overmarciliofurtado,32,0.7333333333333334
755,overmarciliofurtado,33,0.5361111111111111
756,overmarciliofurtado,34,0.5333333333333333
757,overmarciliofurtado,35,0.2777777777777778
758,overmossoro,23,0.75
759,overmossoro,24,0.9242424242424243
760,overmossoro,25,0.92
761,overmossoro,26,0.953125
762,overmossoro,30,1.0
763,overmossoro,31,0.6875
764,overmossoro,32,0.8095238095238094
765,overmossoro,33,0.5714285714285714
766,overmossoro,34,0.8571428571428571
767,overmossoro,35,0.5555555555555556
768,overnascimentodecastro,25,0.0
769,overnascimentodecastro,27,0.3333333333333333
770,overpontanegra,23,0.9555555555555555
771,overpontanegra,24,0.9226190476190477
772,overpontanegra,25,0.8136904761904761
773,overpontanegra,26,0.7205882352941176
774,overpontanegra,28,0.5
775,overpontanegra,29,0.375
776,overpontanegra,31,0.506060606060606
777,overpontanegra,32,0.6
778,overpontanegra,33,0.75
779,overpontanegra,34,0.5925925925925927
780,overpontanegra,35,0.28205128205128205
781,overzonanorte,23,0.8888888888888888
782,overzonanorte,24,0.9207792207792208
783,overzonanorte,25,0.8730952380952381
784,overzonanorte,26,0.9351851851851853
785,overzonanorte,27,0.5
786,overzonanorte,30,0.5
787,overzonanorte,31,0.5952380952380951
788,overzonanorte,32,0.8333333333333334
789,overzonanorte,33,0.42410714285714285
790,overzonanorte,34,0.63125
791,overzonanorte,35,0.5909090909090909
792,pauloviana,31,1.0
793,pedromurilo,27,0.0
794,pesenglish,34,0.0
795,physicsalcindocacela,24,0.5
796,physicsalcindocacela,30,0.0
797,physicsalcindocacela,34,0.0
798,physicsalmirantebarroso,23,1.0
799,physicsalmirantebarroso,24,0.8
800,physicsalmirantebarroso,25,1.0
801,physicsalmirantebarroso,26,1.0
802,physicsalmirantebarroso,35,0.25
803,physicsaugustomontenegro,23,1.0
804,physicsaugustomontenegro,24,0.9333333333333332
805,physicsaugustomontenegro,25,0.6666666666666666
806,physicsaugustomontenegro,26,0.7083333333333334
807,physicsbatistacampos,23,1.0
808,physicsbatistacampos,24,1.0
809,physicsbatistacampos,25,1.0
810,physicsbatistacampos,26,1.0
811,physicscidadenova,24,1.0
812,physicscidadenova,25,0.06666666666666667
813,physicscidadenova,26,0.9090909090909091
814,physicsconselheirofurtado,23,0.0
815,physicsconselheirofurtado,25,0.25
816,physicsmacapa,23,1.0
817,physicsmacapa,25,0.0
818,physicsumarizal,23,1.0
819,physicsumarizal,24,0.64
820,physicsumarizal,25,0.8666666666666666
821,physicsumarizal,26,1.0
822,physicsumarizal,31,0.0
823,physicsumarizal,34,0.6666666666666666
824,physicsumarizal,35,0.0
825,pioxi,23,0.5292929292929294
826,pioxi,24,0.7317857142857142
827,pioxi,25,0.792063492063492
828,pioxi,26,0.6171875
829,pioxi,31,0.0
830,pioxi,32,0.0
831,pioxi,33,0.0
832,pioxi,34,0.11111111111111109
833,pioxi,35,0.20098039215686272
834,pioxiicolegio,23,0.6666666666666666
835,pioxiicolegio,30,0.6666666666666666
836,pioxiicolegio,31,1.0
837,pioxiicolegio,32,0.8148148148148148
838,pioxiicolegio,33,1.0
839,pioxiicolegio,34,0.3888888888888889
840,pioxiicolegio,35,0.3095238095238096
841,plannetataboao,28,0.96
842,portinari,23,0.8181818181818182
843,portinari,24,0.7333333333333333
844,portinari,26,0.8125
845,portinari,27,0.8166666666666667
846,portinari,28,0.6960784313725491
847,portinari,29,0.8461538461538461
848,portinari,30,0.7777777777777778
849,portinari,31,0.6431372549019608
850,portinari,32,0.8541666666666666
851,portinari,33,0.703125
852,portinari,34,0.5833333333333334
853,portinari,35,0.03333333333333333
854,porto,23,0.7333333333333333
855,porto,24,0.759004884004884
856,porto,25,0.7693107546048723
857,porto,26,0.5972222222222222
858,porto,27,1.0
859,porto,28,0.5
860,porto,31,1.0
861,porto,32,0.5751659451659452
862,porto,33,0.5993382961124897
863,porto,34,0.6951138659798284
864,porto,35,0.42124999999999996
865,primeirodemaio,31,0.05263157894736842
866,prismapatrocinio,23,0.7592592592592593
867,prismapatrocinio,24,0.752046783625731
868,prismapatrocinio,25,0.8235294117647058
869,prismapatrocinio,26,0.7166666666666666
870,prismapatrocinio,27,0.6595238095238096
871,prismapatrocinio,28,0.7321428571428571
872,prismapatrocinio,30,1.0
873,prismapatrocinio,31,1.0
874,prismapatrocinio,32,0.5823529411764706
875,prismapatrocinio,33,0.6975274725274724
876,prismapatrocinio,34,0.6793650793650793
877,prismapatrocinio,35,0.4583333333333333
878,profederal,23,0.6666666666666666
879,profederal,24,0.0
880,profederal,25,0.3333333333333333
881,profederal,26,0.6666666666666666
882,profederal,27,0.8333333333333333
883,profederal,30,0.5
884,profederal,31,0.5333333333333333
885,profederal,32,0.5818181818181819
886,profederal,33,0.7222222222222222
887,profederal,34,0.5499999999999999
888,profederal,35,0.525
889,progressaodc,23,0.63125
890,progressaodc,24,0.9
891,progressaodc,25,0.6969696969696969
892,progressaodc,26,0.5428571428571428
893,progressaodc,27,0.85
894,progressaodc,28,0.6666666666666666
895,progressaodc,30,1.0
896,progressaodc,31,0.6666666666666666
897,progressaodc,32,0.8
898,progressaodc,33,0.6964285714285714
899,progressaodc,34,0.8611111111111112
900,progressaodc,35,0.5833333333333334
901,progressaoig,23,0.7934391534391535
902,progressaoig,24,0.9285714285714286
903,progressaoig,25,0.8666666666666666
904,progressaoig,26,0.8571428571428571
905,progressaoig,27,0.7708333333333334
906,progressaoig,28,0.6666666666666666
907,progressaoig,30,1.0
908,progressaoig,31,0.775
909,progressaoig,32,0.8555555555555556
910,progressaoig,33,0.9166666666666666
911,progressaoig,34,0.7166666666666667
912,progressaoig,35,0.6900000000000001
913,provaspoliedro,23,0.753623188405797
914,provaspoliedro,24,0.7333327946563241
915,provaspoliedro,25,0.7688888888888888
916,provaspoliedro,26,0.6538461538461539
917,provaspoliedro,27,0.0
918,provaspoliedro,28,1.0
919,provaspoliedro,30,0.5
920,provaspoliedro,31,0.824074074074074
921,provaspoliedro,32,0.8571428571428571
922,provaspoliedro,33,0.6785310734463277
923,provaspoliedro,34,0.5228893489763056
924,provaspoliedro,35,0.3055555555555556
925,psantagema,23,0.6153846153846154
926,psantagema,24,0.5277302943969611
927,psantagema,25,0.14055555555555554
928,psantagema,26,0.11904761904761904
929,psantagema,30,1.0
930,psantagema,31,0.0
931,psantagema,32,0.8433333333333334
932,psantagema,33,0.756439393939394
933,psantagema,34,0.6666666666666666
934,psantagema,35,0.5
935,qescola,23,1.0
936,qescola,24,0.5
937,qescola,25,0.3333333333333333
938,qescola,26,0.7333333333333333
939,qescola,27,0.3333333333333333
940,qescola,28,0.4259259259259259
941,qescola,29,1.0
942,qescola,30,0.5333333333333333
943,qescola,31,0.53125
944,qescola,32,0.8333333333333333
945,qescola,33,1.0
946,qescola,34,0.043478260869565216
947,qescola,35,0.9285714285714286
948,raizeducacao,23,0.0
949,raizeducacao,25,0.0
950,raizeducacao,27,0.0
951,raizeducacao,30,0.0
952,raizeducacao,31,0.0
953,raizeducacao,32,0.0
954,raizeducacao,34,0.0
955,rede,35,0.0
956,saea,33,0.0
957,saea,35,1.0
958,sagradafamilia,33,1.0
959,sagradafamilia,34,1.0
960,santadoroteia,23,0.5
961,santamariacn,25,0.8333333333333334
962,santamariacn,26,0.4
963,santamariacn,27,0.6666666666666666
964,santamariacn,28,0.5
965,santamariacn,29,0.875
966,santamariacn,30,0.3333333333333333
967,santamariacn,31,0.6666666666666666
968,santamariacn,32,1.0
969,santamariacn,33,1.0
970,santamariacn,34,0.5
971,santamariacn,35,0.0
972,santoamerico,23,0.8270308123249299
973,santoamerico,24,0.5142715419501134
974,santoamerico,25,0.6095238095238096
975,santoamerico,26,0.26666666666666666
976,santoamerico,27,1.0
977,santoamerico,28,1.0
978,santoamerico,29,0.0
979,santoamerico,30,0.41351010101010105
980,santoamerico,31,0.7928571428571428
981,santoamerico,32,0.7140022675736961
982,santoamerico,33,0.875
983,santoamerico,34,1.0
984,santoamerico,35,0.125
985,santoamericoteste,23,0.0
986,santoantonio,23,0.0
987,santoantonio,27,0.0
988,sas,25,0.0
989,sas,30,0.0
990,sasadapt,25,0.4
991,sasadapt,26,0.0
992,sasadapt,33,0.0
993,sasadapt,34,0.0
994,sasadaptem,23,1.0
995,sasadaptem,25,1.0
996,sasadaptem,31,0.0
997,sasadaptem,32,0.0
998,sasadaptfund,24,1.0
999,saseducacao,23,0.42857142857142855
1000,sistemadeensinogpi,34,0.0
1001,souhabilis,23,0.6666666666666666
1002,souhabilis,24,0.0
1003,souhabilis,25,0.0
1004,souhabilis,26,0.0
1005,souhabilis,29,0.0
1006,souhabilis,30,0.5
1007,souhabilis,31,0.3611111111111111
1008,souhabilis,32,0.3333333333333333
1009,souhabilis,33,0.0
1010,spdacruz,23,0.9444444444444443
1011,spdacruz,24,0.8820436507936509
1012,spdacruz,25,0.9743589743589745
1013,spdacruz,26,0.7916666666666666
1014,spdacruz,30,0.0
1015,spdacruz,31,1.0
1016,spdacruz,32,0.9526143790849673
1017,spdacruz,33,0.9077380952380952
1018,spdacruz,34,0.8055555555555556
1019,spdacruz,35,0.3444444444444445
1020,stellamarisaguaverde,23,1.0
1021,stellamarisaguaverde,24,1.0
1022,stellamarisaguaverde,25,0.875
1023,stellamarisaguaverde,26,0.9333333333333332
1024,stellamarisaguaverde,33,0.9285714285714286
1025,stellamarisaguaverde,34,0.75
1026,stellamarisaguaverde,35,0.55
1027,stellamarisjuveve,23,0.9078947368421053
1028,stellamarisjuveve,24,0.9881944444444445
1029,stellamarisjuveve,25,0.9565217391304348
1030,stellamarisjuveve,26,0.8764705882352941
1031,stellamarisjuveve,29,0.9197530864197532
1032,stellamarisjuveve,30,0.0
1033,stellamarisjuveve,31,0.0
1034,stellamarisjuveve,32,0.16666666666666666
1035,stellamarisjuveve,33,0.8
1036,stellamarisjuveve,34,0.7135416666666666
1037,stellamarisjuveve,35,0.37296918767507004
1038,stellamarisxaxim,23,1.0
1039,stellamarisxaxim,24,0.7941176470588234
1040,stellamarisxaxim,25,0.9515151515151515
1041,stellamarisxaxim,26,0.8404761904761904
1042,stellamarisxaxim,29,0.9615384615384616
1043,stellamarisxaxim,31,1.0
1044,stellamarisxaxim,32,0.8333333333333333
1045,stellamarisxaxim,33,0.9285714285714286
1046,stellamarisxaxim,34,0.9318181818181818
1047,stellamarisxaxim,35,0.38436639118457294
1048,studos,30,1.0
1049,universitariolondrina,23,0.8840245775729646
1050,universitariolondrina,24,0.9377777777777777
1051,universitariolondrina,25,0.8870967741935485
1052,universitariolondrina,26,0.9160493827160495
1053,universitariolondrina,27,0.5416666666666666
1054,universitariolondrina,28,1.0
1055,universitariolondrina,29,0.6666666666666666
1056,universitariolondrina,30,0.7863636363636364
1057,universitariolondrina,31,0.712962962962963
1058,universitariolondrina,32,0.7583333333333333
1059,universitariolondrina,33,0.6777777777777778
1060,universitariolondrina,34,0.6421875
1061,universitariolondrina,35,0.2760416666666667
1062,universobarcarena,23,0.6586734693877551
1063,universobarcarena,24,0.5716289882956549
1064,universobarcarena,25,0.4901960784313725
1065,universobarcarena,26,0.4930555555555555
1066,universobarcarena,27,1.0
1067,universobarcarena,28,0.0
1068,universobarcarena,29,0.0
1069,universobarcarena,30,0.5674931129476585
1070,universobarcarena,31,0.18620071684587813
1071,universobarcarena,34,1.0
1072,universobarcarena,35,0.25
1073,valdemiracoelho,23,0.0
1074,villalobos,23,0.85
1075,villalobos,24,0.982456140350877
1076,villalobos,25,1.0
1077,villalobos,26,1.0
1078,villalobos,27,1.0
1079,villalobos,30,1.0
1080,villalobos,31,0.6333333333333333
1081,villalobos,32,0.925925925925926
1082,villalobos,33,0.8529411764705882
1083,villalobos,34,0.5910714285714286
1084,villalobos,35,0.5750000000000001
