,namespace,Semana,Porcentagem de visualização de relatórios de AA
0,acesso,23,0.0
1,acesso,24,0.0
2,acesso,25,0.0
3,acesso,27,0.0
4,acesso,30,0.0
5,acesso,31,0.0
6,acesso,32,0.0
7,acesso,33,0.0
8,acesso,34,0.0
9,acesso,35,0.0
10,acessoalmirantetamandare,23,0.6186186186186187
11,acessoalmirantetamandare,24,0.727735368956743
12,acessoalmirantetamandare,25,0.461038961038961
13,acessoalmirantetamandare,26,0.4250871080139373
14,acessoalmirantetamandare,27,0.43519781718963163
15,acessoalmirantetamandare,30,0.5280898876404494
16,acessoalmirantetamandare,31,0.7378048780487805
17,acessoalmirantetamandare,32,0.6832579185520362
18,acessoalmirantetamandare,33,0.6205533596837944
19,acessoalmirantetamandare,34,0.4015748031496063
20,acessoalmirantetamandare,35,0.08035714285714286
21,acessoboqueirao,23,0.6092636579572447
22,acessoboqueirao,24,0.7098765432098766
23,acessoboqueirao,25,0.33630221130221133
24,acessoboqueirao,26,0.34245562130177515
25,acessoboqueirao,27,0.23948220064724918
26,acessoboqueirao,28,0.12307692307692308
27,acessoboqueirao,29,0.5493827160493827
28,acessoboqueirao,30,0.44214372716199757
29,acessoboqueirao,31,0.7917570498915402
30,acessoboqueirao,32,0.6787383177570093
31,acessoboqueirao,33,0.6198428290766208
32,acessoboqueirao,34,0.37485311398354876
33,acessoboqueirao,35,0.014563106796116505
34,acessocampolargo,23,0.602880658436214
35,acessocampolargo,24,0.6879659211927582
36,acessocampolargo,25,0.6
37,acessocampolargo,26,0.6386946386946387
38,acessocampolargo,27,0.20927152317880796
39,acessocampolargo,30,0.4666666666666667
40,acessocampolargo,31,0.9507389162561576
41,acessocampolargo,32,0.5614035087719298
42,acessocampolargo,33,0.7308781869688386
43,acessocampolargo,34,0.6065989847715736
44,acessocampolargo,35,0.10112359550561797
45,acessocampolargokids,23,1.0
46,acessocampolargokids,24,1.0
47,acessocampolargokids,25,1.0
48,acessocampolargokids,26,0.22916666666666666
49,acessocampolargokids,27,0.3793103448275862
50,acessocampolargokids,31,0.3275862068965517
51,acessocampolargokids,32,0.3103448275862069
52,acessocampolargokids,33,0.2413793103448276
53,acessocampolargokids,34,0.4
54,acessoemilianoperneta,23,0.0
55,acessoemilianoperneta,24,0.0
56,acessoemilianoperneta,25,0.0
57,acessoemilianoperneta,26,0.0
58,acessoemilianoperneta,27,0.0
59,acessoemilianoperneta,29,0.0
60,acessoemilianoperneta,30,0.0
61,acessoemilianoperneta,31,0.0
62,acessoemilianoperneta,32,0.0
63,acessoemilianoperneta,33,0.0
64,acessoemilianoperneta,34,0.0
65,acessofazendariogrande,23,0.5363748458692972
66,acessofazendariogrande,24,0.696319018404908
67,acessofazendariogrande,25,0.38654934003771213
68,acessofazendariogrande,26,0.43742255266418834
69,acessofazendariogrande,27,0.33712737127371273
70,acessofazendariogrande,30,0.6136363636363636
71,acessofazendariogrande,31,0.7619047619047619
72,acessofazendariogrande,32,0.6691729323308271
73,acessofazendariogrande,33,0.6827094474153298
74,acessofazendariogrande,34,0.38719068413391555
75,acessofazendariogrande,35,0.03409090909090909
76,acessohauer,23,0.5442477876106194
77,acessohauer,24,0.4530321046373365
78,acessohauer,25,0.7123287671232876
79,acessohauer,26,0.41304347826086957
80,acessohauer,27,0.8045738045738046
81,acessohauer,29,0.7857142857142857
82,acessohauer,31,0.7012578616352201
83,acessohauer,32,0.729064039408867
84,acessohauer,33,0.6289308176100629
85,acessohauer,34,0.6017699115044248
86,acessopinhais,23,0.35877862595419846
87,acessopinhais,24,0.7255813953488373
88,acessopinhais,25,0.3833943833943834
89,acessopinhais,26,0.40988372093023256
90,acessopinhais,27,0.2674033149171271
91,acessopinhais,30,0.8
92,acessopinhais,31,0.9302325581395349
93,acessopinhais,32,0.7769230769230769
94,acessopinhais,33,0.6336633663366337
95,acessopinhais,34,0.35944700460829493
96,acessopinhais,35,0.023316062176165803
97,acessosantafelicidade,23,0.6283704572098476
98,acessosantafelicidade,24,0.7089985486211902
99,acessosantafelicidade,25,0.36668116572422793
100,acessosantafelicidade,26,0.3415841584158416
101,acessosantafelicidade,27,0.2675893886966551
102,acessosantafelicidade,30,0.8541666666666666
103,acessosantafelicidade,31,0.7846153846153846
104,acessosantafelicidade,32,0.6832740213523132
105,acessosantafelicidade,33,0.6534017971758665
106,acessosantafelicidade,34,0.40974967061923584
107,acessosantafelicidade,35,0.029835390946502057
108,acessosjpinhais,23,0.5264462809917355
109,acessosjpinhais,24,0.5332114564290067
110,acessosjpinhais,25,0.4412737799834574
111,acessosjpinhais,26,0.4027777777777778
112,acessosjpinhais,27,0.3119086460032626
113,acessosjpinhais,28,0.16230366492146597
114,acessosjpinhais,29,0.37543859649122807
115,acessosjpinhais,30,0.6739130434782609
116,acessosjpinhais,31,0.6393897364771152
117,acessosjpinhais,32,0.6117256637168141
118,acessosjpinhais,33,0.6279826464208242
119,acessosjpinhais,34,0.3745113369820172
120,acessosjpinhais,35,0.09904761904761905
121,adrianochan,23,0.25675675675675674
122,adrianochan,24,0.2443762781186094
123,adrianochan,25,0.5657276995305164
124,adrianochan,26,0.4962825278810409
125,adrianochan,27,0.0
126,adrianochan,30,0.0
127,adrianochan,31,0.25621251071122536
128,adrianochan,32,0.19805825242718447
129,adrianochan,33,0.07337883959044368
130,adrianochan,34,0.10521500457456541
131,adrianochan,35,0.0
132,aescobjetivo,23,0.4190503432494279
133,aescobjetivo,24,0.505291908501195
134,aescobjetivo,25,0.08426966292134831
135,aescobjetivo,26,0.02967359050445104
136,aescobjetivo,28,0.9120879120879121
137,aescobjetivo,29,0.6142857142857143
138,aescobjetivo,30,0.698943661971831
139,aescobjetivo,31,0.5902616760516728
140,aescobjetivo,32,0.530550918196995
141,aescobjetivo,33,0.17106347897774113
142,aescobjetivo,34,0.09299895506792058
143,aescobjetivo,35,0.04654088050314465
144,albertsabin,23,0.0
145,albertsabin,24,0.0
146,albertsabin,25,0.0
147,albertsabin,27,0.0
148,albertsabin,28,0.0
149,albertsabin,29,0.0
150,albertsabin,30,0.0
151,albertsabin,32,0.0
152,albertsabin,33,0.0
153,albertsabin,34,0.0
154,albertsabin,35,0.0
155,alfacembilingue,23,0.0
156,alfacembilingue,24,0.0
157,alfacembilingue,25,0.0
158,alfacembilingue,27,0.0
159,alfacembilingue,28,0.0
160,alfacembilingue,29,0.0
161,alfacembilingue,30,0.0
162,alfacembilingue,32,0.0
163,alfacembilingue,33,0.0
164,alfacembilingue,34,0.0
165,alfacembilingue,35,0.0
166,alfeurosa,23,0.0
167,alfeurosa,24,0.0
168,alfeurosa,25,0.0
169,alfeurosa,26,0.0
170,alfeurosa,27,0.0
171,alfeurosa,28,0.0
172,alfeurosa,31,0.0
173,alfeurosa,32,0.0
174,alfeurosa,33,0.0
175,alfeurosa,35,0.0
176,alpha,23,0.0
177,alpha,24,0.0
178,alpha,25,0.0
179,alpha,26,0.0
180,alpha,27,0.0
181,alpha,28,0.0
182,alpha,31,0.0
183,alpha,32,0.0
184,alpha,33,0.0
185,alpha,35,0.0
186,amadeus,23,0.4707623982235381
187,amadeus,24,0.23661033087360153
188,amadeus,26,0.0
189,amadeus,27,0.0
190,amadeus,29,0.030756442227763924
191,amadeus,30,0.1541436464088398
192,amadeus,31,0.15307057745187902
193,amadeus,32,0.8214285714285714
194,amadeus,33,0.8256658595641646
195,amadeus,34,0.40515106488360575
196,amadeus,35,0.11103542234332425
197,amais,23,0.0
198,amais,24,0.0
199,amais,25,0.0
200,amais,26,0.0
201,amais,27,0.0
202,amais,28,0.0
203,amais,31,0.0
204,amais,32,0.0
205,amais,33,0.0
206,amais,34,0.0
207,amais,35,0.0
208,amaismaker,23,0.0
209,amaismaker,24,0.0
210,amaismaker,25,0.0
211,amaismaker,26,0.0
212,amaismaker,33,0.0
213,amaismaker,34,0.0
214,amaisteste,28,0.10714285714285714
215,amaisteste,33,0.0
216,amaisteste,35,0.0
217,anchietaba,23,0.0
218,anchietaba,24,0.0
219,anchietaba,25,0.0
220,anchietaba,27,0.0
221,anchietaba,28,0.0
222,anchietaba,29,0.0
223,anchietaba,30,0.0
224,anchietaba,32,0.0
225,anchietaba,33,0.0
226,anchietaba,34,0.0
227,anchietaba,35,0.0
228,anossaatmosfera,23,0.0
229,anossaatmosfera,24,0.0
230,anossaatmosfera,25,0.0
231,anossaatmosfera,26,0.0
232,anossaatmosfera,27,0.0
233,anossaatmosfera,28,0.0
234,anossaatmosfera,31,0.0
235,anossaatmosfera,32,0.0
236,anossaatmosfera,33,0.0
237,anossaatmosfera,35,0.0
238,apogeubenfica,23,0.0
239,apogeubenfica,24,0.0
240,apogeubenfica,25,0.0
241,apogeubenfica,29,0.0
242,apogeubenfica,32,0.0
243,apogeupousoalegre,23,0.0
244,apogeupousoalegre,25,0.0
245,apogeupousoalegre,26,0.0
246,apogeupousoalegre,29,0.0
247,apogeupousoalegre,32,0.0
248,apogeustoantonio1,23,0.0
249,apogeustoantonio1,25,0.0
250,apogeustoantonio1,26,0.0
251,apogeustoantonio1,29,0.0
252,apogeustoantonio1,32,0.0
253,apogeustoantonio2,23,0.4533762057877814
254,apogeustoantonio2,24,0.5637583892617449
255,apogeustoantonio2,25,0.24390243902439024
256,apogeustoantonio2,26,0.3588235294117647
257,apogeustoantonio2,28,0.7954545454545454
258,apogeustoantonio2,29,0.2925531914893617
259,apogeustoantonio2,31,0.5555555555555556
260,apogeustoantonio2,32,0.32432432432432434
261,apogeustoantonio2,34,0.6590909090909091
262,aprovest,27,0.8588235294117647
263,arena,23,0.0
264,arena,24,0.0
265,arena,25,0.0
266,arena,27,0.0
267,arena,28,0.0
268,arena,29,0.0
269,arena,30,0.0
270,arena,32,0.0
271,arena,33,0.0
272,arena,34,0.0
273,arena,35,0.0
274,arlindocavalcanti,25,0.0
275,atmo,23,0.0
276,atmo,24,0.0
277,atmo,25,0.0
278,atmo,27,0.0
279,atmo,28,0.0
280,atmo,29,0.0
281,atmo,30,0.0
282,atmo,32,0.0
283,atmo,33,0.0
284,atmo,34,0.0
285,atmo,35,0.0
286,augustolaranja,23,0.0
287,augustolaranja,24,0.0
288,augustolaranja,25,0.0
289,augustolaranja,27,0.0
290,augustolaranja,28,0.0
291,augustolaranja,29,0.0
292,augustolaranja,30,0.0
293,augustolaranja,32,0.0
294,augustolaranja,33,0.0
295,augustolaranja,34,0.0
296,augustolaranja,35,0.0
297,avaliacaoapogeu,23,0.0
298,avaliacaoapogeu,24,0.0
299,avaliacaoapogeu,25,0.0
300,avaliacaoapogeu,26,0.0
301,avaliacaoapogeu,28,0.0
302,avaliacaoapogeu,29,0.0
303,avaliacaoapogeu,31,0.0
304,avaliacaoapogeu,32,0.0
305,avaliacaoapogeu,34,0.0
306,bahema,23,0.0
307,bahema,24,0.0
308,bahema,25,0.0
309,bahema,27,0.0
310,bahema,28,0.0
311,bahema,29,0.0
312,bahema,30,0.0
313,bahema,32,0.0
314,bahema,33,0.0
315,bahema,34,0.0
316,bahema,35,0.0
317,beityaacov,23,0.2631578947368421
318,beityaacov,24,0.0
319,beityaacov,25,0.0
320,beityaacov,27,0.0
321,beityaacov,28,0.0
322,beityaacov,29,0.0
323,beityaacov,30,0.0
324,beityaacov,32,0.0
325,beityaacov,33,0.0
326,beityaacov,34,0.0
327,beityaacov,35,0.0
328,benjaminconstant,23,0.0
329,benjaminconstant,24,0.0
330,benjaminconstant,25,0.0
331,benjaminconstant,27,0.0
332,benjaminconstant,28,0.0
333,benjaminconstant,29,0.0
334,benjaminconstant,30,0.0
335,benjaminconstant,32,0.0
336,benjaminconstant,33,0.0
337,benjaminconstant,34,0.0
338,benjaminconstant,35,0.0
339,bertelsmann,23,0.0
340,bertelsmann,24,0.0
341,bertelsmann,25,0.0
342,bertelsmann,26,0.0
343,bertelsmann,27,0.0
344,bertelsmann,28,0.1
345,bertelsmann,31,0.0
346,bertelsmann,32,0.0
347,bertelsmann,33,0.0
348,bertelsmann,35,0.0
349,blueschooleducacional,23,0.0
350,blueschooleducacional,24,0.0
351,blueschooleducacional,25,0.0
352,blueschooleducacional,27,0.0
353,blueschooleducacional,28,0.0
354,blueschooleducacional,29,0.0
355,blueschooleducacional,30,0.0
356,blueschooleducacional,32,0.0
357,blueschooleducacional,33,0.0
358,blueschooleducacional,34,0.0
359,blueschooleducacional,35,0.0
360,boaviagem,23,0.0
361,boaviagem,24,0.0
362,boaviagem,25,0.0
363,boaviagem,26,0.0
364,boaviagem,27,0.0
365,boaviagem,28,0.0
366,boaviagem,31,0.0
367,boaviagem,32,0.0
368,boaviagem,33,0.0
369,boaviagem,35,0.0
370,borapassar,23,0.0
371,borapassar,24,0.0
372,borapassar,25,0.0
373,borapassar,26,0.0
374,borapassar,27,0.0
375,borapassar,28,0.0
376,borapassar,31,0.0
377,borapassar,32,0.0
378,borapassar,33,0.0
379,borapassar,35,0.0
380,bosquemananciais,23,0.0
381,bosquemananciais,24,0.0
382,bosquemananciais,25,0.0
383,bosquemananciais,27,0.0
384,bosquemananciais,28,0.0
385,bosquemananciais,29,0.0
386,bosquemananciais,30,0.0
387,bosquemananciais,32,0.0
388,bosquemananciais,33,0.0
389,bosquemananciais,34,0.0
390,bosquemananciais,35,0.0
391,brasilcursinhos,25,0.17482517482517482
392,brasilcursinhos,27,0.16083916083916083
393,brasilcursinhos,28,0.7235023041474654
394,brasilcursinhos,29,0.4375
395,brasilcursinhos,30,1.0
396,brasilcursinhos,34,0.7377049180327869
397,brasilcursinhos,35,0.3333333333333333
398,camerinocursos,29,0.05052631578947368
399,capacitacaoinspira,27,0.0
400,casdinhosjc,23,0.3522906793048973
401,casdinhosjc,24,0.4258064516129032
402,casdinhosjc,25,0.40869565217391307
403,casdinhosjc,27,0.5607843137254902
404,casdinhosjc,31,0.37254901960784315
405,casdinhosjc,33,0.49411764705882355
406,casdvest,23,0.0
407,casdvest,24,0.23076923076923078
408,casdvest,25,0.14285714285714285
409,casdvest,26,0.07785234899328859
410,casdvest,27,0.058208955223880594
411,casdvest,28,0.01905972045743329
412,casdvest,29,0.05333333333333334
413,casdvest,30,0.04029850746268657
414,casdvest,31,0.04328358208955224
415,casdvest,32,0.03283582089552239
416,casdvest,33,0.03880597014925373
417,casdvest,35,0.0
418,catamaravita,23,0.0
419,catamaravita,24,0.0
420,catamaravita,25,0.0
421,catamaravita,26,0.0
422,catamaravita,27,0.0
423,catamaravita,28,0.0
424,catamaravita,31,0.0
425,catamaravita,32,0.0
426,catamaravita,33,0.0
427,catamaravita,35,0.0
428,catarinense,23,0.0
429,catarinense,24,0.0
430,catarinense,25,0.0
431,catarinense,27,0.0
432,catarinense,28,0.0
433,catarinense,29,0.0
434,catarinense,30,0.0
435,catarinense,32,0.0
436,catarinense,33,0.0
437,catarinense,34,0.0
438,catarinense,35,0.0
439,cats,29,0.7045454545454546
440,cats,30,0.5
441,cats,34,0.11363636363636363
442,caur,23,0.0
443,caur,24,0.0
444,caur,25,0.0
445,caur,26,0.0
446,caur,27,0.0
447,caur,32,0.0
448,caur,33,0.0
449,caur,34,0.0
450,caur,35,0.0
451,cav,23,0.0
452,cav,24,0.0
453,cav,25,0.0
454,cav,27,0.0
455,cav,28,0.0
456,cav,29,0.0
457,cav,30,0.0
458,cav,32,0.0
459,cav,33,0.0
460,cav,34,0.0
461,cav,35,0.0
462,cbpdigital,23,0.18882978723404256
463,cbpdigital,24,0.6962216624685138
464,cbpdigital,25,0.4166666666666667
465,cbpdigital,26,0.28640776699029125
466,cbpdigital,30,0.0
467,cbpdigital,31,0.8125
468,cbpdigital,32,0.7222222222222222
469,cbpdigital,33,0.9007633587786259
470,cbpdigital,34,0.8169838945827232
471,cbpdigital,35,0.7800982800982801
472,ceabb,26,0.21518987341772153
473,ceabb,27,0.2389937106918239
474,ceabb,30,0.0
475,ceabb,31,0.18840579710144928
476,ceabb,35,0.0967391304347826
477,cecbdf,23,0.0
478,cecbdf,24,0.0
479,cecbdf,25,0.0
480,cecbdf,27,0.0
481,cecbdf,28,0.0
482,cecbdf,29,0.0
483,cecbdf,30,0.0
484,cecbdf,32,0.0
485,cecbdf,33,0.0
486,cecbdf,34,0.0
487,cecbdf,35,0.0
488,ceespacolivre,23,0.760752688172043
489,ceespacolivre,24,0.8002028397565923
490,ceespacolivre,25,0.13821138211382114
491,ceespacolivre,26,0.34210526315789475
492,ceespacolivre,27,0.65
493,ceespacolivre,28,0.5833333333333334
494,ceespacolivre,30,0.0
495,ceespacolivre,31,0.0
496,ceespacolivre,32,0.46153846153846156
497,ceespacolivre,33,0.4166666666666667
498,ceespacolivre,34,0.6363636363636364
499,ceespacolivre,35,0.05
500,cem,23,0.8372844827586207
501,cem,24,0.8368794326241135
502,cem,25,0.75
503,cem,30,0.0
504,cem,31,0.7747747747747747
505,cem,32,0.8238434163701067
506,cem,33,0.7923169267707083
507,cem,34,0.49206349206349204
508,cem,35,0.2653061224489796
509,ceprimeiromundo,23,0.4645426515930113
510,ceprimeiromundo,24,0.19376026272577998
511,ceprimeiromundo,25,0.3671875
512,ceprimeiromundo,26,0.33980582524271846
513,ceprimeiromundo,27,0.6514851485148515
514,ceprimeiromundo,28,0.08267090620031796
515,ceprimeiromundo,29,0.12727272727272726
516,ceprimeiromundo,30,0.11206896551724138
517,ceprimeiromundo,31,0.30639097744360905
518,ceprimeiromundo,32,0.1043518951801591
519,ceprimeiromundo,33,0.1365392872477458
520,ceprimeiromundo,34,0.07013738250180766
521,ceprimeiromundo,35,0.025
522,cepseguro,23,0.0
523,cepseguro,24,0.0
524,cepseguro,25,0.0
525,cepseguro,26,0.0
526,cepseguro,27,0.0
527,cepseguro,28,0.0
528,cepseguro,31,0.0
529,cepseguro,32,0.0
530,cfc,23,0.0
531,cfc,24,0.0
532,cfc,25,0.0
533,cfc,27,0.0
534,cfc,28,0.0
535,cfc,29,0.0
536,cfc,30,0.0
537,cfc,32,0.0
538,cfc,33,0.0
539,cfc,34,0.0
540,cfc,35,0.0
541,cfimaculadaconceicao,23,0.0
542,cfimaculadaconceicao,24,0.0
543,cfimaculadaconceicao,25,0.0
544,cfimaculadaconceicao,26,0.0
545,cfimaculadaconceicao,27,0.0
546,cfimaculadaconceicao,28,0.0
547,cfimaculadaconceicao,29,0.0
548,cfimaculadaconceicao,30,0.0
549,cfimaculadaconceicao,32,0.0
550,cfimaculadaconceicao,33,0.0
551,cfimaculadaconceicao,34,0.0
552,cfimaculadaconceicao,35,0.0
553,charlesdarwin,23,0.0
554,charlesdarwin,24,0.0
555,charlesdarwin,25,0.0
556,charlesdarwin,27,0.0
557,charlesdarwin,28,0.0
558,charlesdarwin,29,0.0
559,charlesdarwin,30,0.0
560,charlesdarwin,32,0.0
561,charlesdarwin,33,0.0
562,charlesdarwin,34,0.0
563,charlesdarwin,35,0.0
564,ciadosaber,23,0.6861702127659575
565,ciadosaber,24,0.5057471264367817
566,ciadosaber,25,0.7083333333333334
567,ciadosaber,30,0.07627118644067797
568,ciadosaber,31,0.09523809523809523
569,ciadosaber,32,0.3352941176470588
570,ciadosaber,33,0.3390804597701149
571,ciadosaber,34,0.26851851851851855
572,classea,23,0.0
573,classea,24,0.0
574,classea,25,0.0
575,classea,27,0.0
576,classea,28,0.0
577,classea,29,0.0
578,classea,30,0.0
579,classea,32,0.0
580,classea,33,0.0
581,classea,34,0.0
582,classea,35,0.0
583,cmdpii,23,0.0
584,cmdpii,24,0.0
585,cmdpii,25,0.0
586,cmdpii,27,0.0
587,cmdpii,28,0.0
588,cmdpii,29,0.0
589,cmdpii,30,0.0
590,cmdpii,32,0.0
591,cmdpii,33,0.0
592,cmdpii,34,0.0
593,cmdpii,35,0.0
594,cnslpb,23,0.1710843373493976
595,cnslpb,24,0.4765564950038432
596,cnslpb,25,0.12462908011869436
597,cnslpb,26,0.16463414634146342
598,cnslpb,28,0.06097560975609756
599,cnslpb,30,0.04743083003952569
600,cnslpb,31,0.27712418300653596
601,cnslpb,32,0.24408014571949
602,cnslpb,33,0.375
603,cnslpb,34,0.23376623376623376
604,cnslpb,35,0.09848484848484848
605,cognita,23,0.0
606,cognita,24,0.0
607,cognita,25,0.0
608,cognita,27,0.0
609,cognita,28,0.0
610,cognita,29,0.0
611,cognita,30,0.0
612,cognita,32,0.0
613,cognita,33,0.0
614,cognita,34,0.0
615,cognita,35,0.0
616,cognitivo,23,0.0
617,cognitivo,24,0.0
618,cognitivo,25,0.0
619,cognitivo,27,0.0
620,cognitivo,28,0.0
621,cognitivo,29,0.0
622,cognitivo,30,0.0
623,cognitivo,32,0.0
624,cognitivo,33,0.0
625,cognitivo,34,0.0
626,cognitivo,35,0.0
627,colegioalbertsabin,23,0.0
628,colegioalbertsabin,24,0.0
629,colegioalbertsabin,25,0.0
630,colegioalbertsabin,27,0.0
631,colegioalbertsabin,28,0.0
632,colegioalbertsabin,29,0.0
633,colegioalbertsabin,30,0.0
634,colegioalbertsabin,32,0.0
635,colegioalbertsabin,33,0.0
636,colegioalbertsabin,34,0.0
637,colegioalbertsabin,35,0.0
638,colegioalphaunis,24,0.5493562231759657
639,colegioalphaunis,25,0.39612403100775195
640,colegioalphaunis,26,0.1639871382636656
641,colegioalphaunis,27,0.6409638554216868
642,colegioalphaunis,33,0.8012108980827447
643,colegioalphaunis,34,0.8205128205128205
644,colegioanchietai,33,0.0
645,colegioanchietai,34,0.0
646,colegioanchietaii,33,0.0
647,colegioanchietaii,34,0.0
648,colegioarena,23,0.5196833547282841
649,colegioarena,24,0.6046405823475887
650,colegioarena,25,0.8347107438016529
651,colegioarena,30,0.0
652,colegioarena,31,0.17796610169491525
653,colegioarena,32,0.3724696356275304
654,colegioarena,33,0.40811287477954145
655,colegioarena,34,0.25847644209599296
656,colegioarena,35,0.023767082590612002
657,colegiobatistaindependente,23,0.8478260869565217
658,colegiobatistaindependente,24,0.5454545454545454
659,colegiobatistaindependente,25,0.7959558823529411
660,colegiobatistaindependente,26,0.5666666666666667
661,colegiobatistaindependente,27,0.343042071197411
662,colegiobatistaindependente,28,0.5662650602409639
663,colegiobatistaindependente,30,0.0
664,colegiobatistaindependente,32,0.8888888888888888
665,colegiobatistaindependente,33,0.8082191780821918
666,colegiobatistaindependente,34,0.8091872791519434
667,colegiobatistaindependente,35,0.46153846153846156
668,colegiobetelbrasileirosp,23,0.783068783068783
669,colegiobetelbrasileirosp,24,0.8378378378378378
670,colegiobetelbrasileirosp,25,0.6777777777777778
671,colegiobetelbrasileirosp,30,0.0
672,colegiobetelbrasileirosp,31,0.5774647887323944
673,colegiobetelbrasileirosp,32,0.8071005917159764
674,colegiobetelbrasileirosp,33,0.7522123893805309
675,colegiobetelbrasileirosp,34,0.7086247086247086
676,colegiobetelbrasileirosp,35,0.5
677,colegiobianguloiv,33,0.0
678,colegiobianguloiv,34,0.0
679,colegiobilac,23,0.11596385542168675
680,colegiobilac,24,0.2315270935960591
681,colegiobilac,29,0.30042918454935624
682,colegiobilac,30,0.35502530730296455
683,colegiobilac,31,0.5147744945567652
684,colegiobilac,32,0.16595744680851063
685,colegiobilac,33,0.17307692307692307
686,colegiobilac,34,0.0
687,colegiobilac,35,0.0
688,colegiobrasilia,23,0.4334990209368881
689,colegiobrasilia,24,0.46658791765102936
690,colegiobrasilia,25,0.4507945358238082
691,colegiobrasilia,26,0.0
692,colegiobrasilia,27,0.0
693,colegiobrasilia,28,0.0
694,colegiobrasilia,30,0.5927601809954751
695,colegiobrasilia,31,0.4952753339850114
696,colegiobrasilia,32,0.4981081081081081
697,colegiobrasilia,33,0.3168296234657791
698,colegiobrasilia,34,0.22320169252468264
699,colegiobrasilia,35,0.09299065420560748
700,colegiocb,23,0.7193263833199679
701,colegiocb,24,0.734375
702,colegiocb,25,0.7450980392156863
703,colegiocb,26,0.7894736842105263
704,colegiocb,27,0.0
705,colegiocb,30,0.5692307692307692
706,colegiocb,31,0.4096774193548387
707,colegiocb,32,0.6412213740458015
708,colegiocb,33,0.825
709,colegiocb,34,0.5888568683957733
710,colegiocb,35,0.43663594470046085
711,colegiocognos,23,0.0
712,colegiocognos,24,0.0
713,colegiocognos,25,0.0
714,colegiocognos,27,0.0
715,colegiocognos,28,0.0
716,colegiocognos,29,0.0
717,colegiocognos,30,0.0
718,colegiocognos,32,0.0
719,colegiocognos,33,0.0
720,colegiocognos,34,0.0
721,colegiocognos,35,0.0
722,colegiodasamericas,23,0.16666666666666666
723,colegiodasamericas,24,0.9273115980758952
724,colegiodasamericas,25,1.0
725,colegiodasamericas,26,0.3333333333333333
726,colegiodasamericas,27,0.15789473684210525
727,colegiodasamericas,30,0.6578947368421053
728,colegiodasamericas,31,0.7413793103448276
729,colegiodasamericas,33,0.8145695364238411
730,colegiodasamericas,34,0.78125
731,colegiodasamericas,35,0.7350993377483444
732,colegiodelta,30,0.0
733,colegiodompedrosegundo,28,0.5555555555555556
734,colegiodosjesuitas,23,0.0
735,colegiodosjesuitas,24,0.0
736,colegiodosjesuitas,25,0.0
737,colegiodosjesuitas,27,0.0
738,colegiodosjesuitas,28,0.0
739,colegiodosjesuitas,29,0.0
740,colegiodosjesuitas,30,0.0
741,colegiodosjesuitas,32,0.0
742,colegiodosjesuitas,33,0.0
743,colegiodosjesuitas,34,0.0
744,colegiodosjesuitas,35,0.0
745,colegioeag,27,0.0
746,colegioeag,30,0.45614035087719296
747,colegioeag,33,0.8275862068965517
748,colegioeag,34,0.6263736263736264
749,colegioeccos,23,0.0
750,colegioeccos,24,0.0
751,colegioeccos,25,0.0
752,colegioeccos,27,0.0
753,colegioeccos,28,0.0
754,colegioeccos,29,0.0
755,colegioeccos,30,0.0
756,colegioeccos,32,0.0
757,colegioeccos,33,0.0
758,colegioeccos,34,0.0
759,colegioeccos,35,0.0
760,colegioecursodesafio,23,0.5581824898411526
761,colegioecursodesafio,24,0.15726947011125778
762,colegioecursodesafio,25,0.13326653306613226
763,colegioecursodesafio,26,0.0
764,colegioecursodesafio,27,0.0
765,colegioecursodesafio,28,0.0
766,colegioecursodesafio,31,0.0
767,colegioecursodesafio,32,0.0
768,colegioecursodesafio,33,0.0
769,colegioecursodesafio,35,0.0
770,colegioecursoprogressao,23,0.5977011494252874
771,colegioecursoprogressao,24,0.6039387308533917
772,colegioecursoprogressao,25,0.6894824707846411
773,colegioecursoprogressao,26,0.6552511415525114
774,colegioecursoprogressao,27,0.6154553817847286
775,colegioecursoprogressao,28,0.4672131147540984
776,colegioecursoprogressao,30,0.4723618090452261
777,colegioecursoprogressao,31,0.4486396446418656
778,colegioecursoprogressao,32,0.5922069197178368
779,colegioecursoprogressao,33,0.6611074049366245
780,colegioecursoprogressao,34,0.6980108499095841
781,colegioecursoprogressao,35,0.32941176470588235
782,colegioeducallis,23,0.7364505844845909
783,colegioeducallis,24,0.7142857142857143
784,colegioeducallis,25,0.6815476190476191
785,colegioeducallis,30,0.0
786,colegioeducallis,31,0.6536312849162011
787,colegioeducallis,32,0.6984126984126984
788,colegioeducallis,33,0.1504297994269341
789,colegioeducallis,34,0.02040816326530612
790,colegioeducallis,35,0.04477611940298507
791,colegioensitec,23,0.7964601769911505
792,colegioensitec,24,0.7696335078534031
793,colegioensitec,25,0.7064676616915423
794,colegioensitec,28,0.5809128630705395
795,colegioensitec,29,0.7851063829787234
796,colegioensitec,30,0.6689944134078212
797,colegioensitec,31,0.6272321428571429
798,colegioensitec,32,0.35526315789473684
799,colegioensitec,33,0.30714285714285716
800,colegioensitec,34,0.1111111111111111
801,colegioensitec,35,0.19230769230769232
802,colegioexatus,23,0.0
803,colegioexatus,24,0.0
804,colegioexatus,25,0.0
805,colegioexatus,27,0.0
806,colegioexatus,28,0.0
807,colegioexatus,29,0.0
808,colegioexatus,30,0.0
809,colegioexatus,32,0.0
810,colegioexatus,33,0.0
811,colegioexatus,34,0.0
812,colegioexatus,35,0.0
813,colegioflamingo,23,0.4036697247706422
814,colegioflamingo,24,0.5106382978723404
815,colegioflamingo,25,0.58
816,colegioflamingo,26,0.1794871794871795
817,colegioflamingo,27,0.0
818,colegioflamingo,28,0.0
819,colegioflamingo,31,0.0
820,colegioflamingo,32,0.16279069767441862
821,colegioflamingo,33,0.30275229357798167
822,colegioflamingo,34,0.6990521327014217
823,colegioflamingo,35,0.21428571428571427
824,colegiofuturageracao,23,0.9134615384615384
825,colegiofuturageracao,24,0.9271523178807947
826,colegiofuturageracao,25,0.8046875
827,colegiofuturageracao,26,0.16666666666666666
828,colegiofuturageracao,31,0.4
829,colegiofuturageracao,32,0.7534246575342466
830,colegiofuturageracao,33,0.6296296296296297
831,colegiofuturageracao,34,0.7619047619047619
832,colegiofuturageracao,35,0.5764705882352941
833,colegioglobal,23,0.8043052837573386
834,colegioglobal,24,0.6947368421052632
835,colegioglobal,25,0.6294416243654822
836,colegioglobal,26,1.0
837,colegioglobal,30,0.4411764705882353
838,colegioglobal,32,0.6615853658536586
839,colegioglobal,33,0.9062957540263543
840,colegioglobal,34,0.74364896073903
841,colegioglobal,35,0.44
842,colegioguilhermedealmeida,30,0.0
843,colegioguilhermedealmeida,31,0.26590909090909093
844,colegioguilhermedealmeida,32,0.8405797101449275
845,colegioguilhermedealmeida,33,0.6901408450704225
846,colegioguilhermedealmeida,34,0.5706521739130435
847,colegioguilhermedealmeida,35,0.08280254777070063
848,colegioiguatemy,23,0.8806818181818182
849,colegioiguatemy,24,0.9534883720930233
850,colegioiguatemy,25,0.13725490196078433
851,colegioiguatemy,26,0.20816326530612245
852,colegioiguatemy,27,0.37142857142857144
853,colegioiguatemy,30,0.5597014925373134
854,colegioiguatemy,31,0.49940688018979834
855,colegioiguatemy,32,0.4578146611341632
856,colegioiguatemy,33,0.34590616375344985
857,colegioiguatemy,34,0.4010507880910683
858,colegioiguatemy,35,0.10891089108910891
859,colegiointegral,23,0.7449118046132972
860,colegiointegral,24,0.8781887755102041
861,colegiointegral,25,0.0
862,colegiointegral,26,0.8017241379310345
863,colegiointegral,27,0.28
864,colegiointegral,28,0.7678431372549019
865,colegiointegral,29,0.8893528183716075
866,colegiointegral,30,0.7555178268251274
867,colegiointegral,31,0.8726765799256505
868,colegiointegral,32,0.8311148086522463
869,colegiointegral,33,0.6502029769959404
870,colegiointegral,34,0.5919117647058824
871,colegiointegral,35,0.47676282051282054
872,colegioitamarati,23,0.0
873,colegioitamarati,24,0.0
874,colegioitamarati,25,0.0
875,colegioitamarati,30,0.0
876,colegioitamarati,31,0.0
877,colegioitamarati,32,0.0
878,colegioitamarati,33,0.0
879,colegioitamarati,34,0.0
880,colegiojoaopaulo,23,0.218562874251497
881,colegiojoaopaulo,24,0.34228650137741046
882,colegiojoaopaulo,25,0.665785997357992
883,colegiojoaopaulo,26,0.7053140096618358
884,colegiojoaopaulo,27,0.6288117770767613
885,colegiojoaopaulo,28,0.32719836400818
886,colegiojoaopaulo,29,0.2692307692307692
887,colegiojoaopaulo,30,0.4528301886792453
888,colegiojoaopaulo,31,0.5996563573883161
889,colegiojoaopaulo,32,0.6489675516224189
890,colegiojoaopaulo,33,0.6074544012688342
891,colegiojoaopaulo,34,0.3744292237442922
892,colegiojoaopaulo,35,0.16666666666666666
893,colegioliceu,23,0.0
894,colegioliceu,24,0.0
895,colegioliceu,25,0.0
896,colegioliceu,27,0.0
897,colegioliceu,28,0.0
898,colegioliceu,29,0.0
899,colegioliceu,30,0.0
900,colegioliceu,32,0.0
901,colegioliceu,33,0.06321839080459771
902,colegioliceu,34,0.0
903,colegioliceu,35,0.0
904,colegiomagnum,23,0.7318435754189944
905,colegiomagnum,33,0.33137254901960783
906,colegiomagnum,34,0.20588235294117646
907,colegiomarilia,23,0.0
908,colegiomarilia,24,0.0
909,colegiomarilia,25,0.0
910,colegiomarilia,30,0.0
911,colegiomarilia,31,0.0
912,colegiomarilia,32,0.0
913,colegiomarilia,33,0.0
914,colegiomarilia,34,0.0
915,colegiomartinus,23,0.0
916,colegiomartinus,24,0.0
917,colegiomartinus,25,0.0
918,colegiomartinus,27,0.0
919,colegiomartinus,28,0.0
920,colegiomartinus,29,0.0
921,colegiomartinus,30,0.0
922,colegiomartinus,32,0.0
923,colegiomartinus,33,0.0
924,colegiomartinus,34,0.0
925,colegiomartinus,35,0.0
926,colegiomodelo,23,0.0
927,colegiomodelo,24,0.0
928,colegiomodelo,25,0.0
929,colegiomodelo,27,0.0
930,colegiomodelo,28,0.0
931,colegiomodelo,29,0.0
932,colegiomodelo,30,0.0
933,colegiomodelo,32,0.0
934,colegiomodelo,33,0.0
935,colegiomodelo,34,0.0
936,colegiomodelo,35,0.0
937,colegiomundial,28,0.32608695652173914
938,colegiomundial,29,0.38461538461538464
939,colegionobre,23,0.0
940,colegionobre,24,0.0
941,colegionobre,25,0.0
942,colegionobre,27,0.0
943,colegionobre,28,0.0
944,colegionobre,29,0.0
945,colegionobre,30,0.0
946,colegionobre,32,0.0
947,colegionobre,33,0.0
948,colegionobre,34,0.0
949,colegionobre,35,0.0
950,colegionovageracao,35,0.2111111111111111
951,colegionovopatio,23,0.56
952,colegionovopatio,25,0.375
953,colegiopadreeustaquio,23,0.0
954,colegiopadreeustaquio,24,0.0
955,colegiopadreeustaquio,25,0.0
956,colegiopadreeustaquio,27,0.0
957,colegiopadreeustaquio,28,0.0
958,colegiopadreeustaquio,29,0.0
959,colegiopadreeustaquio,30,0.0
960,colegiopadreeustaquio,32,0.0
961,colegiopadreeustaquio,33,0.0
962,colegiopadreeustaquio,34,0.0
963,colegiopadreeustaquio,35,0.0
964,colegiopassionista,23,0.0
965,colegiopassionista,24,0.0
966,colegiopassionista,25,0.0
967,colegiopassionista,26,0.0
968,colegiopassionista,27,0.0
969,colegiopassionista,28,0.0
970,colegiopassionista,31,0.0
971,colegiopassionista,32,0.0
972,colegiopassionista,33,0.0
973,colegiopassionista,35,0.0
974,colegiopioxii,30,0.0
975,colegioplanck,23,0.7402597402597403
976,colegioplanck,24,0.5200517464424321
977,colegioplanck,25,0.5798525798525799
978,colegioplanck,28,0.6153846153846154
979,colegioplanck,29,0.8571428571428571
980,colegioplanck,30,0.6594594594594595
981,colegioplanck,31,0.5881656804733728
982,colegioplanck,32,0.627906976744186
983,colegioplanck,33,0.5488867376573088
984,colegioplanck,34,0.1
985,colegioplanck,35,0.71875
986,colegiopremium,23,0.5847457627118644
987,colegiopremium,24,0.6402116402116402
988,colegiopremium,25,0.23333333333333334
989,colegiopremium,26,0.6647058823529411
990,colegiopremium,31,0.2222222222222222
991,colegiopremium,33,0.2489451476793249
992,colegioprogresso,23,0.0
993,colegioprogresso,24,0.0
994,colegioprogresso,25,0.0
995,colegioprogresso,27,0.0
996,colegioprogresso,28,0.0
997,colegioprogresso,29,0.0
998,colegioprogresso,30,0.0
999,colegioprogresso,32,0.0
1000,colegioprogresso,33,0.0
1001,colegioprogresso,34,0.0
1002,colegioprogresso,35,0.0
1003,colegioradar,23,0.0
1004,colegioradar,24,0.0
1005,colegioradar,25,0.0
1006,colegioradar,27,0.0
1007,colegioradar,28,0.0
1008,colegioradar,29,0.0
1009,colegioradar,30,0.0
1010,colegioradar,32,0.0
1011,colegioradar,33,0.0
1012,colegioradar,34,0.0
1013,colegioradar,35,0.0
1014,colegioriobranco,23,0.0
1015,colegioriobranco,24,0.0
1016,colegioriobranco,25,0.0
1017,colegioriobranco,27,0.0
1018,colegioriobranco,28,0.0
1019,colegioriobranco,29,0.0
1020,colegioriobranco,30,0.0
1021,colegioriobranco,32,0.0
1022,colegioriobranco,33,0.0
1023,colegioriobranco,34,0.0
1024,colegioriobranco,35,0.0
1025,colegiosaberviver,23,0.0
1026,colegiosaberviver,24,0.0
1027,colegiosaberviver,25,0.0
1028,colegiosaberviver,27,0.0
1029,colegiosaberviver,28,0.0
1030,colegiosaberviver,29,0.0
1031,colegiosaberviver,30,0.0
1032,colegiosaberviver,32,0.0
1033,colegiosaberviver,33,0.0
1034,colegiosaberviver,34,0.0
1035,colegiosaberviver,35,0.0
1036,colegiosalesianorn,23,0.0
1037,colegiosalesianorn,24,0.0
1038,colegiosalesianorn,25,0.0
1039,colegiosalesianorn,27,0.0
1040,colegiosalesianorn,28,0.0
1041,colegiosalesianorn,29,0.0
1042,colegiosalesianorn,30,0.0
1043,colegiosalesianorn,32,0.0
1044,colegiosalesianorn,33,0.0
1045,colegiosalesianorn,34,0.0
1046,colegiosalesianorn,35,0.0
1047,colegiosantadoroteia,23,0.0
1048,colegiosantadoroteia,24,0.0
1049,colegiosantadoroteia,25,0.0
1050,colegiosantadoroteia,27,0.0
1051,colegiosantadoroteia,28,0.0
1052,colegiosantadoroteia,29,0.0
1053,colegiosantadoroteia,30,0.0
1054,colegiosantadoroteia,32,0.0
1055,colegiosantadoroteia,33,0.0
1056,colegiosantadoroteia,34,0.0
1057,colegiosantadoroteia,35,0.0
1058,colegiosantamaria,23,0.0
1059,colegiosantamaria,24,0.0
1060,colegiosantamaria,25,0.0
1061,colegiosantamaria,27,0.0
1062,colegiosantamaria,28,0.0
1063,colegiosantamaria,29,0.0
1064,colegiosantamaria,30,0.0
1065,colegiosantamaria,32,0.0
1066,colegiosantamaria,33,0.0
1067,colegiosantamaria,34,0.14285714285714285
1068,colegiosantamaria,35,0.0
1069,colegiosaojudas,23,0.0
1070,colegiosaojudas,24,0.0
1071,colegiosaojudas,25,0.0
1072,colegiosaojudas,27,0.0
1073,colegiosaojudas,28,0.0
1074,colegiosaojudas,29,0.0
1075,colegiosaojudas,30,0.0
1076,colegiosaojudas,32,0.0
1077,colegiosaojudas,33,0.0
1078,colegiosaojudas,34,0.0
1079,colegiosaojudas,35,0.0
1080,colegiosaoluis,23,0.0
1081,colegiosaoluis,24,0.0
1082,colegiosaoluis,25,0.0
1083,colegiosaoluis,27,0.0
1084,colegiosaoluis,28,0.0
1085,colegiosaoluis,29,0.0
1086,colegiosaoluis,30,0.0
1087,colegiosaoluis,32,0.0
1088,colegiosaoluis,33,0.0
1089,colegiosaoluis,34,0.0
1090,colegiosaoluis,35,0.0
1091,colegioser,26,0.1678743961352657
1092,colegioser,30,0.0
1093,colegioser,34,0.3691194209891435
1094,colegiosete,23,0.6724565756823822
1095,colegiosete,24,0.12405123339658444
1096,colegiosete,25,0.05084745762711865
1097,colegiosete,29,0.9097222222222222
1098,colegiosete,30,0.8343815513626834
1099,colegiosete,31,0.7733026467203682
1100,colegiosete,32,0.7718120805369127
1101,colegiosete,33,0.7700453857791225
1102,colegiosete,34,0.638112973308504
1103,colegiosete,35,0.6647727272727273
1104,colegiouirapuru,23,0.3868520859671302
1105,colegiouirapuru,24,0.3959731543624161
1106,colegiouirapuru,25,0.25
1107,colegiouirapuru,26,0.4
1108,colegiouirapuru,27,0.0
1109,colegiouirapuru,28,0.0
1110,colegiouirapuru,29,0.028985507246376812
1111,colegiouirapuru,30,0.0
1112,colegiouirapuru,31,0.018404907975460124
1113,colegiouirapuru,32,0.12774193548387097
1114,colegiouirapuru,33,0.25411334552102377
1115,colegiouirapuru,34,0.09235209235209235
1116,colegiouirapuru,35,0.0
1117,colegiounidadejardim,23,0.0
1118,colegiounidadejardim,24,0.0
1119,colegiounidadejardim,25,0.0
1120,colegiounidadejardim,26,0.0
1121,colegiounidadejardim,27,0.0
1122,colegiounidadejardim,28,0.0
1123,colegiounidadejardim,29,0.0
1124,colegiounidadejardim,30,0.0
1125,colegiounidadejardim,31,0.0
1126,colegiounidadejardim,32,0.0
1127,colegiounidadejardim,33,0.0
1128,colegiounidadejardim,34,0.0
1129,colegiounidadejardim,35,0.0
1130,colegiouniverso,23,0.8226164079822617
1131,colegiouniverso,24,0.7194244604316546
1132,colegiouniverso,25,0.34793982995421846
1133,colegiouniverso,26,0.17105263157894737
1134,colegiouniverso,27,0.0
1135,colegiouniverso,32,0.5224719101123596
1136,colegiouniverso,33,0.3969298245614035
1137,colegiouniverso,34,0.0
1138,colegioup,23,0.7152542372881356
1139,colegioup,24,0.7406914893617021
1140,colegioup,25,0.7490909090909091
1141,colegioup,26,0.5137389597644749
1142,colegioup,27,0.07326732673267326
1143,colegioup,28,0.06709451575262544
1144,colegioup,31,0.7833333333333333
1145,colegioup,33,0.5057471264367817
1146,colegioup,35,0.2116788321167883
1147,coleguium,23,0.0
1148,coleguium,24,0.0
1149,coleguium,25,0.0
1150,coleguium,26,0.0
1151,coleguium,27,0.0
1152,coleguium,28,0.0
1153,coleguium,31,0.0
1154,coleguium,32,0.0
1155,colsantamaria,23,0.0
1156,colsantamaria,24,0.0
1157,colsantamaria,25,0.0
1158,colsantamaria,27,0.0
1159,colsantamaria,28,0.0
1160,colsantamaria,29,0.0
1161,colsantamaria,30,0.0
1162,colsantamaria,32,0.0
1163,colsantamaria,33,0.0
1164,colsantamaria,34,0.0
1165,colsantamaria,35,0.0
1166,conexaosaber,23,0.15076923076923077
1167,conexaosaber,24,0.06727037516170763
1168,conexaosaber,25,0.15796897038081806
1169,conexaosaber,26,0.1111111111111111
1170,conexaosaber,30,0.0
1171,conexaosaber,33,0.11336032388663968
1172,conexaosaber,34,0.03763440860215054
1173,conexaosaber,35,0.03225806451612903
1174,conib,23,0.0
1175,conib,24,0.0
1176,conib,25,0.0
1177,conib,26,0.0
1178,conib,27,0.0
1179,conib,28,0.0
1180,conib,31,0.0
1181,conib,32,0.0
1182,contemporaneo,31,0.0
1183,contemporaneo,33,0.0
1184,contemporaneocidadeverde,23,0.323943661971831
1185,contemporaneocidadeverde,28,0.0
1186,contemporaneocidadeverde,30,0.0
1187,contemporaneocidadeverde,31,0.601766004415011
1188,contemporaneocidadeverde,32,0.5388471177944862
1189,contemporaneocidadeverde,33,0.5076335877862596
1190,contemporaneocidadeverde,34,0.08366533864541832
1191,contemporaneolagoanova,23,0.3933649289099526
1192,contemporaneolagoanova,30,0.8940397350993378
1193,contemporaneolagoanova,31,0.7745496804183614
1194,contemporaneolagoanova,32,0.7244897959183674
1195,contemporaneolagoanova,33,0.5485474006116208
1196,contemporaneolagoanova,34,0.12631578947368421
1197,cparaiso,23,0.0
1198,cparaiso,24,0.0
1199,cparaiso,25,0.0
1200,cparaiso,27,0.0
1201,cparaiso,28,0.0
1202,cparaiso,29,0.0
1203,cparaiso,30,0.0
1204,cparaiso,32,0.5
1205,cparaiso,33,0.0
1206,cparaiso,34,0.0625
1207,cparaiso,35,0.0
1208,crb,23,0.8417618270799347
1209,crb,24,0.4985063752276867
1210,crb,25,0.7089820359281437
1211,crb,26,0.3820662768031189
1212,crb,29,0.0
1213,crb,31,0.09473807023684518
1214,crb,32,0.11199128626596692
1215,crb,33,0.19310344827586207
1216,crb,34,0.096045197740113
1217,crb,35,0.07086614173228346
1218,crescercampinas,23,0.6234915526950925
1219,crescercampinas,24,0.4128166915052161
1220,crescercampinas,25,0.3149448345035105
1221,crescercampinas,26,0.0875
1222,crescercampinas,30,0.8666666666666667
1223,crescercampinas,31,0.37682403433476397
1224,crescercampinas,32,0.3565365025466893
1225,crescercampinas,33,0.7593868029326817
1226,crescercampinas,34,0.1163141993957704
1227,crescercampinas,35,0.0
1228,cruzeiro,23,0.0
1229,cruzeiro,24,0.0
1230,cruzeiro,25,0.0
1231,cruzeiro,27,0.0
1232,cruzeiro,28,0.0
1233,cruzeiro,29,0.0
1234,cruzeiro,30,0.0
1235,cruzeiro,32,0.0
1236,cruzeiro,33,0.0
1237,cruzeiro,34,0.0
1238,cruzeiro,35,0.0
1239,culturainglesa,30,0.0
1240,cursinhoeach,25,0.20408163265306123
1241,cursobase,24,0.0
1242,cursobase,25,1.0
1243,cursobase,34,0.0
1244,cursoenfase,23,0.20588235294117646
1245,cursoenfase,24,0.56
1246,cursoenfase,25,0.3125
1247,cursoenfase,33,0.20430107526881722
1248,cursoenfase,34,0.11267605633802817
1249,cursoisfera,23,0.4
1250,cursoisfera,24,0.39436619718309857
1251,cursoisfera,25,0.25980392156862747
1252,cursoisfera,26,0.41743119266055045
1253,cursoisfera,27,0.42105263157894735
1254,cursoisfera,28,0.35384615384615387
1255,cursoisfera,29,0.3333333333333333
1256,cursoisfera,30,0.4
1257,cursoisfera,31,0.4
1258,cursoisfera,32,0.4748858447488584
1259,cursoisfera,33,0.40106951871657753
1260,cursoisfera,34,0.3779264214046823
1261,cursoleopoldo,32,0.3178294573643411
1262,cursoleopoldo,34,0.18604651162790697
1263,cursoprogressao,30,0.0
1264,cursoprogressao,32,1.0
1265,cursosazambuja,23,0.5892857142857143
1266,cursosazambuja,24,0.9444444444444444
1267,cursosazambuja,25,0.7333333333333333
1268,cursosazambuja,26,0.4189189189189189
1269,cursosazambuja,27,0.3783783783783784
1270,cursosazambuja,28,0.5789473684210527
1271,cursosazambuja,29,0.6274509803921569
1272,cursosazambuja,30,0.4358974358974359
1273,cursosazambuja,31,0.3611111111111111
1274,cursosazambuja,33,0.6721311475409836
1275,cursosazambuja,34,0.5397923875432526
1276,cursosazambuja,35,0.05333333333333334
1277,dante,23,0.0
1278,dante,24,0.0
1279,dante,25,0.0
1280,dante,27,0.0
1281,dante,28,0.0
1282,dante,29,0.0
1283,dante,30,0.0
1284,dante,32,0.0
1285,dante,33,0.0
1286,dante,34,0.0
1287,dante,35,0.0
1288,dantealighieri,23,0.0
1289,dantealighieri,24,0.0
1290,dantealighieri,25,0.0
1291,dantealighieri,27,0.0
1292,dantealighieri,28,0.0
1293,dantealighieri,29,0.0
1294,dantealighieri,30,0.0
1295,dantealighieri,32,0.0
1296,dantealighieri,33,0.0
1297,dantealighieri,34,0.0
1298,dantealighieri,35,0.0
1299,darwin,23,0.0
1300,darwin,24,0.0
1301,darwin,25,0.0
1302,darwin,27,0.0
1303,darwin,28,0.0
1304,darwin,29,0.0
1305,darwin,30,0.0
1306,darwin,31,0.0
1307,darwin,32,0.0
1308,darwin,33,0.0
1309,darwin,34,0.0
1310,darwin,35,0.0
1311,delta,30,0.0
1312,deltaeducacional,23,0.5614754098360656
1313,deltaeducacional,24,0.483739837398374
1314,deltaeducacional,25,0.38934426229508196
1315,deltaeducacional,26,0.0935672514619883
1316,deltaeducacional,32,0.0
1317,deltaeducacional,33,0.0
1318,deltaeducacional,34,0.0
1319,deltaeducacional,35,0.0
1320,demo,23,0.0
1321,demo,24,0.0
1322,demo,25,0.0
1323,demo,26,0.0
1324,demo,27,0.0
1325,demo,28,0.0
1326,demo,31,0.0
1327,demo,32,0.0
1328,dionysia,23,0.0
1329,dionysia,24,0.0
1330,dionysia,25,0.0
1331,dionysia,26,0.0
1332,dionysia,27,0.0
1333,dionysia,28,0.0
1334,dionysia,31,0.0
1335,dionysia,32,0.0
1336,dionysia,33,0.0
1337,dionysia,35,0.0
1338,dokimos,23,0.0
1339,dokimos,24,0.0
1340,dokimos,25,0.0
1341,dokimos,26,0.0
1342,dokimos,27,0.0
1343,dokimos,28,0.0
1344,dokimos,31,0.0
1345,dokimos,32,0.0
1346,dokimos,33,0.0
1347,dokimos,35,0.0
1348,dombosco,23,0.0
1349,dombosco,24,0.0
1350,dombosco,25,0.0
1351,dombosco,26,0.0
1352,dombosco,27,0.0
1353,dombosco,28,0.0
1354,dombosco,31,0.0
1355,dombosco,32,0.0
1356,dombosco,33,0.0
1357,dombosco,35,0.0
1358,dominius,23,0.0
1359,dominius,24,0.0
1360,dominius,25,0.0
1361,dominius,26,0.0
1362,dominius,27,0.0
1363,dominius,29,0.0
1364,dominius,31,0.0
1365,dominius,32,0.0
1366,dominius,33,0.0
1367,dominius,34,0.0
1368,dominius,35,0.0
1369,dommga,25,0.5460526315789473
1370,domus,23,0.24509803921568626
1371,domus,33,0.5588235294117647
1372,domus,34,0.35294117647058826
1373,eacorcovado,23,0.5357142857142857
1374,eacorcovado,24,0.408
1375,eacorcovado,25,0.5432098765432098
1376,eacorcovado,30,0.0
1377,eacorcovado,31,0.6666666666666666
1378,eacorcovado,32,0.4716981132075472
1379,eacorcovado,33,0.25263157894736843
1380,eacorcovado,35,0.075
1381,eccos,23,0.0
1382,eccos,24,0.6175115207373272
1383,eccos,25,0.7735042735042735
1384,eccos,26,0.7540983606557377
1385,eccos,27,0.0
1386,eccos,28,0.0
1387,eccos,30,0.0
1388,eccos,31,0.7580645161290323
1389,eccos,32,0.8026315789473685
1390,eccos,33,0.65625
1391,eccos,34,0.8027777777777778
1392,eccos,35,0.14285714285714285
1393,educamais,24,0.0
1394,educamais,33,0.0
1395,educandarioterciocorreia,23,0.8
1396,educandarioterciocorreia,24,0.5735294117647058
1397,educandarioterciocorreia,25,0.60625
1398,educandarioterciocorreia,26,0.43670886075949367
1399,educandarioterciocorreia,31,0.3235294117647059
1400,educandarioterciocorreia,32,0.0
1401,educandarioterciocorreia,33,0.29310344827586204
1402,educandarioterciocorreia,34,0.04854368932038835
1403,educandarioterciocorreia,35,0.05
1404,educarse,32,0.037037037037037035
1405,educarse,33,0.18518518518518517
1406,eduqo,23,0.0
1407,eduqo,24,0.0
1408,eduqo,25,0.0
1409,eduqo,26,0.0
1410,eduqo,27,0.0
1411,eduqo,28,0.0
1412,eduqo,29,0.0
1413,eduqo,30,0.0
1414,eduqo,31,0.0
1415,eduqo,32,0.0
1416,eduqo,33,0.0
1417,eduqo,34,0.0
1418,eduqo,35,0.0
1419,einsteinassis,23,0.5235294117647059
1420,einsteinassis,24,0.4551971326164875
1421,einsteinassis,25,0.33170731707317075
1422,einsteinassis,30,0.0
1423,einsteinassis,32,0.20930232558139536
1424,einsteinassis,35,0.0
1425,elitecuritiba,23,0.15637065637065636
1426,elitecuritiba,24,0.0
1427,elitecuritiba,25,0.0
1428,elitecuritiba,26,0.0
1429,elitecuritiba,27,0.0
1430,elitecuritiba,29,0.0
1431,elitecuritiba,30,0.0
1432,elitecuritiba,31,0.0
1433,elitecuritiba,32,0.0
1434,elitecuritiba,33,0.0
1435,elitecuritiba,34,0.0
1436,elitecuritibaemilianoperneta,23,0.7411003236245954
1437,elitecuritibaemilianoperneta,24,0.762962962962963
1438,elitecuritibaemilianoperneta,25,0.44166666666666665
1439,elitecuritibaemilianoperneta,26,0.44314868804664725
1440,elitecuritibaemilianoperneta,27,0.3467741935483871
1441,elitecuritibaemilianoperneta,29,0.7611940298507462
1442,elitecuritibaemilianoperneta,30,0.509090909090909
1443,elitecuritibaemilianoperneta,31,0.22085889570552147
1444,elitecuritibaemilianoperneta,32,0.6601941747572816
1445,elitecuritibaemilianoperneta,33,0.4485294117647059
1446,elitecuritibaemilianoperneta,34,0.4230769230769231
1447,elitecuritibaemilianoperneta,35,0.0
1448,eluneonline,26,0.5
1449,eluneonline,27,0.0
1450,elvirabrandao,23,0.0
1451,elvirabrandao,24,0.0
1452,elvirabrandao,25,0.0
1453,elvirabrandao,27,0.0
1454,elvirabrandao,28,0.0
1455,elvirabrandao,29,0.0
1456,elvirabrandao,30,0.0
1457,elvirabrandao,32,0.0
1458,elvirabrandao,33,0.0
1459,elvirabrandao,34,0.0
1460,elvirabrandao,35,0.0
1461,ensinando,23,0.0
1462,ensinando,24,0.0
1463,ensinando,25,0.0
1464,ensinando,26,0.0
1465,ensinando,27,0.0
1466,ensinando,28,0.0
1467,ensinando,31,0.0
1468,ensinando,32,0.0
1469,ensinando,33,0.0
1470,ensinando,35,0.0
1471,equipe,23,0.0
1472,equipe,24,0.0
1473,equipe,25,0.0
1474,equipe,27,0.0
1475,equipe,28,0.0
1476,equipe,29,0.0
1477,equipe,30,0.0
1478,equipe,32,0.0
1479,equipe,33,0.0
1480,equipe,34,0.0
1481,equipe,35,0.0
1482,equipea,23,0.0
1483,equipea,24,0.0
1484,equipea,25,0.0
1485,equipea,26,0.0
1486,equipea,27,0.0
1487,equipea,28,0.0
1488,equipea,31,0.0
1489,equipea,32,0.0
1490,equipea,33,0.0
1491,equipea,35,0.0
1492,escola,34,0.0
1493,escolaalpha,23,0.0
1494,escolaalpha,24,0.0
1495,escolaalpha,25,0.0
1496,escolaalpha,26,0.0
1497,escolaalpha,27,0.0
1498,escolaalpha,28,0.0
1499,escolaalpha,31,0.0
1500,escolaalpha,32,0.0
1501,escolaalpha,33,0.0
1502,escolaalpha,35,0.0
1503,escolacastanheiras,23,0.0
1504,escolacastanheiras,24,0.0
1505,escolacastanheiras,25,0.0
1506,escolacastanheiras,26,0.0
1507,escolacastanheiras,27,0.0
1508,escolacastanheiras,28,0.0
1509,escolacastanheiras,29,0.0
1510,escolacastanheiras,30,0.0
1511,escolacastanheiras,31,0.0
1512,escolacastanheiras,32,0.0
1513,escolacastanheiras,33,0.0
1514,escolacastanheiras,34,0.0
1515,escolacastanheiras,35,0.0
1516,escolaceciliameireles,23,0.29411764705882354
1517,escolaceciliameireles,24,0.058823529411764705
1518,escolaceciliameireles,26,0.09016393442622951
1519,escolaceciliameireles,27,0.15503875968992248
1520,escolaceciliameireles,28,0.4444444444444444
1521,escolaceciliameireles,30,0.058823529411764705
1522,escolaceciliameireles,31,0.24615384615384617
1523,escolaceciliameireles,32,0.19540229885057472
1524,escolaceciliameireles,33,0.1956521739130435
1525,escolaceciliameireles,35,0.125
1526,escoladeimpacto,28,0.0
1527,escoladofuturo,23,0.0
1528,escoladofuturo,24,0.0
1529,escoladofuturo,25,0.0
1530,escoladofuturo,27,0.0
1531,escoladofuturo,28,0.0
1532,escoladofuturo,29,0.0
1533,escoladofuturo,30,0.0
1534,escoladofuturo,32,0.0
1535,escoladofuturo,33,0.0
1536,escoladofuturo,34,0.0
1537,escoladofuturo,35,0.0
1538,escoladomingossavio,23,0.0
1539,escoladomingossavio,24,0.0
1540,escoladomingossavio,25,0.0
1541,escoladomingossavio,26,0.0
1542,escoladomingossavio,27,0.0
1543,escoladomingossavio,28,0.0
1544,escoladomingossavio,31,0.0
1545,escoladomingossavio,32,0.0
1546,escoladomingossavio,33,0.0
1547,escoladomingossavio,35,0.0
1548,escolaidaam,23,0.0
1549,escolaidaam,24,0.0
1550,escolaidaam,25,0.0
1551,escolaidaam,27,0.0
1552,escolaidaam,28,0.0
1553,escolaidaam,29,0.0
1554,escolaidaam,30,0.0
1555,escolaidaam,32,0.0
1556,escolaidaam,33,0.0
1557,escolaidaam,34,0.0
1558,escolaidaam,35,0.0
1559,escolainternacional,23,0.0
1560,escolainternacional,24,0.0
1561,escolainternacional,25,0.0
1562,escolainternacional,27,0.0
1563,escolainternacional,28,0.0
1564,escolainternacional,29,0.0
1565,escolainternacional,30,0.0
1566,escolainternacional,32,0.0
1567,escolainternacional,33,0.0
1568,escolainternacional,34,0.0
1569,escolainternacional,35,0.0
1570,escolajardimdasnacoes,23,0.0
1571,escolajardimdasnacoes,24,0.0
1572,escolajardimdasnacoes,25,0.0
1573,escolajardimdasnacoes,27,0.0
1574,escolajardimdasnacoes,28,0.0
1575,escolajardimdasnacoes,29,0.0
1576,escolajardimdasnacoes,30,0.0
1577,escolajardimdasnacoes,32,0.0
1578,escolajardimdasnacoes,33,0.0
1579,escolajardimdasnacoes,34,0.0
1580,escolajardimdasnacoes,35,0.0
1581,escolamaster,23,0.3741721854304636
1582,escolamaster,24,0.4383561643835616
1583,escolamaster,25,0.4708171206225681
1584,escolamaster,26,0.2631578947368421
1585,escolamaster,31,0.13333333333333333
1586,escolamaster,33,0.20146520146520147
1587,escolapresbiterianadecanal,23,0.0
1588,escolapresbiterianadecanal,24,0.0
1589,escolapresbiterianadecanal,25,0.0
1590,escolapresbiterianadecanal,26,0.0
1591,escolapresbiterianadecanal,27,0.0
1592,escolapresbiterianadecanal,28,0.0
1593,escolapresbiterianadecanal,31,0.0
1594,escolapresbiterianadecanal,32,0.0
1595,escolapresbiterianadecanal,33,0.0
1596,escolapresbiterianadecanal,35,0.0
1597,escreva,23,0.0
1598,escreva,24,0.0
1599,escreva,25,0.0
1600,escreva,26,0.0
1601,escreva,27,0.0
1602,escreva,28,0.0
1603,escreva,31,0.0
1604,escreva,32,0.0
1605,escreva,33,0.0
1606,escreva,35,0.0
1607,esmg,23,0.0
1608,esmg,24,0.0
1609,esmg,25,0.0
1610,esmg,27,0.0
1611,esmg,28,0.0
1612,esmg,29,0.0
1613,esmg,30,0.0
1614,esmg,32,0.0
1615,esmg,33,0.0
1616,esmg,34,0.0
1617,esmg,35,0.0
1618,esperanza,34,0.0
1619,estantemagica,27,0.0
1620,estantemagica,30,0.0
1621,estreladamanha,30,0.0
1622,faculdadeflamingo,30,0.7325581395348837
1623,faculdadeflamingo,31,0.7317073170731707
1624,faculdadeflamingo,32,0.7214611872146118
1625,faculdadeflamingo,33,0.28421052631578947
1626,faculdadeflamingo,34,0.6420454545454546
1627,faculdadeflamingo,35,0.125
1628,forumcultural,23,0.0
1629,forumcultural,24,0.0
1630,forumcultural,25,0.0
1631,forumcultural,27,0.0
1632,forumcultural,28,0.0
1633,forumcultural,29,0.0
1634,forumcultural,30,0.0
1635,forumcultural,32,0.0
1636,forumcultural,33,0.0
1637,forumcultural,34,0.0
1638,forumcultural,35,0.0
1639,franciscanopioxii,23,0.0
1640,franciscanopioxii,24,0.0
1641,franciscanopioxii,25,0.0
1642,franciscanopioxii,27,0.0
1643,franciscanopioxii,28,0.0
1644,franciscanopioxii,29,0.0
1645,franciscanopioxii,30,0.0
1646,franciscanopioxii,32,0.0
1647,franciscanopioxii,33,0.0
1648,franciscanopioxii,34,0.0
1649,franciscanopioxii,35,0.0
1650,francobrasileiro,23,0.0
1651,francobrasileiro,24,0.0
1652,francobrasileiro,25,0.0
1653,francobrasileiro,27,0.0
1654,francobrasileiro,28,0.03492063492063492
1655,francobrasileiro,30,0.052083333333333336
1656,francobrasileiro,32,0.0
1657,francobrasileiro,34,0.0
1658,fundacaobradesco,23,0.0
1659,fundacaobradesco,24,0.0
1660,fundacaobradesco,25,0.0
1661,fundacaobradesco,27,0.0
1662,fundacaobradesco,28,0.0
1663,fundacaobradesco,29,0.0
1664,fundacaobradesco,30,0.0
1665,fundacaobradesco,32,0.0
1666,fundacaobradesco,33,0.0
1667,fundacaobradesco,34,0.0
1668,fundacaobradesco,35,0.0
1669,galois,23,0.0
1670,galois,24,0.0
1671,galois,25,0.0
1672,galois,27,0.0
1673,galois,28,0.0
1674,galois,29,0.0
1675,galois,30,0.0
1676,galois,32,0.0
1677,galois,33,0.0
1678,galois,34,0.0
1679,galois,35,0.0
1680,garra,23,0.5571428571428572
1681,garra,24,0.42142857142857143
1682,garra,30,0.3
1683,garra,31,0.3
1684,gaylussac,23,0.0
1685,gaylussac,24,0.0
1686,gaylussac,25,0.0
1687,gaylussac,27,0.0
1688,gaylussac,28,0.0
1689,gaylussac,29,0.0
1690,gaylussac,30,0.0
1691,gaylussac,32,0.0
1692,gaylussac,33,0.0
1693,gaylussac,34,0.0
1694,gaylussac,35,0.0
1695,gerabixo,24,0.08296943231441048
1696,gerabixo,33,0.021834061135371178
1697,grandepasso,23,0.0
1698,grandepasso,24,0.0
1699,grandepasso,25,0.0
1700,grandepasso,27,0.0
1701,grandepasso,28,0.0
1702,grandepasso,29,0.0
1703,grandepasso,30,0.0
1704,grandepasso,32,0.0
1705,grandepasso,33,0.0
1706,grandepasso,34,0.0
1707,grandepasso,35,0.0
1708,idaam,23,0.45689655172413796
1709,idaam,33,0.5991379310344828
1710,idaam,34,0.3706896551724138
1711,idb,23,0.0
1712,idb,24,0.0
1713,idb,25,0.0
1714,idb,27,0.0
1715,idb,28,0.0
1716,idb,29,0.0
1717,idb,30,0.0
1718,idb,32,0.0
1719,idb,33,0.0
1720,idb,34,0.0
1721,idb,35,0.0
1722,igmk,23,0.0
1723,igmk,24,0.0
1724,igmk,25,0.0
1725,igmk,26,0.0
1726,igmk,27,0.0
1727,igmk,28,0.0
1728,igmk,31,0.0
1729,igmk,32,0.0
1730,igmk,33,0.0
1731,igmk,35,0.0
1732,imaculada,23,0.0
1733,imaculada,24,0.0
1734,imaculada,25,0.0
1735,imaculada,27,0.0
1736,imaculada,28,0.0
1737,imaculada,29,0.0
1738,imaculada,30,0.0
1739,imaculada,32,0.0
1740,imaculada,33,0.0
1741,imaculada,34,0.0
1742,imaculada,35,0.0
1743,implantacao,23,0.0
1744,implantacao,24,0.0
1745,implantacao,25,0.0
1746,implantacao,26,0.0
1747,implantacao,27,0.0
1748,implantacao,28,0.0
1749,implantacao,29,0.0
1750,implantacao,30,0.0
1751,implantacao,31,0.0
1752,implantacao,32,0.0
1753,implantacao,33,0.0
1754,implantacao,34,0.0
1755,implantacao,35,0.0
1756,insa,34,0.20754716981132076
1757,institutoauxiliadoradf,23,0.0
1758,institutoauxiliadoradf,24,0.0
1759,institutoauxiliadoradf,25,0.0
1760,institutoauxiliadoradf,27,0.0
1761,institutoauxiliadoradf,28,0.0
1762,institutoauxiliadoradf,29,0.0
1763,institutoauxiliadoradf,30,0.0
1764,institutoauxiliadoradf,32,0.0
1765,institutoauxiliadoradf,33,0.0
1766,institutoauxiliadoradf,34,0.21973094170403587
1767,institutoauxiliadoradf,35,0.0
1768,institutocristao,23,0.24
1769,institutocristao,24,0.19322033898305085
1770,institutocristao,25,0.08633093525179857
1771,institutocristao,26,0.03389830508474576
1772,institutocristao,32,0.0
1773,institutocristao,34,0.05263157894736842
1774,institutoeurofarma,32,0.67
1775,institutoideia,23,0.0
1776,institutoideia,24,0.0
1777,institutoideia,25,0.0
1778,institutoideia,26,0.0
1779,institutoideia,27,0.0
1780,institutoideia,28,0.0
1781,institutoideia,31,0.0
1782,institutoideia,32,0.0
1783,institutoideia,33,0.0
1784,institutoideia,35,0.0
1785,institutomariaauxiliadora,23,0.0
1786,institutomariaauxiliadora,24,0.0
1787,institutomariaauxiliadora,25,0.0
1788,institutomariaauxiliadora,26,0.0
1789,institutomariaauxiliadora,27,0.0
1790,institutomariaauxiliadora,28,0.0
1791,institutomariaauxiliadora,31,0.0
1792,institutomariaauxiliadora,32,0.0
1793,institutomariaauxiliadora,33,0.0
1794,institutomariaauxiliadora,35,0.0
1795,institutosaojose,23,0.0
1796,institutosaojose,24,0.0
1797,institutosaojose,25,0.0
1798,institutosaojose,27,0.0
1799,institutosaojose,28,0.0
1800,institutosaojose,29,0.0
1801,institutosaojose,30,0.0
1802,institutosaojose,32,0.0
1803,institutosaojose,33,0.08280254777070063
1804,institutosaojose,34,0.1111111111111111
1805,institutosaojose,35,0.0
1806,integra,23,0.9448275862068966
1807,integra,24,0.75
1808,integra,25,0.0
1809,integra,30,0.0
1810,integra,34,0.6698113207547169
1811,integradaeducativa,23,0.7105970952124798
1812,integradaeducativa,24,0.6524112829845314
1813,integradaeducativa,25,0.7579493835171967
1814,integradaeducativa,26,0.7715179968701096
1815,integradaeducativa,27,0.7202797202797203
1816,integradaeducativa,29,0.36134453781512604
1817,integradaeducativa,30,0.625
1818,integradaeducativa,31,0.4939759036144578
1819,integradaeducativa,32,0.5656565656565656
1820,integradaeducativa,33,0.5129682997118156
1821,integradaeducativa,34,0.5555555555555556
1822,integradaeducativa,35,0.0
1823,invictus,23,0.8166666666666667
1824,invictus,24,0.8823529411764706
1825,invictus,25,0.7413793103448276
1826,invictus,26,0.875
1827,invictus,27,0.8099173553719008
1828,invictus,28,0.27699530516431925
1829,invictus,30,0.0
1830,invictus,32,0.8625954198473282
1831,invictus,33,0.8020833333333334
1832,invictus,34,0.6994818652849741
1833,invictus,35,0.27181208053691275
1834,iracemarufino,31,0.2
1835,isem,23,0.7532133676092545
1836,isem,24,0.6744791666666666
1837,isem,25,0.5695754716981132
1838,isem,26,0.7599309153713298
1839,isem,27,0.8284625158831004
1840,isem,28,0.8458904109589042
1841,isem,30,0.5318518518518518
1842,isem,31,0.5463917525773195
1843,isem,32,0.4157303370786517
1844,isemear,23,0.0
1845,isemear,24,0.0
1846,isemear,25,0.0
1847,isemear,26,0.0
1848,isemear,27,0.0
1849,isemear,28,0.0
1850,isemear,31,0.0
1851,isemear,32,0.0
1852,isemear,33,0.0
1853,isemear,35,0.0
1854,ismart,23,0.0
1855,ismart,24,0.0
1856,ismart,25,0.0
1857,ismart,27,0.0
1858,ismart,28,0.0
1859,ismart,29,0.0
1860,ismart,30,0.0
1861,ismart,32,0.0
1862,ismart,33,0.0
1863,ismart,34,0.0
1864,ismart,35,0.0
1865,itamarati,25,0.76
1866,itamarati,34,0.54
1867,jardimsaopaulo,23,0.4759284731774415
1868,jardimsaopaulo,24,0.43673469387755104
1869,jardimsaopaulo,25,0.0
1870,jardimsaopaulo,27,0.0
1871,jardimsaopaulo,28,0.0
1872,jardimsaopaulo,29,0.0
1873,jardimsaopaulo,30,0.0
1874,jardimsaopaulo,32,0.0
1875,jardimsaopaulo,33,0.0
1876,jardimsaopaulo,34,0.0
1877,jardimsaopaulo,35,0.0
1878,jazzvestibular,35,0.0
1879,jeanpiaget,23,0.0
1880,jeanpiaget,24,0.0
1881,jeanpiaget,25,0.0
1882,jeanpiaget,27,0.0
1883,jeanpiaget,28,0.0
1884,jeanpiaget,29,0.0
1885,jeanpiaget,30,0.0
1886,jeanpiaget,32,0.0
1887,jeanpiaget,33,0.0
1888,jeanpiaget,34,0.0
1889,jeanpiaget,35,0.0
1890,joaobelem,25,0.2894736842105263
1891,josemelo,25,0.0
1892,josepiaulino,25,0.0
1893,lasalleaguasclaras,23,0.0
1894,lasalleaguasclaras,24,0.0
1895,lasalleaguasclaras,25,0.0
1896,lasalleaguasclaras,27,0.0
1897,lasalleaguasclaras,28,0.0
1898,lasalleaguasclaras,29,0.0
1899,lasalleaguasclaras,30,0.0
1900,lasalleaguasclaras,32,0.0
1901,lasalleaguasclaras,33,0.0
1902,lasalleaguasclaras,34,0.022939677145284623
1903,lasalleaguasclaras,35,0.0
1904,lasallesp,23,0.0
1905,lasallesp,24,0.0
1906,lasallesp,25,0.0
1907,lasallesp,26,0.0
1908,lasallesp,27,0.0
1909,lasallesp,28,0.0
1910,lasallesp,31,0.0
1911,lasallesp,32,0.0
1912,lasallesp,33,0.0
1913,lasallesp,35,0.0
1914,lerote,23,0.0
1915,lerote,24,0.0
1916,lerote,25,0.0
1917,lerote,27,0.0
1918,lerote,28,0.0
1919,lerote,29,0.0
1920,lerote,30,0.0
1921,lerote,32,0.0
1922,lerote,33,0.0
1923,lerote,34,0.0
1924,lerote,35,0.0
1925,liceujardim,23,0.0
1926,liceujardim,24,0.0
1927,liceujardim,25,0.0
1928,liceujardim,26,0.0
1929,liceujardim,27,0.0
1930,liceujardim,28,0.0
1931,liceujardim,31,0.0
1932,liceujardim,32,0.0
1933,liceujardim,33,0.0
1934,liceujardim,35,0.0
1935,liderasas,23,0.0
1936,liderasas,24,0.0
1937,liderasas,25,0.0
1938,liderasas,27,0.0
1939,liderasas,28,0.0
1940,liderasas,29,0.0
1941,liderasas,30,0.0
1942,liderasas,32,0.0
1943,liderasas,33,0.0
1944,liderasas,34,0.0
1945,liderasas,35,0.0
1946,liessin,23,0.0
1947,liessin,24,0.0
1948,liessin,25,0.0
1949,liessin,27,0.0
1950,liessin,32,0.0
1951,liessin,34,0.0
1952,liessinbarra,25,0.2857142857142857
1953,litteratus,30,0.0
1954,litteratus,33,0.024390243902439025
1955,macvest,23,0.4957983193277311
1956,macvest,26,0.7192982456140351
1957,macvest,27,0.3064516129032258
1958,macvest,32,0.7192982456140351
1959,macvest,33,0.3709677419354839
1960,magister,24,0.09803921568627451
1961,magister,25,0.10526315789473684
1962,magister,29,0.0
1963,magister,30,0.6788990825688074
1964,magister,32,0.7012987012987013
1965,magister,33,0.6506849315068494
1966,magno,23,0.0
1967,magno,24,0.0
1968,magno,25,0.0
1969,magno,27,0.0
1970,magno,28,0.0
1971,magno,29,0.0
1972,magno,30,0.0
1973,magno,32,0.0
1974,magno,33,0.0
1975,magno,34,0.0
1976,magno,35,0.0
1977,magnum,23,0.0
1978,magnum,24,0.0
1979,magnum,25,0.0
1980,magnum,27,0.0
1981,magnum,28,0.0
1982,magnum,29,0.0
1983,magnum,30,0.0
1984,magnum,32,0.0
1985,magnum,33,0.0
1986,magnum,34,0.0
1987,magnum,35,0.0
1988,magnumagostiniano,23,0.0
1989,magnumagostiniano,24,0.0
1990,magnumagostiniano,25,0.0
1991,magnumagostiniano,27,0.0
1992,magnumagostiniano,28,0.0
1993,magnumagostiniano,29,0.0
1994,magnumagostiniano,30,0.0
1995,magnumagostiniano,32,0.0
1996,magnumagostiniano,33,0.0
1997,magnumagostiniano,34,0.0
1998,magnumagostiniano,35,0.0
1999,maplebearslz,23,0.5407925407925408
2000,maplebearslz,24,0.4169934640522876
2001,maplebearslz,25,0.43548387096774194
2002,maplebearslz,26,0.43478260869565216
2003,maplebearslz,30,0.1206896551724138
2004,maplebearslz,31,0.2679900744416873
2005,maplebearslz,32,0.5452453987730062
2006,maplebearslz,33,0.4645669291338583
2007,maplebearslz,34,0.2461706783369803
2008,maplebearslz,35,0.20930232558139536
2009,mariliamattoso,23,0.7566241413150148
2010,mariliamattoso,24,0.8176845943482224
2011,mariliamattoso,25,0.76751269035533
2012,mariliamattoso,26,0.7963446475195822
2013,mariliamattoso,27,0.813953488372093
2014,mariliamattoso,28,0.24615384615384617
2015,mariliamattoso,29,0.2366412213740458
2016,mariliamattoso,30,0.36222509702457956
2017,mariliamattoso,31,0.637065637065637
2018,mariliamattoso,32,0.668010752688172
2019,mariliamattoso,33,0.6746987951807228
2020,mariliamattoso,34,0.5587155963302752
2021,mariliamattoso,35,0.5022222222222222
2022,maristadomsilverio,23,0.0
2023,maristadomsilverio,24,0.0
2024,maristadomsilverio,25,0.0
2025,maristadomsilverio,26,0.0
2026,maristadomsilverio,27,0.0
2027,maristadomsilverio,28,0.0
2028,maristadomsilverio,31,0.0
2029,maristadomsilverio,32,0.0
2030,maristadomsilverio,33,0.0
2031,maristadomsilverio,35,0.0
2032,master,23,0.5047460844803038
2033,master,24,0.25864172427816184
2034,master,25,0.3005561172901921
2035,master,26,0.02015355086372361
2036,master,27,0.28402932738284986
2037,master,28,0.06567366283006093
2038,master,29,0.6629834254143646
2039,master,31,0.2367168913560666
2040,master,32,0.4180044066729619
2041,master,33,0.27248261942139496
2042,master,34,0.08269230769230769
2043,master,35,0.0546875
2044,meta,23,0.0
2045,meta,24,0.0
2046,meta,25,0.0
2047,meta,26,0.0
2048,meta,27,0.0
2049,meta,28,0.0
2050,meta,30,0.0
2051,meta,31,0.0
2052,meta,32,0.0
2053,meta,33,0.0
2054,meta,35,0.0
2055,metodocerto,23,0.0
2056,metodocerto,24,0.0
2057,metodocerto,25,0.0
2058,metodocerto,26,0.0
2059,metodocerto,27,0.0
2060,metodocerto,28,0.0
2061,metodocerto,31,0.0
2062,metodocerto,32,0.0
2063,metodocerto,33,0.0
2064,metodocerto,35,0.0
2065,minhalista,25,0.23333333333333334
2066,moaciralves,33,0.03076923076923077
2067,moaciralves,34,0.023809523809523808
2068,mobile,23,0.0
2069,mobile,24,0.0
2070,mobile,25,0.0
2071,mobile,27,0.0
2072,mobile,28,0.0
2073,mobile,29,0.0
2074,mobile,30,0.0
2075,mobile,32,0.0
2076,mobile,33,0.0
2077,mobile,34,0.0
2078,mobile,35,0.0
2079,montessori,23,0.06557377049180328
2080,montessori,33,0.18032786885245902
2081,montessori,34,0.09836065573770492
2082,motiva,23,0.0
2083,motiva,24,0.0
2084,motiva,25,0.0
2085,motiva,27,0.0
2086,motiva,28,0.0
2087,motiva,29,0.0
2088,motiva,30,0.0
2089,motiva,32,0.0
2090,motiva,33,0.0
2091,motiva,34,0.0
2092,motiva,35,0.0
2093,murilorocha,31,0.125
2094,murilorocha,32,0.06944444444444445
2095,murilorocha,35,0.013888888888888888
2096,navegasas,27,0.16666666666666666
2097,nossasenhoradesion,23,0.0
2098,nossasenhoradesion,24,0.0
2099,nossasenhoradesion,25,0.0
2100,nossasenhoradesion,27,0.0
2101,nossasenhoradesion,28,0.0
2102,nossasenhoradesion,29,0.0
2103,nossasenhoradesion,30,0.0
2104,nossasenhoradesion,32,0.0
2105,nossasenhoradesion,33,0.0
2106,nossasenhoradesion,34,0.0
2107,nossasenhoradesion,35,0.0
2108,notredame,23,0.0
2109,notredame,24,0.0
2110,notredame,25,0.0
2111,notredame,27,0.0
2112,notredame,28,0.0
2113,notredame,29,0.0
2114,notredame,30,0.0
2115,notredame,32,0.0
2116,notredame,33,0.0
2117,notredame,34,0.0
2118,notredame,35,0.0
2119,novotempo,23,0.2948717948717949
2120,novotempo,24,0.0
2121,novotempo,33,0.4807692307692308
2122,novotempo,34,0.391025641025641
2123,nsdasgracas,23,0.0
2124,nsdasgracas,24,0.0
2125,nsdasgracas,25,0.0
2126,nsdasgracas,26,0.0
2127,nsdasgracas,27,0.0
2128,nsdasgracas,28,0.0
2129,nsdasgracas,29,0.0
2130,nsdasgracas,30,0.0
2131,nsdasgracas,31,0.0
2132,nsdasgracas,32,0.0
2133,nsdasgracas,33,0.0
2134,nsdasgracas,34,0.0
2135,nsdasgracas,35,0.0
2136,nucleo,23,0.0
2137,nucleo,24,0.0
2138,nucleo,25,0.0
2139,nucleo,27,0.0
2140,nucleo,28,0.0
2141,nucleo,29,0.0
2142,nucleo,30,0.0
2143,nucleo,32,0.0
2144,nucleo,33,0.0
2145,nucleo,34,0.0
2146,nucleo,35,0.0
2147,nucleocriativo,23,0.2836710369487485
2148,nucleocriativo,24,0.22692307692307692
2149,nucleocriativo,25,0.13345356176735798
2150,nucleocriativo,32,0.25
2151,nucleocriativo,34,0.1968503937007874
2152,nucleocriativo,35,0.17318435754189945
2153,nucleopva,28,0.5223214285714286
2154,objetivoamericana,23,0.0
2155,objetivoamericana,24,0.0
2156,objetivoamericana,25,0.0
2157,objetivoamericana,26,0.0
2158,objetivoamericana,27,0.0
2159,objetivoamericana,28,0.0
2160,objetivoamericana,31,0.0
2161,objetivoamericana,32,0.0
2162,objetivoamericana,33,0.0
2163,objetivoamericana,35,0.0
2164,objetivohortolandia,23,0.0
2165,objetivohortolandia,24,0.0
2166,objetivohortolandia,25,0.0
2167,objetivohortolandia,26,0.0
2168,objetivohortolandia,27,0.0
2169,objetivohortolandia,28,0.0
2170,objetivohortolandia,31,0.0
2171,objetivohortolandia,32,0.0
2172,objetivohortolandia,33,0.0
2173,objetivohortolandia,35,0.0
2174,objetivolorena,23,0.4260382641157256
2175,objetivolorena,24,0.38552437223042835
2176,objetivolorena,25,0.1762917933130699
2177,objetivolorena,26,0.39490445859872614
2178,objetivolorena,31,0.16666666666666666
2179,objetivolorena,32,0.1818825194621373
2180,objetivolorena,33,0.15421686746987953
2181,objetivolorena,34,0.33880597014925373
2182,objetivolorena,35,0.15639097744360902
2183,objetivoteresina,23,0.0
2184,objetivoteresina,24,0.14285714285714285
2185,objetivoteresina,25,0.0
2186,objetivoteresina,27,0.0
2187,objetivoteresina,28,0.0
2188,objetivoteresina,29,0.0
2189,objetivoteresina,30,0.0
2190,objetivoteresina,32,0.0
2191,objetivoteresina,33,0.0
2192,objetivoteresina,34,0.0
2193,objetivoteresina,35,0.0
2194,oficinadoestudante,23,0.2518837459634015
2195,oficinadoestudante,24,0.05955678670360111
2196,oficinadoestudante,25,0.0
2197,oficinadoestudante,26,0.0
2198,oficinadoestudante,27,0.0
2199,oficinadoestudante,28,0.0
2200,oficinadoestudante,31,0.0
2201,oficinadoestudante,32,0.0
2202,oficinadoestudante,33,0.0
2203,oficinadoestudante,35,0.0
2204,osequim,30,0.0
2205,osequim,34,0.006507592190889371
2206,oswald,23,0.0
2207,oswald,24,0.0
2208,oswald,25,0.0
2209,oswald,26,0.0
2210,oswald,27,0.0
2211,oswald,32,0.0
2212,oswald,33,0.0
2213,oswald,34,0.0
2214,oswald,35,0.0
2215,oswalddeandrade,23,0.0
2216,oswalddeandrade,24,0.0
2217,oswalddeandrade,25,0.0
2218,oswalddeandrade,27,0.0
2219,oswalddeandrade,28,0.0
2220,oswalddeandrade,29,0.0
2221,oswalddeandrade,30,0.0
2222,oswalddeandrade,32,0.0
2223,oswalddeandrade,33,0.0
2224,oswalddeandrade,34,0.0
2225,oswalddeandrade,35,0.0
2226,overabelcabral,23,0.44379046497939967
2227,overabelcabral,24,0.25433382862803366
2228,overabelcabral,25,0.1910884504544447
2229,overabelcabral,26,0.25296239052035036
2230,overabelcabral,27,0.0673076923076923
2231,overabelcabral,28,0.6699029126213593
2232,overabelcabral,29,0.6650485436893204
2233,overabelcabral,30,0.496
2234,overabelcabral,31,0.6192609182530795
2235,overabelcabral,32,0.5642201834862385
2236,overabelcabral,33,0.6354790419161677
2237,overabelcabral,34,0.5021834061135371
2238,overabelcabral,35,0.4995224450811843
2239,overjoaopessoa,23,0.2236024844720497
2240,overjoaopessoa,24,0.11674347158218126
2241,overjoaopessoa,25,0.11638591117917305
2242,overjoaopessoa,26,0.17687074829931973
2243,overjoaopessoa,27,0.0
2244,overjoaopessoa,32,0.7346938775510204
2245,overjoaopessoa,33,0.5426829268292683
2246,overjoaopessoa,34,0.45918367346938777
2247,overjoaopessoa,35,0.6165413533834586
2248,overlimaesilva,23,0.8148148148148148
2249,overlimaesilva,24,0.8508557457212714
2250,overlimaesilva,25,0.7010309278350515
2251,overlimaesilva,26,0.6444444444444445
2252,overlimaesilva,31,0.9459459459459459
2253,overlimaesilva,32,0.9459459459459459
2254,overlimaesilva,33,0.8497109826589595
2255,overlimaesilva,34,0.7601156069364162
2256,overlimaesilva,35,0.6601941747572816
2257,overmarciliofurtado,23,0.3691639522258415
2258,overmarciliofurtado,24,0.2237604636188023
2259,overmarciliofurtado,25,0.2209838585703305
2260,overmarciliofurtado,26,0.2199017199017199
2261,overmarciliofurtado,27,0.12396694214876033
2262,overmarciliofurtado,28,0.6496350364963503
2263,overmarciliofurtado,29,0.6715328467153284
2264,overmarciliofurtado,30,0.4391891891891892
2265,overmarciliofurtado,31,0.6125
2266,overmarciliofurtado,32,0.7346491228070176
2267,overmarciliofurtado,33,0.6151898734177215
2268,overmarciliofurtado,34,0.3766546329723225
2269,overmarciliofurtado,35,0.6482479784366577
2270,overmossoro,23,0.2653061224489796
2271,overmossoro,24,0.4071246819338422
2272,overmossoro,25,0.19971671388101983
2273,overmossoro,26,0.18627450980392157
2274,overmossoro,30,1.0
2275,overmossoro,31,0.7419354838709677
2276,overmossoro,32,0.7853107344632768
2277,overmossoro,33,0.4941860465116279
2278,overmossoro,34,0.46153846153846156
2279,overmossoro,35,0.6238938053097345
2280,overnascimentodecastro,23,0.3023255813953488
2281,overnascimentodecastro,24,0.0
2282,overnascimentodecastro,25,0.7339449541284404
2283,overnascimentodecastro,26,0.0
2284,overnascimentodecastro,27,0.07719298245614035
2285,overnascimentodecastro,33,0.2743682310469314
2286,overnascimentodecastro,34,0.1618705035971223
2287,overnascimentodecastro,35,0.0
2288,overpontanegra,23,0.5041398344066237
2289,overpontanegra,24,0.25894454382826476
2290,overpontanegra,25,0.18794133623030962
2291,overpontanegra,26,0.27610008628127697
2292,overpontanegra,27,0.0
2293,overpontanegra,28,0.5368421052631579
2294,overpontanegra,29,0.6631578947368421
2295,overpontanegra,31,0.468944099378882
2296,overpontanegra,32,0.5664739884393064
2297,overpontanegra,33,0.5725047080979284
2298,overpontanegra,34,0.42024539877300615
2299,overpontanegra,35,0.5338983050847458
2300,overzonanorte,23,0.2925890279114533
2301,overzonanorte,24,0.23041084286319355
2302,overzonanorte,25,0.16505840528186896
2303,overzonanorte,26,0.19603356216628529
2304,overzonanorte,27,0.20634920634920634
2305,overzonanorte,28,0.0
2306,overzonanorte,29,0.0
2307,overzonanorte,30,0.41304347826086957
2308,overzonanorte,31,0.374
2309,overzonanorte,32,0.5634218289085545
2310,overzonanorte,33,0.4253731343283582
2311,overzonanorte,34,0.2855855855855856
2312,overzonanorte,35,0.4068100358422939
2313,ovquim,30,0.0
2314,padreeustaquio,23,0.0
2315,padreeustaquio,24,0.0
2316,padreeustaquio,25,0.0
2317,padreeustaquio,26,0.0
2318,padreeustaquio,27,0.0
2319,padreeustaquio,28,0.0
2320,padreeustaquio,30,0.0
2321,padreeustaquio,31,0.0
2322,padreeustaquio,32,0.0
2323,padreeustaquio,33,0.0
2324,padreeustaquio,35,0.0
2325,palmares,23,0.0
2326,palmares,24,0.0
2327,palmares,25,0.0
2328,palmares,27,0.0
2329,palmares,28,0.0
2330,palmares,29,0.0
2331,palmares,30,0.0
2332,palmares,32,0.0
2333,palmares,33,0.0
2334,palmares,34,0.0
2335,palmares,35,0.0
2336,pauloviana,31,0.0
2337,pcf,23,0.0
2338,pcf,24,0.0
2339,pcf,25,0.0
2340,pcf,26,0.0
2341,pcf,27,0.0
2342,pcf,28,0.0
2343,pcf,31,0.0
2344,pcf,32,0.0
2345,pcf,33,0.0
2346,pcf,35,0.0
2347,pearson,31,0.0
2348,pensecursos,23,0.0
2349,pensecursos,24,0.0
2350,pensecursos,25,0.0
2351,pensecursos,26,0.0
2352,pensecursos,27,0.0
2353,pensecursos,28,0.0
2354,pensecursos,31,0.0
2355,pensecursos,32,0.0
2356,pensecursos,33,0.0
2357,pensecursos,35,0.0
2358,pesenglish,34,0.0
2359,physicsalcindocacela,23,0.41867954911433175
2360,physicsalcindocacela,24,0.5227272727272727
2361,physicsalcindocacela,25,0.3376264949402024
2362,physicsalcindocacela,27,0.38
2363,physicsalcindocacela,30,0.0
2364,physicsalcindocacela,31,0.0
2365,physicsalcindocacela,32,0.0
2366,physicsalcindocacela,33,0.34553775743707094
2367,physicsalcindocacela,34,0.38866930171277997
2368,physicsalmirantebarroso,23,0.2907573812580231
2369,physicsalmirantebarroso,24,0.23713490959666203
2370,physicsalmirantebarroso,25,0.07976899476628767
2371,physicsalmirantebarroso,26,0.21739130434782608
2372,physicsalmirantebarroso,33,0.3613013698630137
2373,physicsalmirantebarroso,34,0.31007751937984496
2374,physicsaugustomontenegro,23,0.3026785714285714
2375,physicsaugustomontenegro,24,0.28296703296703296
2376,physicsaugustomontenegro,25,0.07900136798905609
2377,physicsaugustomontenegro,26,0.22085889570552147
2378,physicsaugustomontenegro,33,0.2826086956521739
2379,physicsaugustomontenegro,34,0.23487544483985764
2380,physicsbatistacampos,23,0.7829457364341085
2381,physicsbatistacampos,24,0.7164179104477612
2382,physicsbatistacampos,25,0.5172932330827068
2383,physicsbatistacampos,26,0.19577735124760076
2384,physicsbatistacampos,32,0.5483870967741935
2385,physicsbatistacampos,33,0.0
2386,physicsbatistacampos,34,0.0
2387,physicscidadenova,23,0.41801685029163965
2388,physicscidadenova,24,0.5637583892617449
2389,physicscidadenova,25,0.10028248587570622
2390,physicscidadenova,26,0.15263157894736842
2391,physicscidadenova,33,0.4091539528432732
2392,physicscidadenova,34,0.37281553398058254
2393,physicsconselheirofurtado,23,0.3183000867302689
2394,physicsconselheirofurtado,24,0.0
2395,physicsconselheirofurtado,25,0.0766943183596807
2396,physicsconselheirofurtado,26,0.16666666666666666
2397,physicsconselheirofurtado,27,0.0
2398,physicsconselheirofurtado,31,0.1962962962962963
2399,physicsconselheirofurtado,32,0.43703703703703706
2400,physicsconselheirofurtado,33,0.5105042016806722
2401,physicsconselheirofurtado,34,0.29497907949790797
2402,physicsmacapa,23,0.3880952380952381
2403,physicsmacapa,25,0.07060953530476766
2404,physicsmacapa,33,0.2923076923076923
2405,physicsmacapa,34,0.2619047619047619
2406,physicsumarizal,23,0.24864864864864866
2407,physicsumarizal,24,0.2259215219976219
2408,physicsumarizal,25,0.09907997169143666
2409,physicsumarizal,26,0.2099056603773585
2410,physicsumarizal,33,0.2601880877742947
2411,physicsumarizal,34,0.3
2412,pioxi,23,0.7049180327868853
2413,pioxi,24,0.7546437482672581
2414,pioxi,25,0.5389755011135857
2415,pioxi,26,0.2441860465116279
2416,pioxi,30,0.0
2417,pioxi,34,0.14741035856573706
2418,pioxi,35,0.2781954887218045
2419,pioxii,23,0.0
2420,pioxii,24,0.0
2421,pioxii,25,0.0
2422,pioxii,26,0.0
2423,pioxii,27,0.0
2424,pioxii,28,0.0
2425,pioxii,31,0.0
2426,pioxii,32,0.0
2427,pioxii,33,0.0
2428,pioxii,35,0.0
2429,pioxiicolegio,23,0.3425531914893617
2430,pioxiicolegio,30,0.8211206896551724
2431,pioxiicolegio,31,0.756
2432,pioxiicolegio,32,0.8428701180744778
2433,pioxiicolegio,33,0.597340930674264
2434,pioxiicolegio,34,0.1394422310756972
2435,pioxiicolegio,35,0.0
2436,plannetaosasco,27,0.0
2437,plannetataboao,28,0.03595353696761109
2438,playpen,23,0.0
2439,playpen,24,0.0
2440,playpen,25,0.0
2441,playpen,27,0.0
2442,playpen,28,0.0
2443,playpen,29,0.0
2444,playpen,30,0.0
2445,playpen,32,0.0
2446,playpen,33,0.0
2447,playpen,34,0.0
2448,playpen,35,0.0
2449,poliedro,23,0.0
2450,poliedro,24,0.0
2451,poliedro,25,0.0
2452,poliedro,26,0.0
2453,poliedro,27,0.0
2454,poliedro,28,0.0
2455,poliedro,29,0.008
2456,poliedro,30,0.0
2457,poliedro,31,0.0
2458,poliedro,32,0.0
2459,poliedro,33,0.0
2460,poliedro,34,0.0
2461,poliedro,35,0.0
2462,poliedropv,23,0.007692307692307693
2463,poliedropv,24,0.06291390728476821
2464,poliedropv,25,0.011235955056179775
2465,poliedropv,26,0.004962779156327543
2466,poliedropv,27,0.0
2467,poliedropv,28,0.029535864978902954
2468,poliedropv,29,0.0
2469,poliedropv,30,0.0
2470,poliedropv,31,0.0111731843575419
2471,poliedropv,32,0.022727272727272728
2472,poliedropv,33,0.0
2473,poliedropv,34,0.0
2474,poliedropv,35,0.0
2475,poliedrotreinamento,34,0.0
2476,portalsas,23,0.0
2477,portalsas,24,0.0
2478,portalsas,25,0.0
2479,portalsas,27,0.0
2480,portalsas,32,0.0
2481,portalsas,34,0.0
2482,portinari,23,0.7684848484848484
2483,portinari,24,0.8763157894736842
2484,portinari,26,0.5234972677595628
2485,portinari,27,0.7965811965811965
2486,portinari,28,0.7635968092820885
2487,portinari,29,0.8244186046511628
2488,portinari,30,0.7921318447634237
2489,portinari,31,0.7535211267605634
2490,portinari,32,0.7272727272727273
2491,portinari,33,0.6748285994123409
2492,portinari,34,0.5934925864909391
2493,portinari,35,0.5018181818181818
2494,porto,23,0.6181727904667329
2495,porto,24,0.5091792656587473
2496,porto,25,0.509213990221888
2497,porto,26,0.453232462173315
2498,porto,27,0.3786407766990291
2499,porto,28,0.26666666666666666
2500,porto,31,0.4411764705882353
2501,porto,32,0.46556380823767723
2502,porto,33,0.43157010915197314
2503,porto,34,0.34775136064164996
2504,porto,35,0.20930232558139536
2505,portoseguro,23,0.0
2506,portoseguro,24,0.0
2507,portoseguro,25,0.0
2508,portoseguro,27,0.0
2509,portoseguro,28,0.0
2510,portoseguro,29,0.0
2511,portoseguro,30,0.0
2512,portoseguro,32,0.0
2513,portoseguro,33,0.0
2514,portoseguro,34,0.0
2515,portoseguro,35,0.09205776173285199
2516,positivo,27,0.0
2517,positivo,30,0.0
2518,positivo,33,0.0
2519,positivo,34,0.0
2520,positivoon,28,0.0
2521,preparatec,23,0.0
2522,preparatec,24,0.0
2523,preparatec,25,0.0
2524,preparatec,26,0.0
2525,preparatec,27,0.0
2526,preparatec,28,0.0
2527,preparatec,31,0.0
2528,preparatec,32,0.0
2529,preparatec,33,0.0
2530,preparatec,35,0.0
2531,preparavest,23,0.0
2532,preparavest,24,0.0
2533,preparavest,25,0.0
2534,preparavest,26,0.0
2535,preparavest,27,0.0
2536,preparavest,28,0.0
2537,preparavest,31,0.0
2538,preparavest,32,0.0
2539,preparavest,33,0.0
2540,preparavest,35,0.0
2541,prevest,34,0.3225806451612903
2542,primeirodemaio,31,0.4387755102040816
2543,primeirodemaio,32,0.12755102040816327
2544,prisma,23,0.0
2545,prisma,24,0.0
2546,prisma,25,0.0
2547,prisma,26,0.0
2548,prisma,27,0.0
2549,prisma,28,0.0
2550,prisma,31,0.0
2551,prisma,32,0.0
2552,prisma,33,0.0
2553,prisma,34,0.0
2554,prisma,35,0.0
2555,prismapatrocinio,23,0.5784615384615385
2556,prismapatrocinio,24,0.5329285380663241
2557,prismapatrocinio,25,0.5783343040186372
2558,prismapatrocinio,26,0.5057471264367817
2559,prismapatrocinio,27,0.40838323353293415
2560,prismapatrocinio,28,0.4214618973561431
2561,prismapatrocinio,30,0.21301775147928995
2562,prismapatrocinio,31,0.57
2563,prismapatrocinio,32,0.45890909090909093
2564,prismapatrocinio,33,0.4713493530499076
2565,prismapatrocinio,34,0.3865884939538292
2566,prismapatrocinio,35,0.4367816091954023
2567,profederal,23,0.1371571072319202
2568,profederal,24,0.18867924528301888
2569,profederal,25,0.14465408805031446
2570,profederal,26,0.0880503144654088
2571,profederal,27,0.12264150943396226
2572,profederal,29,0.0
2573,profederal,30,0.15725806451612903
2574,profederal,31,0.17261904761904762
2575,profederal,32,0.12637362637362637
2576,profederal,33,0.24770642201834864
2577,profederal,34,0.23540856031128404
2578,profederal,35,0.1540130151843818
2579,progressaodc,23,0.4693548387096774
2580,progressaodc,24,0.5363321799307958
2581,progressaodc,25,0.516030534351145
2582,progressaodc,26,0.5009560229445507
2583,progressaodc,27,0.5294117647058824
2584,progressaodc,28,0.43312101910828027
2585,progressaodc,30,0.5148514851485149
2586,progressaodc,31,0.6388888888888888
2587,progressaodc,32,0.57991513437058
2588,progressaodc,33,0.6869391824526421
2589,progressaodc,34,0.7153558052434457
2590,progressaodc,35,0.4482758620689655
2591,progressaoeducacao,30,0.0
2592,progressaoig,23,0.7847058823529411
2593,progressaoig,24,0.6912280701754386
2594,progressaoig,25,0.8647540983606558
2595,progressaoig,26,0.7475961538461539
2596,progressaoig,27,0.7632850241545893
2597,progressaoig,28,0.5465116279069767
2598,progressaoig,30,0.7692307692307693
2599,progressaoig,31,0.7662037037037037
2600,progressaoig,32,0.7166900420757363
2601,progressaoig,33,0.8311787072243346
2602,progressaoig,34,0.7852760736196319
2603,progressaoig,35,0.3157894736842105
2604,projetodeventoempopa,23,0.0
2605,projetodeventoempopa,24,0.0
2606,projetodeventoempopa,25,0.0
2607,projetodeventoempopa,26,0.0
2608,projetodeventoempopa,27,0.0
2609,projetodeventoempopa,28,0.0
2610,projetodeventoempopa,31,0.0
2611,projetodeventoempopa,32,0.0
2612,projetodeventoempopa,33,0.0
2613,projetodeventoempopa,35,0.0
2614,projetogauss,23,0.0
2615,projetogauss,24,0.0
2616,projetogauss,25,0.0
2617,projetogauss,26,0.0
2618,projetogauss,27,0.0
2619,projetogauss,28,0.0
2620,projetogauss,31,0.0
2621,projetogauss,32,0.0
2622,projetogauss,33,0.0
2623,projetogauss,35,0.0
2624,provaspoliedro,23,0.2217238064722845
2625,provaspoliedro,24,0.10954785954785955
2626,provaspoliedro,25,0.15123456790123457
2627,provaspoliedro,26,0.10361613351877608
2628,provaspoliedro,27,0.025974025974025976
2629,provaspoliedro,28,0.05034965034965035
2630,provaspoliedro,30,0.15228940045535036
2631,provaspoliedro,31,0.12727502527805865
2632,provaspoliedro,32,0.08907200313910144
2633,provaspoliedro,33,0.023161713408678668
2634,provaspoliedro,34,0.023144158562107595
2635,provaspoliedro,35,0.006983962752198655
2636,psantagema,23,0.6363636363636364
2637,psantagema,24,0.7264957264957265
2638,psantagema,25,0.6635514018691588
2639,psantagema,26,0.782608695652174
2640,psantagema,32,0.803921568627451
2641,psantagema,33,0.5357142857142857
2642,psantagema,34,0.7272727272727273
2643,psantagema,35,0.7777777777777778
2644,qescola,23,0.0019138755980861245
2645,qescola,24,0.007453416149068323
2646,qescola,25,0.003067484662576687
2647,qescola,26,0.005925925925925926
2648,qescola,27,0.0030581039755351682
2649,qescola,28,0.0
2650,qescola,29,0.11363636363636363
2651,qescola,30,0.03773584905660377
2652,qescola,31,0.015748031496062992
2653,qescola,32,0.003194888178913738
2654,qescola,33,0.06818181818181818
2655,qescola,34,0.0
2656,qescola,35,0.011428571428571429
2657,qi,28,0.0
2658,qi,29,0.0
2659,qi,32,0.0
2660,rede,35,0.0
2661,redeapogeu,23,0.0
2662,redeapogeu,24,0.0
2663,redeapogeu,25,0.0
2664,redeapogeu,27,0.0
2665,redeapogeu,28,0.0
2666,redeapogeu,29,0.0
2667,redeapogeu,30,0.0
2668,redeapogeu,32,0.0
2669,redeapogeu,33,0.0
2670,redeapogeu,34,0.0
2671,redeapogeu,35,0.0
2672,redefilhasdejesus,23,0.0
2673,redefilhasdejesus,24,0.0
2674,redefilhasdejesus,25,0.0
2675,redefilhasdejesus,27,0.0
2676,redefilhasdejesus,28,0.0
2677,redefilhasdejesus,29,0.0
2678,redefilhasdejesus,30,0.0
2679,redefilhasdejesus,32,0.0
2680,redefilhasdejesus,33,0.0
2681,redefilhasdejesus,34,0.0
2682,redefilhasdejesus,35,0.0
2683,redeinspira,23,0.0
2684,redeinspira,24,0.0
2685,redeinspira,25,0.0
2686,redeinspira,27,0.0
2687,redeinspira,32,0.0
2688,redeinspira,34,0.0
2689,redeisaacnewton,23,0.0
2690,redeisaacnewton,24,0.0
2691,redeisaacnewton,25,0.0
2692,redeisaacnewton,26,0.0
2693,redeisaacnewton,27,0.0
2694,redeisaacnewton,28,0.0
2695,redeisaacnewton,31,0.0
2696,redeisaacnewton,32,0.0
2697,redeisaacnewton,33,0.0
2698,redeisaacnewton,35,0.0
2699,reges,23,0.0
2700,reges,24,0.0
2701,reges,25,0.0
2702,reges,26,0.0
2703,reges,27,0.0
2704,reges,28,0.0
2705,reges,31,0.0
2706,reges,32,0.0
2707,relacionamento,23,0.0
2708,relacionamento,24,0.0
2709,relacionamento,25,0.0
2710,relacionamento,26,0.0
2711,relacionamento,27,0.0
2712,relacionamento,28,0.0
2713,relacionamento,30,0.0
2714,relacionamento,31,0.0
2715,relacionamento,32,0.0
2716,riobrancocampinas,23,0.0
2717,riobrancocampinas,24,0.0
2718,riobrancocampinas,25,0.0
2719,riobrancocampinas,27,0.0
2720,riobrancocampinas,28,0.0
2721,riobrancocampinas,29,0.0
2722,riobrancocampinas,30,0.0
2723,riobrancocampinas,32,0.0
2724,riobrancocampinas,33,0.0
2725,riobrancocampinas,34,0.0
2726,riobrancocampinas,35,0.0
2727,saberviver,32,0.09223300970873786
2728,saea,23,0.0
2729,saea,24,0.0
2730,saea,25,0.0
2731,saea,27,0.0
2732,saea,28,0.0
2733,saea,29,0.0
2734,saea,30,0.0
2735,saea,32,0.0
2736,saea,33,0.0
2737,saea,34,0.0
2738,saea,35,0.0
2739,saedigital,30,0.0
2740,sagradafamilia,33,0.17647058823529413
2741,sagradafamilia,34,0.29955947136563876
2742,santacruz,23,0.0
2743,santacruz,24,0.0
2744,santacruz,25,0.0
2745,santacruz,27,0.0
2746,santacruz,28,0.0
2747,santacruz,29,0.0
2748,santacruz,30,0.0
2749,santacruz,32,0.0
2750,santacruz,33,0.0
2751,santacruz,34,0.0
2752,santacruz,35,0.0
2753,santadoroteia,23,0.05555555555555555
2754,santadoroteia,33,0.06666666666666667
2755,santadoroteia,34,0.075
2756,santamarcelina,23,0.0
2757,santamarcelina,24,0.0
2758,santamarcelina,25,0.0
2759,santamarcelina,27,0.0
2760,santamarcelina,28,0.0
2761,santamarcelina,29,0.0
2762,santamarcelina,30,0.0
2763,santamarcelina,32,0.0
2764,santamarcelina,33,0.0
2765,santamarcelina,34,0.0
2766,santamarcelina,35,0.0
2767,santamaria,23,0.0
2768,santamaria,24,0.0
2769,santamaria,25,0.0
2770,santamaria,27,0.0
2771,santamaria,28,0.0
2772,santamaria,29,0.0
2773,santamaria,30,0.0
2774,santamaria,32,0.0
2775,santamaria,33,0.0
2776,santamaria,34,0.0
2777,santamaria,35,0.0
2778,santamariacn,25,0.7295081967213115
2779,santamariacn,26,0.5136612021857924
2780,santamariacn,27,0.5523809523809524
2781,santamariacn,28,0.7017543859649122
2782,santamariacn,29,0.6927374301675978
2783,santamariacn,30,0.8032786885245902
2784,santamariacn,31,0.3407821229050279
2785,santamariacn,32,0.8
2786,santamariacn,33,0.3333333333333333
2787,santamariacn,34,0.05263157894736842
2788,santoagostinho,23,0.0
2789,santoagostinho,24,0.0
2790,santoagostinho,25,0.0
2791,santoagostinho,27,0.0
2792,santoagostinho,28,0.0
2793,santoagostinho,29,0.0
2794,santoagostinho,30,0.0
2795,santoagostinho,32,0.0
2796,santoagostinho,33,0.0
2797,santoagostinho,34,0.0
2798,santoagostinho,35,0.0
2799,santoagostinholeblon,23,0.0
2800,santoagostinholeblon,24,0.0
2801,santoagostinholeblon,25,0.0
2802,santoagostinholeblon,27,0.0
2803,santoagostinholeblon,28,0.0
2804,santoagostinholeblon,29,0.0
2805,santoagostinholeblon,30,0.0
2806,santoagostinholeblon,32,0.0
2807,santoagostinholeblon,33,0.0
2808,santoagostinholeblon,34,0.0
2809,santoagostinholeblon,35,0.0
2810,santoagostinhomg,23,0.0
2811,santoagostinhomg,24,0.0
2812,santoagostinhomg,25,0.0
2813,santoagostinhomg,27,0.0
2814,santoagostinhomg,28,0.0
2815,santoagostinhomg,29,0.0
2816,santoagostinhomg,30,0.0
2817,santoagostinhomg,32,0.0
2818,santoagostinhomg,33,0.0
2819,santoagostinhomg,34,0.0
2820,santoagostinhomg,35,0.0
2821,santoamerico,23,0.7405372405372406
2822,santoamerico,24,0.6695652173913044
2823,santoamerico,25,0.6389891696750902
2824,santoamerico,26,0.04891304347826087
2825,santoamerico,27,0.01126028583802512
2826,santoamerico,28,0.0
2827,santoamerico,29,0.0
2828,santoamerico,30,0.11829134720700986
2829,santoamerico,31,0.3436268068331143
2830,santoamerico,32,0.35811467444120504
2831,santoamerico,33,0.40577507598784196
2832,santoamerico,34,0.3484848484848485
2833,santoamerico,35,0.06097560975609756
2834,santoamericoteste,23,0.0
2835,santoamericoteste,24,0.0
2836,santoamericoteste,25,0.0
2837,santoamericoteste,27,0.0
2838,santoamericoteste,28,0.0
2839,santoamericoteste,29,0.0
2840,santoamericoteste,30,0.0
2841,santoamericoteste,32,0.0
2842,santoamericoteste,33,0.0
2843,santoamericoteste,34,0.0
2844,santoamericoteste,35,0.0
2845,santoantonio,23,0.0
2846,santoantonio,24,0.0
2847,santoantonio,25,0.0
2848,santoantonio,27,0.0
2849,santoantonio,28,0.0
2850,santoantonio,29,0.0
2851,santoantonio,30,0.0
2852,santoantonio,32,0.0
2853,santoantonio,33,0.0
2854,santoantonio,34,0.0
2855,santoantonio,35,0.0
2856,saobento,23,0.0
2857,saobento,24,0.0
2858,saobento,25,0.0
2859,saobento,27,0.0
2860,saobento,28,0.0
2861,saobento,29,0.0
2862,saobento,30,0.0
2863,saobento,32,0.0
2864,saobento,33,0.0
2865,saobento,34,0.0
2866,saobento,35,0.0
2867,saojosecaxiasdosul,23,0.0
2868,saojosecaxiasdosul,24,0.0
2869,saojosecaxiasdosul,25,0.0
2870,saojosecaxiasdosul,27,0.0
2871,saojosecaxiasdosul,28,0.0
2872,saojosecaxiasdosul,29,0.0
2873,saojosecaxiasdosul,30,0.0
2874,saojosecaxiasdosul,32,0.0
2875,saojosecaxiasdosul,33,0.0
2876,saojosecaxiasdosul,34,0.0
2877,saojosecaxiasdosul,35,0.0
2878,saoluiz,23,0.0
2879,saoluiz,24,0.0
2880,saoluiz,25,0.0
2881,saoluiz,27,0.0
2882,saoluiz,28,0.0
2883,saoluiz,29,0.0
2884,saoluiz,30,0.0
2885,saoluiz,32,0.0
2886,saoluiz,33,0.0
2887,saoluiz,34,0.0
2888,saoluiz,35,0.0
2889,sas,23,0.0
2890,sas,24,0.0
2891,sas,25,0.0
2892,sas,27,0.0
2893,sas,28,0.0
2894,sas,29,0.0
2895,sas,30,0.25
2896,sas,31,0.0
2897,sas,32,0.022727272727272728
2898,sas,33,0.0
2899,sas,34,0.0
2900,sas,35,0.0
2901,sasadapt,23,0.0
2902,sasadapt,24,0.0
2903,sasadapt,25,0.25
2904,sasadapt,27,0.0
2905,sasadapt,28,0.0
2906,sasadapt,29,0.0
2907,sasadapt,30,0.0
2908,sasadapt,32,0.0
2909,sasadapt,33,0.0
2910,sasadapt,34,0.0
2911,sasadapt,35,0.0
2912,sasadaptem,23,0.0
2913,sasadaptem,24,0.0
2914,sasadaptem,25,0.0
2915,sasadaptem,27,0.0
2916,sasadaptem,28,0.0
2917,sasadaptem,29,0.0
2918,sasadaptem,30,0.0
2919,sasadaptem,32,0.0
2920,sasadaptem,33,0.0
2921,sasadaptem,34,0.0
2922,sasadaptem,35,0.0
2923,sasadaptfund,23,0.0
2924,sasadaptfund,24,0.0
2925,sasadaptfund,25,0.0
2926,sasadaptfund,27,0.0
2927,sasadaptfund,28,0.0
2928,sasadaptfund,29,0.0
2929,sasadaptfund,30,0.0
2930,sasadaptfund,32,0.0
2931,sasadaptfund,33,0.0
2932,sasadaptfund,34,0.0
2933,sasadaptfund,35,0.0
2934,sasadaptrelatorios,23,0.0
2935,sasadaptrelatorios,24,0.0
2936,sasadaptrelatorios,25,0.0
2937,sasadaptrelatorios,27,0.0
2938,sasadaptrelatorios,28,0.0
2939,sasadaptrelatorios,29,0.0
2940,sasadaptrelatorios,30,0.0
2941,sasadaptrelatorios,32,0.0
2942,sasadaptrelatorios,33,0.0
2943,sasadaptrelatorios,34,0.0
2944,sasadaptrelatorios,35,0.0
2945,saseducacao,23,0.05
2946,saseducacao,24,0.0
2947,saseducacao,25,0.0
2948,saseducacao,27,0.0
2949,saseducacao,28,0.0
2950,saseducacao,29,0.0
2951,saseducacao,30,0.0
2952,saseducacao,32,0.0
2953,saseducacao,33,0.0
2954,saseducacao,34,0.0
2955,saseducacao,35,0.0
2956,seletivoeducallis,23,0.09090909090909091
2957,seletivoeducallis,26,0.07142857142857142
2958,seletivoeducallis,28,0.14285714285714285
2959,seletivoeducallis,32,0.0
2960,seletivoeducallis,34,0.0
2961,serios,23,0.0
2962,serios,24,0.0
2963,serios,25,0.0
2964,serios,27,0.0
2965,serios,28,0.0
2966,serios,29,0.0
2967,serios,30,0.0
2968,serios,32,0.0
2969,serios,33,0.0
2970,serios,34,0.0
2971,serios,35,0.0
2972,simbios,23,0.22134387351778656
2973,simbios,33,0.003952569169960474
2974,simbios,34,0.0
2975,simuladoita,23,0.0
2976,simuladoita,24,0.0
2977,simuladoita,25,0.0
2978,simuladoita,26,0.01631321370309951
2979,simuladoita,27,0.0
2980,simuladoita,28,0.0
2981,simuladoita,29,0.0
2982,simuladoita,30,0.0
2983,simuladoita,32,0.0
2984,simuladoita,34,0.0
2985,sistemaprima,23,0.0
2986,sistemaprima,24,0.0
2987,sistemaprima,25,0.0
2988,sistemaprima,26,0.0
2989,sistemaprima,27,0.0
2990,sistemaprima,28,0.0
2991,sistemaprima,31,0.0
2992,sistemaprima,32,0.0
2993,sistemaprima,33,0.0
2994,sistemaprima,35,0.0
2995,sme,23,0.0
2996,sme,24,0.0
2997,sme,25,0.0
2998,sme,26,0.0
2999,sme,34,0.0
3000,sobral,29,0.0
3001,solarcursinho,25,0.0
3002,solarcursinho,33,0.0
3003,solarcursinho,35,0.0
3004,souhabilis,23,0.18791946308724833
3005,souhabilis,24,0.19463087248322147
3006,souhabilis,25,0.05063291139240506
3007,souhabilis,26,0.1558011049723757
3008,souhabilis,29,0.2430939226519337
3009,souhabilis,30,0.12890625
3010,souhabilis,31,0.13545816733067728
3011,souhabilis,32,0.08787878787878788
3012,souhabilis,33,0.08287292817679558
3013,souhabilis,34,0.04672897196261682
3014,souhabilis,35,0.1878453038674033
3015,spdacruz,23,0.6794871794871795
3016,spdacruz,24,0.8537886872998933
3017,spdacruz,25,0.8884223155368927
3018,spdacruz,26,0.47297297297297297
3019,spdacruz,27,0.0
3020,spdacruz,28,0.0
3021,spdacruz,30,0.0
3022,spdacruz,31,0.4814004376367615
3023,spdacruz,32,0.7563419981208894
3024,spdacruz,33,0.8223653934652554
3025,spdacruz,34,0.5
3026,spdacruz,35,0.10344827586206896
3027,stellamarisaguaverde,23,0.6264591439688716
3028,stellamarisaguaverde,24,0.5969696969696969
3029,stellamarisaguaverde,25,0.40145985401459855
3030,stellamarisaguaverde,26,0.36666666666666664
3031,stellamarisaguaverde,33,0.44711538461538464
3032,stellamarisaguaverde,34,0.4634146341463415
3033,stellamarisaguaverde,35,0.28804347826086957
3034,stellamarisjuveve,23,0.7179941002949852
3035,stellamarisjuveve,24,0.6713034518289541
3036,stellamarisjuveve,25,0.38411739318083726
3037,stellamarisjuveve,26,0.2084472804618657
3038,stellamarisjuveve,27,0.6551724137931034
3039,stellamarisjuveve,29,0.12095141700404859
3040,stellamarisjuveve,31,0.17307692307692307
3041,stellamarisjuveve,32,0.37027027027027026
3042,stellamarisjuveve,33,0.47834456207892206
3043,stellamarisjuveve,34,0.4658981748318924
3044,stellamarisjuveve,35,0.29508196721311475
3045,stellamarisxaxim,23,0.6059479553903345
3046,stellamarisxaxim,24,0.31770222743259086
3047,stellamarisxaxim,25,0.26944757609921083
3048,stellamarisxaxim,26,0.16808059384941676
3049,stellamarisxaxim,27,1.0
3050,stellamarisxaxim,29,0.1951219512195122
3051,stellamarisxaxim,31,0.16666666666666666
3052,stellamarisxaxim,32,0.37894736842105264
3053,stellamarisxaxim,33,0.5658153241650294
3054,stellamarisxaxim,34,0.5146067415730337
3055,stellamarisxaxim,35,0.3518930957683742
3056,studos,30,0.3333333333333333
3057,testevictorhugo,32,0.0
3058,testevictorhugo,35,0.0
3059,tomasdeaquino,23,0.0
3060,tomasdeaquino,24,0.0
3061,tomasdeaquino,25,0.0
3062,tomasdeaquino,27,0.0
3063,tomasdeaquino,28,0.0
3064,tomasdeaquino,29,0.0
3065,tomasdeaquino,30,0.0
3066,tomasdeaquino,32,0.0
3067,tomasdeaquino,33,0.0
3068,tomasdeaquino,34,0.0
3069,tomasdeaquino,35,0.0
3070,topguncolombo,23,0.0
3071,topguncolombo,25,0.0
3072,topguncolombo,27,0.0
3073,topguncolombo,30,0.0
3074,topguncolombo,33,0.0
3075,topguncolombo,34,0.0
3076,topguncolombo,35,0.0
3077,uirapuru,30,0.0
3078,universitariolondrina,23,0.36833229786101
3079,universitariolondrina,24,0.33724644625459194
3080,universitariolondrina,25,0.15439657716140454
3081,universitariolondrina,26,0.1407292954264524
3082,universitariolondrina,27,0.11037834085387019
3083,universitariolondrina,28,0.023148148148148147
3084,universitariolondrina,29,0.02089864158829676
3085,universitariolondrina,30,0.2304865938430983
3086,universitariolondrina,31,0.4385459533607682
3087,universitariolondrina,32,0.5150278293135436
3088,universitariolondrina,33,0.5104025327905924
3089,universitariolondrina,34,0.24093069802351763
3090,universitariolondrina,35,0.2746585735963581
3091,universobarcarena,23,0.5204791344667697
3092,universobarcarena,24,0.39239598278335724
3093,universobarcarena,25,0.29944468175993166
3094,universobarcarena,26,0.12396694214876033
3095,universobarcarena,27,0.0
3096,universobarcarena,28,0.2034313725490196
3097,universobarcarena,29,0.23134328358208955
3098,universobarcarena,30,0.1769983686786297
3099,universobarcarena,31,0.1837804502004317
3100,universobarcarena,34,0.2619047619047619
3101,universobarcarena,35,0.0847457627118644
3102,veracruz,23,0.0
3103,veracruz,24,0.0
3104,veracruz,25,0.0
3105,veracruz,27,0.0
3106,veracruz,28,0.0
3107,veracruz,29,0.0
3108,veracruz,30,0.0
3109,veracruz,32,0.0
3110,veracruz,33,0.0
3111,veracruz,34,0.0
3112,veracruz,35,0.0
3113,vertice,23,0.0
3114,vertice,24,0.0
3115,vertice,25,0.0
3116,vertice,27,0.0
3117,vertice,28,0.0
3118,vertice,29,0.0
3119,vertice,30,0.0
3120,vertice,32,0.0
3121,vertice,33,0.0
3122,vertice,34,0.0
3123,vertice,35,0.0
3124,villalobos,23,0.7054054054054054
3125,villalobos,24,0.5974607916355489
3126,villalobos,25,0.5197044334975369
3127,villalobos,26,0.48295454545454547
3128,villalobos,27,0.46875
3129,villalobos,28,0.0
3130,villalobos,30,0.7181818181818181
3131,villalobos,31,0.7108843537414966
3132,villalobos,32,0.658273381294964
3133,villalobos,33,0.6387362637362637
3134,villalobos,34,0.5190156599552572
3135,villalobos,35,0.5490981963927856
3136,visaorecife,23,0.0
3137,visaorecife,24,0.0
3138,visaorecife,25,0.0
3139,visaorecife,27,0.0
3140,visaorecife,28,0.0
3141,visaorecife,29,0.0
3142,visaorecife,30,0.0
3143,visaorecife,32,0.0
3144,visaorecife,33,0.0
3145,visaorecife,34,0.0
3146,visaorecife,35,0.0
3147,vitae,28,0.0
3148,vitalbrazil,23,0.0
3149,vitalbrazil,24,0.0
3150,vitalbrazil,25,0.0
3151,vitalbrazil,27,0.0
3152,vitalbrazil,28,0.0
3153,vitalbrazil,29,0.0
3154,vitalbrazil,30,0.0
3155,vitalbrazil,32,0.0
3156,vitalbrazil,33,0.0
3157,vitalbrazil,34,0.0
3158,vitalbrazil,35,0.0
3159,wilsondeandradebarreto,35,0.0
